"C","CPI AND INFLATION RATES FOR JANUARY 2012","",""
"K","enya National Bureau of Statistics hereby releases Consumer Price Indices (CPI) and rates","",""
"","of  inflation  for  January  2012.  These  numbers  have  been  generated  using  data  collected","",""
"","within  the  second  and  third  weeks  of  the  month  under  review.  The  prices  were  obtained","",""
"","from selected retail outlets in 25 data collection zones located in 13 urban centers.","",""
"A","s  reflected  in  Table  1  and  Table  2,  the  CPI  increased  by  0.56  per  cent  from  130.09  in","",""
"","December  2011  to  130.82  in  January  2012.  The  overall  inflation  rate  stood  at  18.31  per","",""
"cent in January 2012.","","",""
"T
Table 1: One Month and Twelve Months’ Changes in the Price Indices","","",""
"Broad Commodity Group","CPI","% Change on","% Change on"
