"","Weight","January 2012","Previous Year"
"","","/December","(January"
"","","2011)","2012/"
"","","","January"
"","","","2011)"
"Food & Non-Alcoholic Beverages","36.04","0.58","24.58"
"Alcoholic Beverages, Tobacco & Narcotics","2.06","0.77","16.43"
"Clothing & Footwear","7.43","0.76","11.56"
"Housing, Water, Electricity, Gas and other","","",""
"Fuels","18.30","0.49","14.72"
"Furnishings, Household Equipment","","",""
"and Routine Household Maintenance","6.16","0.85","13.25"
"Health","3.13","1.16","7.11"
"Transport","8.66","-1.47","22.42"
"Communication","3.82","-0.02","7.29"
"Recreation & Culture","2.25","1.86","11.71"
"Education","3.14","4.26","5.66"
"Restaurant & Hotels","4.48","0.96","19.95"
"Miscellaneous Goods & Services","4.52","1.03","12.07"
"Total","100.00","0.56","18.31"
