"Broad Commodity Group","CPI","% Change on","% Change on same"
"","Weight","last month","month of"
"","","(January2014/","previous year"
"","","December","(January 2014/"
"","","2013)","January 2013)"
"Food & Non-Alcoholic Beverages","36.04","1.00","10.14"
"Alcoholic Beverages, Tobacco &","","",""
"Narcotics","2.06","0.49","7.71"
"Clothing & Footwear","7.43","0.60","5.01"
"Housing, Water, Electricity, Gas and","","",""
"other Fuels","18.30","0.87","4.82"
"Furnishings, Household Equipment","","",""
"and Routine Household Maintenance","6.16","0.37","5.18"
"Health","3.13","1.38","5.62"
"Transport","8.66","1.95","6.77"
"Communication","3.82","0.04","-3.32"
"Recreation & Culture","2.25","2.93","12.12"
"Education","3.14","3.70","4.27"
"Restaurant & Hotels","4.48","1.18","7.34"
"Miscellaneous Goods & Services","4.52","0.51","4.76"
"","100.00","",""
"Total","","1.08","7.21"
