"T","able 3: National Average Retail Prices of Selected Commodities","","","","",""
"","","Average","Average","Average","%","% change"
"","","Price","Price","Price","change","on same"
"","Units of","January","December","January","on last","month last"
"Commodity Name","Measure","2013","2013","2014","month","year"
"Tomatoes","1 Kg","72.78","67.05","81.28","21.23","11.68"
"Onions","1 Kg","101.38","107.92","114.53","6.12","12.97"
"Potatoes (Irish)","1 Kg","55.47","51.21","52.05","1.63","-6.17"
"Mangoes","1 Kg","73.11","63.57","60.69","-4.53","-17.00"
"Kale-Sukuma Wiki","1 Kg","34.08","43.83","45.01","2.71","32.06"
"Beef - With Bones","1 Kg","331.49","354.40","355.98","0.44","7.39"
"Electricity","50 Kwh","568.00","517.2","526.70","1.84","-7.27"
"Gas (LPG)","13 Kg","2,630.73","2,876.00","2,995.22","4.15","13.86"
"Kerosene","1 litre","83.49","83.93","85.81","2.24","2.78"
"Petrol","1 litre","112.86","110.82","111.98","1.05","-0.77"
"Diesel","1 litre","106.20","105.39","106.26","0.82","0.05"
