"C","ONSUMER PRICE INDICES AND INFLATION RATES FOR JANUARY 2018",""
"K","enya  National  Bureau  of  Statistics  hereby  releases  monthly  Consumer  Price",""
"Indices  (CPI)  and  rates  of  inflation,  for  January,  2018.  These  numbers  were","",""
"generated  by  conducting  a  survey  of  retail  prices  for  a  basket  of  household","",""
"consumption goods and services, during the second and third weeks of the month","",""
"under  review.  The  prices  were  obtained  from  selected  retail  outlets  in  25  data","",""
"collection zones spread across Nairobi and 13 other urban centers.","",""
"A","s shown in Tables 1 and 2, the CPI increased by 1.32 per cent from 183.05 in",""
"December  2017  to  185.47  in  January  2018.  The  overall  year  on  year  inflation","",""
"stood at 4.83 per cent in January 2018.","",""
"Table 1: One Month and Twelve Months’ Changes in the Price Indices","",""
"Broad Commodity Group","Weight  % Change on last","% Change on same"
"","","month of previous year"
"","month (January",""
