"Table 1: One Month and Twelve Months’ Changes in the Price Indices","","","",""
"Broad Commodity Group","","Weight  % Change on last","","% Change on same"
"","","","","month of previous year"
"","","month (January","",""
"","","","","(January 2018/"
"","","2018/ December","",""
"","","2017)","","January 2017)"
"Food and Non-Alcoholic Beverages","36.04","","1.69","4.71"
"Alcoholic Beverages, Tobacco and","","","0.53","3.03"
"","2.06","","",""
"Narcotics","","","",""
"Clothing and Footwear","7.43","","0.69","3.61"
"Housing, Water, Electricity, Gas and","","","0.90","5.74"
"","18.3","","",""
"other Fuels","","","",""
"Furnishings, Household Equipment","","","0.54","3.62"
"","6.16","","",""
"and Routine Household Maintenance","","","",""
"Health","3.13","","0.35","4.26"
"Transport","8.66","","1.53","6.80"
"Communication","3.82","","0.07","0.59"
"Recreation and Culture","2.25","","0.22","1.67"
"Education","3.14","","4.42","5.38"
"Restaurant and Hotels","4.48","","0.39","7.03"
"Miscellaneous Goods and Services","4.52","","0.76","4.11"
"Total","100","","1.32","4.83"
