"","Weight %","% Change on last","","% Change on same"
"","","","month (November","month of the"
"","","2022/","","previous year"
"","","October 2022)","","(November 2022/"
"","","","","November 2021)"
"13 COICOP Divisions","","","",""
"Food and Non-Alcoholic Beverages","32.9094","","0.6","15.4"
"Alcoholic Beverages, Tobacco and Narcotics","3.3289","","1.0","7.2"
"Clothing and Footwear","2.9914","","0.5","2.8"
"Housing, Water, Electricity, Gas and Other Fuels","14.6124","","-0.4","6.1"
"Furnishings, Household Equipment and Routine","","","",""
"Household Maintenance","3.7372","","0.3","10.6"
"Health","2.9116","","0.2","1.7"
"Transport","9.6468","","-0.1","11.7"
"Information and Communication","7.7840","","0.1","1.1"
"Recreation, Sport and Culture","1.7219","","0.3","4.0"
"Education Services","5.5620","","0.2","1.3"
"Restaurants and Accommodation Services","8.0991","","0.9","6.2"
"Insurance and Financial Services","2.2423","","0.8","1.3"
"Personal Care, Social Protection and Miscellaneous","","","",""
"Goods and Services","4.4532","","1.0","7.0"
"Total","100.00","","0.3","9.5"
