"Petrol","1 Litre","130.54","179.06","178.05","(0.6)","36.4"
"The Housing, Water, Electricity, Gas and Other Fuels’ Index, decreased by 0.4 per","","","","","",""
"cent between October 2022 and November 2022. This was mainly due to drop in","","","","","",""
"prices  of  50  Kilowatts  electricity  units,  200  Kilowatts  electricity  units,  gas/LPG","","","","","",""
"and kerosene by 4.7, 3.6, 2.6 and 0.7 per cent, respectively.","","","","","",""
"T","he  Transport  Index  decreased  slightly  by  0.1  per  cent  between  October  2022","","","","",""
"and November 2022 due to a drop in the prices of diesel and petrol by 0.6 per","","","","","",""
"cent. However, the prices of diesel and petrol in November 2022 were still high","","","","","",""
"compared to November 2021 prices.","","","","","",""
