"C","ONSUMER PRICE INDICES AND INFLATION RATES FOR NOVEMBER 2022"
"T","he overall year on year inflation rate as measured by the Consumer Price Index"
"(CPI) was 9.5 per cent, in November 2022. As presented in Tables 1 and 2, the",""
"rise in inflation was largely due to increase in prices of commodities under food",""
"and  non-alcoholic  beverages  (15.4%);  transport  (11.7%)  and  housing,  water,",""
"electricity,  gas  and  other  fuels  (6.1%)  between  November  2021  and  November",""
"2022.  These three divisions account for over 57 per cent of the weights of the 13",""
"broad categories.  Prices of commodities under furnishings, household equipment",""
"and routine household maintenance recorded a 10.6 per cent  increase  over the",""
"period.",""
"T","he CPI increased by 0.3 per cent from an index of 127.86 in October 2022 to"
"128.31","in  November  2022.  The  month-to-month  Food  and  Non-Alcoholic"
"Beverages Index increased by 0.6 per cent between October 2022 and November",""
"2022.",""
