"","Table 1: One Month and twelve months Change in Price Indices",""
"Broad Item Group","% Change on","% Change on Previous"
"","Previous month","year ( January"
"","( January","08/January 07 )"
"","08/December",""
"","07 )",""
"Food & Non-alcoholic drink","12.4","24.6"
"Alcohol & Tobacco","1.8","12.8"
"Clothing & Footwear","0.7","3.6"
"Housing Costs","0.9","5.2"
"Fuel & Power","4.7","10.6"
"Household Goods & Services","0.7","5.4"
"Medical Goods and Services","1.3","3.6"
"Transport & Communication","7.7","17.8"
"Recreation & Education","1.8","2.7"
"Personal Goods","0.4","4.4"
"Average all Groups","8.8","18.2"
