,Unnamed: 0.1,name,capital,code,sub_counties,sub_counties_lower,Place_county_or_subcounty,total_and_gender,number,dont_know_number,dont_know_number_percent,not_stated_number,at_school_or_learning_institution_number,at_school_or_learning_institution_pct,after_completion_number,after_completion_pct,before_completion_number,before_completion_pct,never_been_to_school_or_learning_institution_number,never_been_to_school_or_learning_institution_pct,Unnamed: 0,male_Place_county_or_subcounty,male_total_and_gender,male_number,male_at_school_or_learning_institution_number_and_percent,male_after_completion_number_and_percent,male_before_completion_number_and_percent,male_never_been_to_school_or_learning_institution_number_and_percent,male_dont_know_number,male_dont_know_number_percent,male_not_stated_number,male_at_school_or_learning_institution_number,male_at_school_or_learning_institution_pct,male_after_completion_number,male_after_completion_pct,male_before_completion_number,male_before_completion_pct,male_never_been_to_school_or_learning_institution_number,male_never_been_to_school_or_learning_institution_pct,Unnamed: 19,female_male_Place_county_or_subcounty,female_male_total_and_gender,female_male_number,female_male_at_school_or_learning_institution_number_and_percent,female_male_after_completion_number_and_percent,female_male_before_completion_number_and_percent,female_male_never_been_to_school_or_learning_institution_number_and_percent,female_male_dont_know_number,female_male_dont_know_number_percent,female_male_not_stated_number,female_male_at_school_or_learning_institution_number,female_male_at_school_or_learning_institution_pct,female_male_after_completion_number,female_male_after_completion_pct,female_male_before_completion_number,female_male_before_completion_pct,female_male_never_been_to_school_or_learning_institution_number,female_male_never_been_to_school_or_learning_institution_pct,male_Place_county_or_subcounty_lower
10,459,Baringo,Kabarnet,,,,BARINGO,BARINGO,"609,555","6,530",1.1,44,"253,878",41.6,"124,066",20.4,"67,739",11.1,"157,298",25.8,704,BARINGO,Male,"306,702","130,797 42.6","64,231 20.9","32,867 10.7","75,333 24.6","3,456",1.1,18,"130,797",42.6,"64,231",20.9,"32,867",10.7,"75,333",24.6,704,BARINGO,Male,"306,702","130,797 42.6","64,231 20.9","32,867 10.7","75,333 24.6","3,456",1.1,18,"130,797",42.6,"64,231",20.9,"32,867",10.7,"75,333",24.6,baringo
14,485,Bomet,Bomet,36.0,,,BOMET,BOMET,"810,122","6,730",0.8,75,"400,330",49.4,"169,658",20.9,"160,702",19.8,"72,627",9,848,BOMET,Male,"400,694","205,930 51.4","88,746 22.1","72,327 18.1","30,078 7.5","3,572",0.9,41,"205,930",51.4,"88,746",22.1,"72,327",18.1,"30,078",7.5,848,BOMET,Male,"400,694","205,930 51.4","88,746 22.1","72,327 18.1","30,078 7.5","3,572",0.9,41,"205,930",51.4,"88,746",22.1,"72,327",18.1,"30,078",7.5,bomet
21,492,Bungoma,Bungoma,39.0,,,BUNGOMA,BUNGOMA,"1,538,767","15,673",1,139,"782,677",50.9,"264,282",17.2,"324,058",21.1,"151,938",9.9,929,BUNGOMA,Male,"745,883","396,144 53.1","133,462 17.9","140,682 18.9","67,323 9.0","8,198",1.1,74,"396,144",53.1,"133,462",17.9,"140,682",18.9,"67,323",9,929,BUNGOMA,Male,"745,883","396,144 53.1","133,462 17.9","140,682 18.9","67,323 9.0","8,198",1.1,74,"396,144",53.1,"133,462",17.9,"140,682",18.9,"67,323",9,bungoma
29,502,Busia,Busia,40.0,,,BUSIA,BUSIA,"820,788","5,512",0.7,74,"405,072",49.4,"136,790",16.7,"170,347",20.8,"102,993",12.5,968,BUSIA,Male,"388,748","202,993 52.2","70,030 18.0","73,630 18.9","39,069 10.0","2,991",0.8,35,"202,993",52.2,"70,030",18.0,"73,630",18.9,"39,069",10,968,BUSIA,Male,"388,748","202,993 52.2","70,030 18.0","73,630 18.9","39,069 10.0","2,991",0.8,35,"202,993",52.2,"70,030",18.0,"73,630",18.9,"39,069",10,busia
30,503,Busia,Busia,40.0,,,BUSIA,BUSIA,"820,788","5,512",0.7,74,"405,072",49.4,"136,790",16.7,"170,347",20.8,"102,993",12.5,974,BUSIA,Male,"60,908","30,010 49.3","13,115 21.5","11,384 18.7","5,829 9.6",550,0.9,20,"30,010",49.3,"13,115",21.5,"11,384",18.7,"5,829",9.6,974,BUSIA,Male,"60,908","30,010 49.3","13,115 21.5","11,384 18.7","5,829 9.6",550,0.9,20,"30,010",49.3,"13,115",21.5,"11,384",18.7,"5,829",9.6,busia
31,504,Busia,Busia,40.0,,,BUSIA,BUSIA,"128,002","1,010",0.8,38,"60,486",47.3,"25,528",19.9,"25,909",20.2,"15,031",11.7,968,BUSIA,Male,"388,748","202,993 52.2","70,030 18.0","73,630 18.9","39,069 10.0","2,991",0.8,35,"202,993",52.2,"70,030",18.0,"73,630",18.9,"39,069",10,968,BUSIA,Male,"388,748","202,993 52.2","70,030 18.0","73,630 18.9","39,069 10.0","2,991",0.8,35,"202,993",52.2,"70,030",18.0,"73,630",18.9,"39,069",10,busia
32,505,Busia,Busia,40.0,,,BUSIA,BUSIA,"128,002","1,010",0.8,38,"60,486",47.3,"25,528",19.9,"25,909",20.2,"15,031",11.7,974,BUSIA,Male,"60,908","30,010 49.3","13,115 21.5","11,384 18.7","5,829 9.6",550,0.9,20,"30,010",49.3,"13,115",21.5,"11,384",18.7,"5,829",9.6,974,BUSIA,Male,"60,908","30,010 49.3","13,115 21.5","11,384 18.7","5,829 9.6",550,0.9,20,"30,010",49.3,"13,115",21.5,"11,384",18.7,"5,829",9.6,busia
48,394,Embu,Embu,14.0,,,EMBU,EMBU,"568,228","2,404",0.4,51,"205,389",36.1,"180,500",31.8,"131,329",23.1,"48,555",8.5,284,EMBU,Male,"283,024","104,132 36.8","90,744 32.1","67,774 23.9","18,822 6.7","1,530",0.5,22,"104,132",36.8,"90,744",32.1,"67,774",23.9,"18,822",6.7,284,EMBU,Male,"283,024","104,132 36.8","90,744 32.1","67,774 23.9","18,822 6.7","1,530",0.5,22,"104,132",36.8,"90,744",32.1,"67,774",23.9,"18,822",6.7,embu
58,36,Garissa,Garissa,7.0,Garissa,garissa,GARISSA,GARISSA,"778,006","27,479",3.5,155,"132,990",17.1,"23,144",3.0,"9,508",1.2,"584,730",75.2,110,GARISSA,Male,"425,411","77,489 18.2","15,400 3.6","5,309 1.2","311,556 73.2","15,564",3.7,93,"77,489",18.2,"15,400",3.6,"5,309",1.2,"311,556",73.2,110,GARISSA,Male,"425,411","77,489 18.2","15,400 3.6","5,309 1.2","311,556 73.2","15,564",3.7,93,"77,489",18.2,"15,400",3.6,"5,309",1.2,"311,556",73.2,garissa
59,37,Garissa,Garissa,7.0,Garissa,garissa,GARISSA,GARISSA,"778,006","27,479",3.5,155,"132,990",17.1,"23,144",3.0,"9,508",1.2,"584,730",75.2,122,GARISSA,Male,"75,234","22,526 29.9","7,644 10.2","2,271 3.0","39,777 52.9","2,994",4,22,"22,526",29.9,"7,644",10.2,"2,271",3,"39,777",52.9,122,GARISSA,Male,"75,234","22,526 29.9","7,644 10.2","2,271 3.0","39,777 52.9","2,994",4,22,"22,526",29.9,"7,644",10.2,"2,271",3,"39,777",52.9,garissa
60,38,Garissa,Garissa,7.0,Garissa,garissa,GARISSA,GARISSA,"148,891","5,898",4,48,"40,562",27.2,"12,093",8.1,"4,244",2.9,"86,046",57.8,110,GARISSA,Male,"425,411","77,489 18.2","15,400 3.6","5,309 1.2","311,556 73.2","15,564",3.7,93,"77,489",18.2,"15,400",3.6,"5,309",1.2,"311,556",73.2,110,GARISSA,Male,"425,411","77,489 18.2","15,400 3.6","5,309 1.2","311,556 73.2","15,564",3.7,93,"77,489",18.2,"15,400",3.6,"5,309",1.2,"311,556",73.2,garissa
61,39,Garissa,Garissa,7.0,Garissa,garissa,GARISSA,GARISSA,"148,891","5,898",4,48,"40,562",27.2,"12,093",8.1,"4,244",2.9,"86,046",57.8,122,GARISSA,Male,"75,234","22,526 29.9","7,644 10.2","2,271 3.0","39,777 52.9","2,994",4,22,"22,526",29.9,"7,644",10.2,"2,271",3,"39,777",52.9,122,GARISSA,Male,"75,234","22,526 29.9","7,644 10.2","2,271 3.0","39,777 52.9","2,994",4,22,"22,526",29.9,"7,644",10.2,"2,271",3,"39,777",52.9,garissa
72,513,Homa Bay,Homa Bay,43.0,,,HOMA BAY,HOMA BAY,"1,037,468","6,627",0.6,81,"539,753",52,"196,288",18.9,"200,313",19.3,"94,406",9.1,1037,HOMA BAY,Male,"491,680","274,952 55.9","98,363 20.0","79,996 16.3","34,878 7.1","3,451",0.7,40,"274,952",55.9,"98,363",20.0,"79,996",16.3,"34,878",7.1,1037,HOMA BAY,Male,"491,680","274,952 55.9","98,363 20.0","79,996 16.3","34,878 7.1","3,451",0.7,40,"274,952",55.9,"98,363",20.0,"79,996",16.3,"34,878",7.1,homa bay
83,51,Isiolo,Isiolo,11.0,Isiolo,isiolo,ISIOLO,ISIOLO,"245,462","1,483",0.6,37,"79,881",32.5,"34,817",14.2,"14,485",5.9,"114,759",46.8,209,ISIOLO,Male,"128,141","40,960 32.0","19,823 15.5","7,599 5.9","58,852 45.9",886,0.7,21,"40,960",32,"19,823",15.5,"7,599",5.9,"58,852",45.9,209,ISIOLO,Male,"128,141","40,960 32.0","19,823 15.5","7,599 5.9","58,852 45.9",886,0.7,21,"40,960",32,"19,823",15.5,"7,599",5.9,"58,852",45.9,isiolo
84,52,Isiolo,Isiolo,11.0,Isiolo,isiolo,ISIOLO,ISIOLO,"245,462","1,483",0.6,37,"79,881",32.5,"34,817",14.2,"14,485",5.9,"114,759",46.8,215,ISIOLO,Male,"55,148","21,157 38.4","14,100 25.6","4,967 9.0","14,530 26.3",381,0.7,13,"21,157",38.4,"14,100",25.6,"4,967",9,"14,530",26.3,215,ISIOLO,Male,"55,148","21,157 38.4","14,100 25.6","4,967 9.0","14,530 26.3",381,0.7,13,"21,157",38.4,"14,100",25.6,"4,967",9,"14,530",26.3,isiolo
85,53,Isiolo,Isiolo,11.0,Isiolo,isiolo,ISIOLO,ISIOLO,"110,631",676,0.6,25,"41,522",37.5,"25,668",23.2,"9,942",9,"32,798",29.6,209,ISIOLO,Male,"128,141","40,960 32.0","19,823 15.5","7,599 5.9","58,852 45.9",886,0.7,21,"40,960",32,"19,823",15.5,"7,599",5.9,"58,852",45.9,209,ISIOLO,Male,"128,141","40,960 32.0","19,823 15.5","7,599 5.9","58,852 45.9",886,0.7,21,"40,960",32,"19,823",15.5,"7,599",5.9,"58,852",45.9,isiolo
86,54,Isiolo,Isiolo,11.0,Isiolo,isiolo,ISIOLO,ISIOLO,"110,631",676,0.6,25,"41,522",37.5,"25,668",23.2,"9,942",9,"32,798",29.6,215,ISIOLO,Male,"55,148","21,157 38.4","14,100 25.6","4,967 9.0","14,530 26.3",381,0.7,13,"21,157",38.4,"14,100",25.6,"4,967",9,"14,530",26.3,215,ISIOLO,Male,"55,148","21,157 38.4","14,100 25.6","4,967 9.0","14,530 26.3",381,0.7,13,"21,157",38.4,"14,100",25.6,"4,967",9,"14,530",26.3,isiolo
91,474,Kajiado,Kajiado,34.0,,,KAJIADO,KAJIADO,"1,016,058","13,146",1.3,327,"389,090",38.3,"319,689",31.5,"111,477",11,"182,329",17.9,806,KAJIADO,Male,"504,023","195,925 38.9","164,069 32.6","54,115 10.7","82,454 16.4","7,321",1.5,139,"195,925",38.9,"164,069",32.6,"54,115",10.7,"82,454",16.4,806,KAJIADO,Male,"504,023","195,925 38.9","164,069 32.6","54,115 10.7","82,454 16.4","7,321",1.5,139,"195,925",38.9,"164,069",32.6,"54,115",10.7,"82,454",16.4,kajiado
95,486,Kakamega,Kakamega,37.0,,,KAKAMEGA,KAKAMEGA,"1,732,145","11,722",0.7,382,"853,031",49.2,"334,397",19.3,"352,269",20.3,"180,344",10.4,866,KAKAMEGA,Male,"828,945","428,344 51.7","162,596 19.6","157,153 19.0","74,543 9.0","6,139",0.7,170,"428,344",51.7,"162,596",19.6,"157,153",19,"74,543",9,866,KAKAMEGA,Male,"828,945","428,344 51.7","162,596 19.6","157,153 19.0","74,543 9.0","6,139",0.7,170,"428,344",51.7,"162,596",19.6,"157,153",19,"74,543",9,kakamega
115,318,Kenya,Kenya,,,,KENYA,KENYA,"43,739,906","406,887",0.9,"9,118","17,780,277",40.7,"11,568,544",26.4,"6,854,538",15.7,"7,120,542",16.3,1,KENYA,Male,"21,574,077","9,040,318 41.9","5,910,664 27.4","3,172,382 14.7","3,223,856 14.9","222,301",1,"4,556","9,040,318",41.9,"5,910,664",27.4,"3,172,382",14.7,"3,223,856",14.9,1,KENYA,Male,"21,574,077","9,040,318 41.9","5,910,664 27.4","3,172,382 14.7","3,223,856 14.9","222,301",1,"4,556","9,040,318",41.9,"5,910,664",27.4,"3,172,382",14.7,"3,223,856",14.9,kenya
117,481,Kericho,Kericho,35.0,,,KERICHO,KERICHO,"834,061","4,236",0.5,219,"387,109",46.4,"201,479",24.2,"172,473",20.7,"68,545",8.2,827,KERICHO,Male,"415,734","197,586 47.5","105,284 25.3","80,978 19.5","29,453 7.1","2,323",0.6,110,"197,586",47.5,"105,284",25.3,"80,978",19.5,"29,453",7.1,827,KERICHO,Male,"415,734","197,586 47.5","105,284 25.3","80,978 19.5","29,453 7.1","2,323",0.6,110,"197,586",47.5,"105,284",25.3,"80,978",19.5,"29,453",7.1,kericho
122,87,Kiambu,Kiambu,22.0,Kiambu,kiambu,KIAMBU,KIAMBU,"2,231,514","13,057",0.6,522,"778,586",34.9,"1,013,910",45.4,"326,845",14.6,"98,594",4.4,533,KIAMBU,Male,"1,092,380","388,770 35.6","504,910 46.2","151,002 13.8","40,162 3.7","7,274",0.7,262,"388,770",35.6,"504,910",46.2,"151,002",13.8,"40,162",3.7,533,KIAMBU,Male,"1,092,380","388,770 35.6","504,910 46.2","151,002 13.8","40,162 3.7","7,274",0.7,262,"388,770",35.6,"504,910",46.2,"151,002",13.8,"40,162",3.7,kiambu
123,88,Kiambu,Kiambu,22.0,Kiambu,kiambu,KIAMBU,KIAMBU,"2,231,514","13,057",0.6,522,"778,586",34.9,"1,013,910",45.4,"326,845",14.6,"98,594",4.4,554,KIAMBU,Male,"63,471","21,477 33.8","31,001 48.8","8,202 12.9","2,362 3.7",397,0.6,32,"21,477",33.8,"31,001",48.8,"8,202",12.9,"2,362",3.7,554,KIAMBU,Male,"63,471","21,477 33.8","31,001 48.8","8,202 12.9","2,362 3.7",397,0.6,32,"21,477",33.8,"31,001",48.8,"8,202",12.9,"2,362",3.7,kiambu
124,89,Kiambu,Kiambu,22.0,Kiambu,kiambu,KIAMBU,KIAMBU,"133,949",822,0.6,61,"43,881",32.8,"65,022",48.5,"18,408",13.7,"5,755",4.3,533,KIAMBU,Male,"1,092,380","388,770 35.6","504,910 46.2","151,002 13.8","40,162 3.7","7,274",0.7,262,"388,770",35.6,"504,910",46.2,"151,002",13.8,"40,162",3.7,533,KIAMBU,Male,"1,092,380","388,770 35.6","504,910 46.2","151,002 13.8","40,162 3.7","7,274",0.7,262,"388,770",35.6,"504,910",46.2,"151,002",13.8,"40,162",3.7,kiambu
125,90,Kiambu,Kiambu,22.0,Kiambu,kiambu,KIAMBU,KIAMBU,"133,949",822,0.6,61,"43,881",32.8,"65,022",48.5,"18,408",13.7,"5,755",4.3,554,KIAMBU,Male,"63,471","21,477 33.8","31,001 48.8","8,202 12.9","2,362 3.7",397,0.6,32,"21,477",33.8,"31,001",48.8,"8,202",12.9,"2,362",3.7,554,KIAMBU,Male,"63,471","21,477 33.8","31,001 48.8","8,202 12.9","2,362 3.7",397,0.6,32,"21,477",33.8,"31,001",48.8,"8,202",12.9,"2,362",3.7,kiambu
133,327,Kilifi,Kilifi,3.0,,,KILIFI,KILIFI,"1,323,664","9,634",0.7,237,"605,776",45.8,"282,538",21.3,"175,199",13.2,"250,280",18.9,44,KILIFI,Male,"636,891","308,926 48.5","154,263 24.2","86,075 13.5","82,303 12.9","5,214",0.8,110,"308,926",48.5,"154,263",24.2,"86,075",13.5,"82,303",12.9,44,KILIFI,Male,"636,891","308,926 48.5","154,263 24.2","86,075 13.5","82,303 12.9","5,214",0.8,110,"308,926",48.5,"154,263",24.2,"86,075",13.5,"82,303",12.9,kilifi
144,435,Kirinyaga,Kerugoya/Kutus,20.0,,,KIRINYAGA,KIRINYAGA,"571,312","3,931",0.7,37,"193,518",33.9,"199,413",34.9,"136,968",24,"37,445",6.6,482,KIRINYAGA,Male,"281,556","98,661 35.0","100,582 35.7","67,459 24.0","12,577 4.5","2,256",0.8,21,"98,661",35,"100,582",35.7,"67,459",24,"12,577",4.5,482,KIRINYAGA,Male,"281,556","98,661 35.0","100,582 35.7","67,459 24.0","12,577 4.5","2,256",0.8,21,"98,661",35,"100,582",35.7,"67,459",24,"12,577",4.5,kirinyaga
150,521,Kisii,Kisii,45.0,,,KISII,KISII,"1,179,067","6,092",0.5,143,"557,477",47.3,"250,730",21.3,"248,244",21.1,"116,381",9.9,1091,KISII,Male,"561,241","282,802 50.4","127,184 22.7","104,190 18.6","43,902 7.8","3,097",0.6,66,"282,802",50.4,"127,184",22.7,"104,190",18.6,"43,902",7.8,1091,KISII,Male,"561,241","282,802 50.4","127,184 22.7","104,190 18.6","43,902 7.8","3,097",0.6,66,"282,802",50.4,"127,184",22.7,"104,190",18.6,"43,902",7.8,kisii
156,398,Kitui,Kitui,15.0,,,KITUI,KITUI,"1,056,907","11,795",1.1,149,"490,726",46.4,"265,238",25.1,"152,030",14.4,"136,969",13,305,KITUI,Male,"508,247","250,178 49.2","127,266 25.0","72,606 14.3","51,705 10.2","6,431",1.3,61,"250,178",49.2,"127,266",25.0,"72,606",14.3,"51,705",10.2,305,KITUI,Male,"508,247","250,178 49.2","127,266 25.0","72,606 14.3","51,705 10.2","6,431",1.3,61,"250,178",49.2,"127,266",25.0,"72,606",14.3,"51,705",10.2,kitui
167,320,Kwale,Kwale,2.0,,,KWALE,KWALE,"783,189","5,418",0.7,169,"334,612",42.7,"152,178",19.4,"98,811",12.6,"192,001",24.5,26,KWALE,Male,"382,538","171,696 44.9","83,012 21.7","49,352 12.9","75,281 19.7","3,108",0.8,89,"171,696",44.9,"83,012",21.7,"49,352",12.9,"75,281",19.7,26,KWALE,Male,"382,538","171,696 44.9","83,012 21.7","49,352 12.9","75,281 19.7","3,108",0.8,89,"171,696",44.9,"83,012",21.7,"49,352",12.9,"75,281",19.7,kwale
172,464,Laikipia,Rumuruti,31.0,,,LAIKIPIA,LAIKIPIA,"475,756","3,045",0.6,38,"184,613",38.8,"152,372",32.0,"59,213",12.4,"76,475",16.1,728,LAIKIPIA,Male,"236,702","94,751 40.0","78,392 33.1","28,229 11.9","33,580 14.2","1,731",0.7,19,"94,751",40,"78,392",33.1,"28,229",11.9,"33,580",14.2,728,LAIKIPIA,Male,"236,702","94,751 40.0","78,392 33.1","28,229 11.9","33,580 14.2","1,731",0.7,19,"94,751",40,"78,392",33.1,"28,229",11.9,"33,580",14.2,laikipia
177,337,Lamu,Lamu,5.0,,,LAMU,LAMU,"130,991",786,0.6,36,"50,249",38.4,"30,833",23.5,"22,762",17.4,"26,325",20.1,86,LAMU,Male,"69,111","25,969 37.6","18,933 27.4","11,830 17.1","11,888 17.2",472,0.7,19,"25,969",37.6,"18,933",27.4,"11,830",17.1,"11,888",17.2,86,LAMU,Male,"69,111","25,969 37.6","18,933 27.4","11,830 17.1","11,888 17.2",472,0.7,19,"25,969",37.6,"18,933",27.4,"11,830",17.1,"11,888",17.2,lamu
194,405,Machakos,Machakos,16.0,,,MACHAKOS,MACHAKOS,"1,327,172","11,638",0.9,199,"505,677",38.1,"519,446",39.1,"203,283",15.3,"86,929",6.5,362,MACHAKOS,Male,"661,982","258,981 39.1","262,961 39.7","99,048 15.0","34,692 5.2","6,197",0.9,103,"258,981",39.1,"262,961",39.7,"99,048",15,"34,692",5.2,362,MACHAKOS,Male,"661,982","258,981 39.1","262,961 39.7","99,048 15.0","34,692 5.2","6,197",0.9,103,"258,981",39.1,"262,961",39.7,"99,048",15,"34,692",5.2,machakos
195,406,Machakos,Machakos,16.0,,,MACHAKOS,MACHAKOS,"1,327,172","11,638",0.9,199,"505,677",38.1,"519,446",39.1,"203,283",15.3,"86,929",6.5,377,MACHAKOS,Male,"78,763","27,561 35.0","37,985 48.2","9,600 12.2","3,024 3.8",584,0.7,9,"27,561",35,"37,985",48.2,"9,600",12.2,"3,024",3.8,377,MACHAKOS,Male,"78,763","27,561 35.0","37,985 48.2","9,600 12.2","3,024 3.8",584,0.7,9,"27,561",35,"37,985",48.2,"9,600",12.2,"3,024",3.8,machakos
196,407,Machakos,Machakos,16.0,Machakos,machakos,MACHAKOS,MACHAKOS,"158,036","1,170",0.7,15,"54,322",34.4,"75,229",47.6,"19,480",12.3,"7,820",4.9,362,MACHAKOS,Male,"661,982","258,981 39.1","262,961 39.7","99,048 15.0","34,692 5.2","6,197",0.9,103,"258,981",39.1,"262,961",39.7,"99,048",15,"34,692",5.2,362,MACHAKOS,Male,"661,982","258,981 39.1","262,961 39.7","99,048 15.0","34,692 5.2","6,197",0.9,103,"258,981",39.1,"262,961",39.7,"99,048",15,"34,692",5.2,machakos
197,408,Machakos,Machakos,16.0,Machakos,machakos,MACHAKOS,MACHAKOS,"158,036","1,170",0.7,15,"54,322",34.4,"75,229",47.6,"19,480",12.3,"7,820",4.9,377,MACHAKOS,Male,"78,763","27,561 35.0","37,985 48.2","9,600 12.2","3,024 3.8",584,0.7,9,"27,561",35,"37,985",48.2,"9,600",12.2,"3,024",3.8,377,MACHAKOS,Male,"78,763","27,561 35.0","37,985 48.2","9,600 12.2","3,024 3.8",584,0.7,9,"27,561",35,"37,985",48.2,"9,600",12.2,"3,024",3.8,machakos
201,153,Makueni,Wote,17.0,Makueni,makueni,MAKUENI,MAKUENI,"921,168","12,357",1.3,144,"395,627",42.9,"276,206",30.0,"165,325",17.9,"71,509",7.8,392,MAKUENI,Male,"453,946","202,949 44.7","135,938 29.9","81,353 17.9","26,987 5.9","6,657",1.5,62,"202,949",44.7,"135,938",29.9,"81,353",17.9,"26,987",5.9,392,MAKUENI,Male,"453,946","202,949 44.7","135,938 29.9","81,353 17.9","26,987 5.9","6,657",1.5,62,"202,949",44.7,"135,938",29.9,"81,353",17.9,"26,987",5.9,makueni
202,154,Makueni,Wote,17.0,Makueni,makueni,MAKUENI,MAKUENI,"921,168","12,357",1.3,144,"395,627",42.9,"276,206",30.0,"165,325",17.9,"71,509",7.8,407,MAKUENI,Male,"60,589","24,818 41.0","21,905 36.2","10,371 17.1","2,852 4.7",642,1.1,1,"24,818",41,"21,905",36.2,"10,371",17.1,"2,852",4.7,407,MAKUENI,Male,"60,589","24,818 41.0","21,905 36.2","10,371 17.1","2,852 4.7",642,1.1,1,"24,818",41,"21,905",36.2,"10,371",17.1,"2,852",4.7,makueni
203,155,Makueni,Wote,17.0,Makueni,makueni,MAKUENI,MAKUENI,"121,484","1,162",1,4,"48,433",39.9,"43,475",35.8,"20,754",17.1,"7,656",6.3,392,MAKUENI,Male,"453,946","202,949 44.7","135,938 29.9","81,353 17.9","26,987 5.9","6,657",1.5,62,"202,949",44.7,"135,938",29.9,"81,353",17.9,"26,987",5.9,392,MAKUENI,Male,"453,946","202,949 44.7","135,938 29.9","81,353 17.9","26,987 5.9","6,657",1.5,62,"202,949",44.7,"135,938",29.9,"81,353",17.9,"26,987",5.9,makueni
204,156,Makueni,Wote,17.0,Makueni,makueni,MAKUENI,MAKUENI,"121,484","1,162",1,4,"48,433",39.9,"43,475",35.8,"20,754",17.1,"7,656",6.3,407,MAKUENI,Male,"60,589","24,818 41.0","21,905 36.2","10,371 17.1","2,852 4.7",642,1.1,1,"24,818",41,"21,905",36.2,"10,371",17.1,"2,852",4.7,407,MAKUENI,Male,"60,589","24,818 41.0","21,905 36.2","10,371 17.1","2,852 4.7",642,1.1,1,"24,818",41,"21,905",36.2,"10,371",17.1,"2,852",4.7,makueni
206,346,Mandera,Mandera,9.0,Mandera,mandera,MANDERA,MANDERA,"775,085","21,776",2.8,138,"168,647",21.8,"21,483",2.8,"7,222",0.9,"555,819",71.7,161,MANDERA,Male,"391,182","90,664 23.2","14,204 3.6","4,118 1.1","271,252 69.3","10,871",2.8,73,"90,664",23.2,"14,204",3.6,"4,118",1.1,"271,252",69.3,161,MANDERA,Male,"391,182","90,664 23.2","14,204 3.6","4,118 1.1","271,252 69.3","10,871",2.8,73,"90,664",23.2,"14,204",3.6,"4,118",1.1,"271,252",69.3,mandera
216,350,Marsabit,Marsabit,10.0,,,MARSABIT,MARSABIT,"409,629","3,335",0.8,216,"108,132",26.4,"25,727",6.3,"12,494",3.1,"259,725",63.4,185,MARSABIT,Male,"215,220","55,636 25.9","16,016 7.4","7,160 3.3","134,525 62.5","1,773",0.8,110,"55,636",25.9,"16,016",7.4,"7,160",3.3,"134,525",62.5,185,MARSABIT,Male,"215,220","55,636 25.9","16,016 7.4","7,160 3.3","134,525 62.5","1,773",0.8,110,"55,636",25.9,"16,016",7.4,"7,160",3.3,"134,525",62.5,marsabit
240,359,Meru,Meru,12.0,,,MERU,MERU,"1,436,400","13,999",1,382,"554,475",38.6,"360,142",25.1,"301,441",21,"205,961",14.3,221,MERU,Male,"711,224","277,202 39.0","179,720 25.3","153,600 21.6","92,010 12.9","8,488",1.2,204,"277,202",39,"179,720",25.3,"153,600",21.6,"92,010",12.9,221,MERU,Male,"711,224","277,202 39.0","179,720 25.3","153,600 21.6","92,010 12.9","8,488",1.2,204,"277,202",39,"179,720",25.3,"153,600",21.6,"92,010",12.9,meru
244,519,Migori,Migori,44.0,,,MIGORI,MIGORI,"1,016,399","9,774",1,211,"522,757",51.4,"171,900",16.9,"197,075",19.4,"114,682",11.3,1064,MIGORI,Male,"486,357","265,417 54.6","88,443 18.2","81,365 16.7","46,115 9.5","4,923",1,94,"265,417",54.6,"88,443",18.2,"81,365",16.7,"46,115",9.5,1064,MIGORI,Male,"486,357","265,417 54.6","88,443 18.2","81,365 16.7","46,115 9.5","4,923",1,94,"265,417",54.6,"88,443",18.2,"81,365",16.7,"46,115",9.5,migori
250,319,Mombasa,Mombasa City,1.0,,,MOMBASA,MOMBASA,"1,100,173","8,817",0.8,251,"378,423",34.4,"457,603",41.6,"153,982",14,"101,097",9.2,5,MOMBASA,Male,"552,476","189,490 34.3","243,173 44.0","74,382 13.5","40,253 7.3","5,043",0.9,135,"189,490",34.3,"243,173",44.0,"74,382",13.5,"40,253",7.3,5,MOMBASA,Male,"552,476","189,490 34.3","243,173 44.0","74,382 13.5","40,253 7.3","5,043",0.9,135,"189,490",34.3,"243,173",44.0,"74,382",13.5,"40,253",7.3,mombasa
285,436,Murang'a,Murang'a,21.0,Murang'a,murang'a,MURANG'A,MURANG'A,"988,224","4,133",0.4,143,"358,844",36.3,"358,964",36.3,"193,814",19.6,"72,326",7.3,503,MURANG'A,Male,"488,689","184,250 37.7","182,572 37.4","93,190 19.1","26,285 5.4","2,319",0.5,73,"184,250",37.7,"182,572",37.4,"93,190",19.1,"26,285",5.4,503,MURANG'A,Male,"488,689","184,250 37.7","182,572 37.4","93,190 19.1","26,285 5.4","2,319",0.5,73,"184,250",37.7,"182,572",37.4,"93,190",19.1,"26,285",5.4,murang'a
300,466,Nakuru,Nakuru,32.0,,,NAKURU,NAKURU,"1,981,598","16,450",0.8,319,"843,280",42.6,"652,319",32.9,"322,032",16.3,"147,198",7.4,746,NAKURU,Male,"982,910","429,850 43.7","330,145 33.6","150,063 15.3","63,298 6.4","9,390",1,164,"429,850",43.7,"330,145",33.6,"150,063",15.3,"63,298",6.4,746,NAKURU,Male,"982,910","429,850 43.7","330,145 33.6","150,063 15.3","63,298 6.4","9,390",1,164,"429,850",43.7,"330,145",33.6,"150,063",15.3,"63,298",6.4,nakuru
305,453,Nandi,Kapsabet,29.0,,,NANDI,NANDI,"822,163","7,242",0.9,80,"390,831",47.5,"166,706",20.3,"186,639",22.7,"70,665",8.6,683,NANDI,Male,"408,980","199,523 48.8","85,080 20.8","88,754 21.7","31,654 7.7","3,921",1,48,"199,523",48.8,"85,080",20.8,"88,754",21.7,"31,654",7.7,683,NANDI,Male,"408,980","199,523 48.8","85,080 20.8","88,754 21.7","31,654 7.7","3,921",1,48,"199,523",48.8,"85,080",20.8,"88,754",21.7,"31,654",7.7,nandi
310,470,Narok,Narok,33.0,,,NAROK,NAROK,"1,044,966","10,856",1,185,"481,160",46,"120,221",11.5,"149,044",14.3,"283,500",27.1,782,NAROK,Male,"520,523","248,214 47.7","66,633 12.8","70,531 13.6","128,801 24.7","6,235",1.2,109,"248,214",47.7,"66,633",12.8,"70,531",13.6,"128,801",24.7,782,NAROK,Male,"520,523","248,214 47.7","66,633 12.8","70,531 13.6","128,801 24.7","6,235",1.2,109,"248,214",47.7,"66,633",12.8,"70,531",13.6,"128,801",24.7,narok
324,533,Nyamira,Nyamira,46.0,,,NYAMIRA,NYAMIRA,"566,741","3,431",0.6,54,"260,426",46,"129,917",22.9,"111,433",19.7,"61,480",10.8,1127,NYAMIRA,Male,"271,344","132,577 48.9","65,482 24.1","47,174 17.4","24,389 9.0","1,701",0.6,21,"132,577",48.9,"65,482",24.1,"47,174",17.4,"24,389",9,1127,NYAMIRA,Male,"271,344","132,577 48.9","65,482 24.1","47,174 17.4","24,389 9.0","1,701",0.6,21,"132,577",48.9,"65,482",24.1,"47,174",17.4,"24,389",9,nyamira
327,420,Nyandarua,Ol Kalou,18.0,,,NYANDARUA,NYANDARUA,"594,649","1,836",0.3,66,"249,756",42,"199,054",33.5,"105,160",17.7,"38,777",6.5,422,NYANDARUA,Male,"292,917","128,283 43.8","98,748 33.7","50,160 17.1","14,653 5.0","1,041",0.4,32,"128,283",43.8,"98,748",33.7,"50,160",17.1,"14,653",5,422,NYANDARUA,Male,"292,917","128,283 43.8","98,748 33.7","50,160 17.1","14,653 5.0","1,041",0.4,32,"128,283",43.8,"98,748",33.7,"50,160",17.1,"14,653",5,nyandarua
334,427,Nyeri,Nyeri,19.0,,,NYERI,NYERI,"709,353","4,138",0.6,47,"253,898",35.8,"301,927",42.6,"113,307",16,"36,036",5.1,449,NYERI,Male,"348,266","130,417 37.4","150,457 43.2","52,289 15.0","12,895 3.7","2,180",0.6,28,"130,417",37.4,"150,457",43.2,"52,289",15,"12,895",3.7,449,NYERI,Male,"348,266","130,417 37.4","150,457 43.2","52,289 15.0","12,895 3.7","2,180",0.6,28,"130,417",37.4,"150,457",43.2,"52,289",15,"12,895",3.7,nyeri
351,323,Samburu,Maralal,25.0,,,SAMBURU,SAMBURU,"180,988",974,0.5,71,"81,251",44.9,"27,830",15.4,"20,089",11.1,"50,773",28.1,41,SAMBURU,Male,"86,642","41,678 48.1","15,621 18.0","10,087 11.6","18,709 21.6",512,0.6,35,"41,678",48.1,"15,621",18.0,"10,087",11.6,"18,709",21.6,41,SAMBURU,Male,"86,642","41,678 48.1","15,621 18.0","10,087 11.6","18,709 21.6",512,0.6,35,"41,678",48.1,"15,621",18.0,"10,087",11.6,"18,709",21.6,samburu
352,324,Samburu,Maralal,25.0,,,SAMBURU,SAMBURU,"180,988",974,0.5,71,"81,251",44.9,"27,830",15.4,"20,089",11.1,"50,773",28.1,617,SAMBURU,Male,"141,072","46,092 32.7","12,778 9.1","6,193 4.4","74,619 52.9","1,378",1,12,"46,092",32.7,"12,778",9.1,"6,193",4.4,"74,619",52.9,617,SAMBURU,Male,"141,072","46,092 32.7","12,778 9.1","6,193 4.4","74,619 52.9","1,378",1,12,"46,092",32.7,"12,778",9.1,"6,193",4.4,"74,619",52.9,samburu
353,325,Samburu,Maralal,25.0,,,SAMBURU,SAMBURU,"279,891","2,377",0.8,28,"86,608",30.9,"21,260",7.6,"12,334",4.4,"157,284",56.2,41,SAMBURU,Male,"86,642","41,678 48.1","15,621 18.0","10,087 11.6","18,709 21.6",512,0.6,35,"41,678",48.1,"15,621",18.0,"10,087",11.6,"18,709",21.6,41,SAMBURU,Male,"86,642","41,678 48.1","15,621 18.0","10,087 11.6","18,709 21.6",512,0.6,35,"41,678",48.1,"15,621",18.0,"10,087",11.6,"18,709",21.6,samburu
354,326,Samburu,Maralal,25.0,,,SAMBURU,SAMBURU,"279,891","2,377",0.8,28,"86,608",30.9,"21,260",7.6,"12,334",4.4,"157,284",56.2,617,SAMBURU,Male,"141,072","46,092 32.7","12,778 9.1","6,193 4.4","74,619 52.9","1,378",1,12,"46,092",32.7,"12,778",9.1,"6,193",4.4,"74,619",52.9,617,SAMBURU,Male,"141,072","46,092 32.7","12,778 9.1","6,193 4.4","74,619 52.9","1,378",1,12,"46,092",32.7,"12,778",9.1,"6,193",4.4,"74,619",52.9,samburu
361,509,Siaya,Siaya,41.0,,,SIAYA,SIAYA,"919,461","8,648",0.9,322,"441,450",48,"198,100",21.5,"184,768",20.1,"86,173",9.4,992,SIAYA,Male,"434,630","223,195 51.4","97,782 22.5","78,383 18.0","30,230 7.0","4,877",1.1,163,"223,195",51.4,"97,782",22.5,"78,383",18,"30,230",7,992,SIAYA,Male,"434,630","223,195 51.4","97,782 22.5","78,383 18.0","30,230 7.0","4,877",1.1,163,"223,195",51.4,"97,782",22.5,"78,383",18,"30,230",7,siaya
376,331,Tana River,Hola,4.0,,,TANA RIVER,TANA RIVER,"284,605","1,445",0.5,126,"95,997",33.7,"32,815",11.5,"29,062",10.2,"125,160",44,74,TANA RIVER,Male,"142,087","50,470 35.5","19,351 13.6","14,502 10.2","56,872 40.0",835,0.6,57,"50,470",35.5,"19,351",13.6,"14,502",10.2,"56,872",40,74,TANA RIVER,Male,"142,087","50,470 35.5","19,351 13.6","14,502 10.2","56,872 40.0",835,0.6,57,"50,470",35.5,"19,351",13.6,"14,502",10.2,"56,872",40,tana river
377,332,Tana River,Hola,4.0,,,TANA RIVER,TANA RIVER,"284,605","1,445",0.5,126,"95,997",33.7,"32,815",11.5,"29,062",10.2,"125,160",44,83,TANA RIVER,Male,"38,822","14,886 38.3","6,257 16.1","4,877 12.6","12,568 32.4",210,0.5,24,"14,886",38.3,"6,257",16.1,"4,877",12.6,"12,568",32.4,83,TANA RIVER,Male,"38,822","14,886 38.3","6,257 16.1","4,877 12.6","12,568 32.4",210,0.5,24,"14,886",38.3,"6,257",16.1,"4,877",12.6,"12,568",32.4,tana river
378,333,Tana River,Hola,4.0,,,TANA RIVER,TANA RIVER,"79,318",337,0.4,51,"29,008",36.6,"10,976",13.8,"10,532",13.3,"28,414",35.8,74,TANA RIVER,Male,"142,087","50,470 35.5","19,351 13.6","14,502 10.2","56,872 40.0",835,0.6,57,"50,470",35.5,"19,351",13.6,"14,502",10.2,"56,872",40,74,TANA RIVER,Male,"142,087","50,470 35.5","19,351 13.6","14,502 10.2","56,872 40.0",835,0.6,57,"50,470",35.5,"19,351",13.6,"14,502",10.2,"56,872",40,tana river
379,334,Tana River,Hola,4.0,,,TANA RIVER,TANA RIVER,"79,318",337,0.4,51,"29,008",36.6,"10,976",13.8,"10,532",13.3,"28,414",35.8,83,TANA RIVER,Male,"38,822","14,886 38.3","6,257 16.1","4,877 12.6","12,568 32.4",210,0.5,24,"14,886",38.3,"6,257",16.1,"4,877",12.6,"12,568",32.4,83,TANA RIVER,Male,"38,822","14,886 38.3","6,257 16.1","4,877 12.6","12,568 32.4",210,0.5,24,"14,886",38.3,"6,257",16.1,"4,877",12.6,"12,568",32.4,tana river
388,390,Tharaka-Nithi,Chuka,13.0,,,THARAKA-NITHI,THARAKA-NITHI,"367,574","3,543",1,71,"144,933",39.4,"96,834",26.3,"82,897",22.6,"39,296",10.7,263,THARAKA-NITHI,Male,"180,692","73,509 40.7","48,177 26.7","40,913 22.6","16,089 8.9","1,966",1.1,38,"73,509",40.7,"48,177",26.7,"40,913",22.6,"16,089",8.9,263,THARAKA-NITHI,Male,"180,692","73,509 40.7","48,177 26.7","40,913 22.6","16,089 8.9","1,966",1.1,38,"73,509",40.7,"48,177",26.7,"40,913",22.6,"16,089",8.9,tharaka-nithi
399,448,Trans Nzoia,Kitale,26.0,,,TRANS NZOIA,TRANS NZOIA,"911,209","9,713",1.1,68,"440,977",48.4,"173,534",19.0,"193,088",21.2,"93,829",10.3,629,TRANS NZOIA,Male,"448,487","224,218 50.0","88,354 19.7","88,076 19.6","42,289 9.4","5,518",1.2,32,"224,218",50,"88,354",19.7,"88,076",19.6,"42,289",9.4,629,TRANS NZOIA,Male,"448,487","224,218 50.0","88,354 19.7","88,076 19.6","42,289 9.4","5,518",1.2,32,"224,218",50,"88,354",19.7,"88,076",19.6,"42,289",9.4,trans nzoia
404,441,Turkana,Lodwar,23.0,,,TURKANA,TURKANA,"851,797","20,077",2.4,718,"184,015",21.6,"33,028",3.9,"28,982",3.4,"584,977",68.7,575,TURKANA,Male,"439,467","98,266 22.4","21,042 4.8","14,573 3.3","294,430 67.0","10,795",2.5,361,"98,266",22.4,"21,042",4.8,"14,573",3.3,"294,430",67,575,TURKANA,Male,"439,467","98,266 22.4","21,042 4.8","14,573 3.3","294,430 67.0","10,795",2.5,361,"98,266",22.4,"21,042",4.8,"14,573",3.3,"294,430",67,turkana
410,451,Uasin Gishu,Eldoret,27.0,,,UASIN GISHU,UASIN GISHU,"1,070,335","8,633",0.8,138,"480,402",44.9,"321,505",30.0,"180,625",16.9,"79,032",7.4,647,UASIN GISHU,Male,"531,769","241,839 45.5","163,748 30.8","85,855 16.1","35,299 6.6","4,960",0.9,68,"241,839",45.5,"163,748",30.8,"85,855",16.1,"35,299",6.6,647,UASIN GISHU,Male,"531,769","241,839 45.5","163,748 30.8","85,855 16.1","35,299 6.6","4,960",0.9,68,"241,839",45.5,"163,748",30.8,"85,855",16.1,"35,299",6.6,uasin gishu
414,301,Vihiga,Vihiga,38.0,vihiga,vihiga,VIHIGA,VIHIGA,"550,070","3,623",0.7,95,"257,982",46.9,"128,847",23.4,"115,345",21,"44,178",8,908,VIHIGA,Male,"263,949","129,422 49.0","61,789 23.4","52,189 19.8","18,682 7.1","1,815",0.7,52,"129,422",49,"61,789",23.4,"52,189",19.8,"18,682",7.1,908,VIHIGA,Male,"263,949","129,422 49.0","61,789 23.4","52,189 19.8","18,682 7.1","1,815",0.7,52,"129,422",49,"61,789",23.4,"52,189",19.8,"18,682",7.1,vihiga
415,302,Vihiga,Vihiga,38.0,vihiga,vihiga,VIHIGA,VIHIGA,"550,070","3,623",0.7,95,"257,982",46.9,"128,847",23.4,"115,345",21,"44,178",8,914,VIHIGA,Male,"42,455","20,629 48.6","11,222 26.4","7,701 18.1","2,570 6.1",316,0.7,17,"20,629",48.6,"11,222",26.4,"7,701",18.1,"2,570",6.1,914,VIHIGA,Male,"42,455","20,629 48.6","11,222 26.4","7,701 18.1","2,570 6.1",316,0.7,17,"20,629",48.6,"11,222",26.4,"7,701",18.1,"2,570",6.1,vihiga
416,303,Vihiga,Vihiga,38.0,vihiga,vihiga,VIHIGA,VIHIGA,"88,664",660,0.7,26,"41,104",46.4,"23,313",26.3,"17,596",19.8,"5,965",6.7,908,VIHIGA,Male,"263,949","129,422 49.0","61,789 23.4","52,189 19.8","18,682 7.1","1,815",0.7,52,"129,422",49,"61,789",23.4,"52,189",19.8,"18,682",7.1,908,VIHIGA,Male,"263,949","129,422 49.0","61,789 23.4","52,189 19.8","18,682 7.1","1,815",0.7,52,"129,422",49,"61,789",23.4,"52,189",19.8,"18,682",7.1,vihiga
417,304,Vihiga,Vihiga,38.0,vihiga,vihiga,VIHIGA,VIHIGA,"88,664",660,0.7,26,"41,104",46.4,"23,313",26.3,"17,596",19.8,"5,965",6.7,914,VIHIGA,Male,"42,455","20,629 48.6","11,222 26.4","7,701 18.1","2,570 6.1",316,0.7,17,"20,629",48.6,"11,222",26.4,"7,701",18.1,"2,570",6.1,914,VIHIGA,Male,"42,455","20,629 48.6","11,222 26.4","7,701 18.1","2,570 6.1",316,0.7,17,"20,629",48.6,"11,222",26.4,"7,701",18.1,"2,570",6.1,vihiga
419,343,Wajir,Wajir,8.0,,,WAJIR,WAJIR,"711,571","10,209",1.4,64,"132,611",18.6,"13,792",1.9,"5,489",0.8,"549,406",77.2,134,WAJIR,Male,"379,557","75,637 19.9","9,423 2.5","3,224 0.8","285,684 75.3","5,548",1.5,41,"75,637",19.9,"9,423",2.5,"3,224",0.8,"285,684",75.3,134,WAJIR,Male,"379,557","75,637 19.9","9,423 2.5","3,224 0.8","285,684 75.3","5,548",1.5,41,"75,637",19.9,"9,423",2.5,"3,224",0.8,"285,684",75.3,wajir
425,314,West Pokot,Kapenguria,24.0,West Pokot,west pokot,WEST POKOT,WEST POKOT,"553,584","5,860",1.1,103,"235,136",42.5,"36,841",6.7,"56,672",10.2,"218,972",39.6,599,WEST POKOT,Male,"272,728","119,842 43.9","20,733 7.6","28,006 10.3","101,121 37.1","2,978",1.1,48,"119,842",43.9,"20,733",7.6,"28,006",10.3,"101,121",37.1,599,WEST POKOT,Male,"272,728","119,842 43.9","20,733 7.6","28,006 10.3","101,121 37.1","2,978",1.1,48,"119,842",43.9,"20,733",7.6,"28,006",10.3,"101,121",37.1,west pokot
426,315,West Pokot,Kapenguria,24.0,West Pokot,west pokot,WEST POKOT,WEST POKOT,"553,584","5,860",1.1,103,"235,136",42.5,"36,841",6.7,"56,672",10.2,"218,972",39.6,614,WEST POKOT,Male,"81,577","37,936 46.5","9,898 12.1","9,573 11.7","23,085 28.3","1,069",1.3,16,"37,936",46.5,"9,898",12.1,"9,573",11.7,"23,085",28.3,614,WEST POKOT,Male,"81,577","37,936 46.5","9,898 12.1","9,573 11.7","23,085 28.3","1,069",1.3,16,"37,936",46.5,"9,898",12.1,"9,573",11.7,"23,085",28.3,west pokot
427,316,West Pokot,Kapenguria,24.0,West Pokot,west pokot,WEST POKOT,WEST POKOT,"164,801","2,102",1.3,27,"74,570",45.2,"18,353",11.1,"19,565",11.9,"50,184",30.5,599,WEST POKOT,Male,"272,728","119,842 43.9","20,733 7.6","28,006 10.3","101,121 37.1","2,978",1.1,48,"119,842",43.9,"20,733",7.6,"28,006",10.3,"101,121",37.1,599,WEST POKOT,Male,"272,728","119,842 43.9","20,733 7.6","28,006 10.3","101,121 37.1","2,978",1.1,48,"119,842",43.9,"20,733",7.6,"28,006",10.3,"101,121",37.1,west pokot
428,317,West Pokot,Kapenguria,24.0,West Pokot,west pokot,WEST POKOT,WEST POKOT,"164,801","2,102",1.3,27,"74,570",45.2,"18,353",11.1,"19,565",11.9,"50,184",30.5,614,WEST POKOT,Male,"81,577","37,936 46.5","9,898 12.1","9,573 11.7","23,085 28.3","1,069",1.3,16,"37,936",46.5,"9,898",12.1,"9,573",11.7,"23,085",28.3,614,WEST POKOT,Male,"81,577","37,936 46.5","9,898 12.1","9,573 11.7","23,085 28.3","1,069",1.3,16,"37,936",46.5,"9,898",12.1,"9,573",11.7,"23,085",28.3,west pokot
