,Place_county_or_subcounty,total_and_gender,number,at_school_or_learning_institution_number_and_percent,after_completion_number_and_percent,before_completion_number_and_percent,never_been_to_school_or_learning_institution_number_and_percent,dont_know_number,dont_know_number_percent,not_stated_number,at_school_or_learning_institution_number,at_school_or_learning_institution_pct,after_completion_number,after_completion_pct,before_completion_number,before_completion_pct,never_been_to_school_or_learning_institution_number,never_been_to_school_or_learning_institution_pct
0,KENYA,KENYA,"43,739,906","17,780,277 40.7","11,568,544 26.4","6,854,538 15.7","7,120,542 16.3","406,887",0.9,"9,118","17,780,277",40.7,"11,568,544",26.4,"6,854,538",15.7,"7,120,542",16.3
4,MOMBASA,MOMBASA,"1,100,173","378,423 34.4","457,603 41.6","153,982 14.0","101,097 9.2","8,817",0.8,251,"378,423",34.4,"457,603",41.6,"153,982",14.0,"101,097",9.2
7,CHANGAMWE,CHANGAMWE,"121,334","39,032 32.2","58,097 47.9","16,205 13.4","6,940 5.7","1,048",0.9,12,"39,032",32.2,"58,097",47.9,"16,205",13.4,"6,940",5.7
10,JOMVU,JOMVU,"149,699","51,892 34.7","64,235 42.9","19,430 13.0","13,416 9.0",698,0.5,28,"51,892",34.7,"64,235",42.9,"19,430",13.0,"13,416",9.0
13,KISAUNI,KISAUNI,"263,742","95,844 36.3","102,940 39.0","37,450 14.2","25,182 9.5","2,257",0.9,69,"95,844",36.3,"102,940",39.0,"37,450",14.2,"25,182",9.5
16,LIKONI,LIKONI,"228,472","79,083 34.6","90,079 39.4","34,337 15.0","23,434 10.3","1,516",0.7,23,"79,083",34.6,"90,079",39.4,"34,337",15.0,"23,434",10.3
19,MVITA,MVITA,"138,927","46,714 33.6","54,731 39.4","18,229 13.1","17,745 12.8","1,441",1,67,"46,714",33.6,"54,731",39.4,"18,229",13.1,"17,745",12.8
22,NYALI,NYALI,"197,999","65,858 33.3","87,521 44.2","28,331 14.3","14,380 7.3","1,857",0.9,52,"65,858",33.3,"87,521",44.2,"28,331",14.3,"14,380",7.3
25,KWALE,KWALE,"783,189","334,612 42.7","152,178 19.4","98,811 12.6","192,001 24.5","5,418",0.7,169,"334,612",42.7,"152,178",19.4,"98,811",12.6,"192,001",24.5
28,KINANGO,KINANGO,"84,534","38,765 45.9","9,817 11.6","9,969 11.8","25,594 30.3",372,0.4,17,"38,765",45.9,"9,817",11.6,"9,969",11.8,"25,594",30.3
31,LUNGA LUNGA,LUNGA LUNGA,"180,056","76,787 42.6","22,030 12.2","23,394 13.0","55,779 31.0","2,056",1.1,10,"76,787",42.6,"22,030",12.2,"23,394",13.0,"55,779",31.0
34,MATUGA,MATUGA,"177,675","76,734 43.2","40,378 22.7","22,561 12.7","37,190 20.9",771,0.4,41,"76,734",43.2,"40,378",22.7,"22,561",12.7,"37,190",20.9
37,MSAMBWENI,MSAMBWENI,"159,936","61,075 38.2","52,123 32.6","22,798 14.3","22,665 14.2","1,245",0.8,30,"61,075",38.2,"52,123",32.6,"22,798",14.3,"22,665",14.2
40,SAMBURU,SAMBURU,"180,988","81,251 44.9","27,830 15.4","20,089 11.1","50,773 28.1",974,0.5,71,"81,251",44.9,"27,830",15.4,"20,089",11.1,"50,773",28.1
43,KILIFI,KILIFI,"1,323,664","605,776 45.8","282,538 21.3","175,199 13.2","250,280 18.9","9,634",0.7,237,"605,776",45.8,"282,538",21.3,"175,199",13.2,"250,280",18.9
46,CHONYI,CHONYI,"57,246","28,875 50.4","8,612 15.0","7,410 12.9","12,060 21.1",289,0.5,-,"28,875",50.4,"8,612",15.0,"7,410",12.9,"12,060",21.1
49,GANZE,GANZE,"131,101","67,193 51.3","14,842 11.3","13,191 10.1","35,066 26.7",761,0.6,48,"67,193",51.3,"14,842",11.3,"13,191",10.1,"35,066",26.7
52,KALOLENI,KALOLENI,"176,734","80,964 45.8","32,710 18.5","20,914 11.8","40,720 23.0","1,369",0.8,57,"80,964",45.8,"32,710",18.5,"20,914",11.8,"40,720",23.0
55,KAUMA,KAUMA,"20,821","10,969 52.7","3,354 16.1","1,753 8.4","4,517 21.7",228,1.1,-,"10,969",52.7,"3,354",16.1,"1,753",8.4,"4,517",21.7
58,KILIFI NORTH,KILIFI NORTH,"162,990","72,834 44.7","40,268 24.7","24,984 15.3","23,855 14.6","1,040",0.6,9,"72,834",44.7,"40,268",24.7,"24,984",15.3,"23,855",14.6
61,KILIFI SOUTH,KILIFI SOUTH,"187,663","76,984 41.0","53,927 28.7","28,002 14.9","26,646 14.2","2,092",1.1,12,"76,984",41.0,"53,927",28.7,"28,002",14.9,"26,646",14.2
64,MAGARINI,MAGARINI,"174,553","86,722 49.7","24,896 14.3","22,469 12.9","39,884 22.8",562,0.3,20,"86,722",49.7,"24,896",14.3,"22,469",12.9,"39,884",22.8
67,MALINDI,MALINDI,"301,205","132,098 43.9","76,156 25.3","43,748 14.5","46,878 15.6","2,241",0.7,84,"132,098",43.9,"76,156",25.3,"43,748",14.5,"46,878",15.6
70,RABAI,RABAI,"111,351","49,137 44.1","27,773 24.9","12,728 11.4","20,654 18.5","1,052",0.9,7,"49,137",44.1,"27,773",24.9,"12,728",11.4,"20,654",18.5
73,TANA RIVER,TANA RIVER,"284,605","95,997 33.7","32,815 11.5","29,062 10.2","125,160 44.0","1,445",0.5,126,"95,997",33.7,"32,815",11.5,"29,062",10.2,"125,160",44.0
76,TANA DELTA,TANA DELTA,"99,792","38,308 38.4","11,589 11.6","10,687 10.7","38,778 38.9",384,0.4,46,"38,308",38.4,"11,589",11.6,"10,687",10.7,"38,778",38.9
79,TANA NORTH,TANA NORTH,"105,495","28,681 27.2","10,250 9.7","7,843 7.4","57,968 54.9",724,0.7,29,"28,681",27.2,"10,250",9.7,"7,843",7.4,"57,968",54.9
82,TANA RIVER,TANA RIVER,"79,318","29,008 36.6","10,976 13.8","10,532 13.3","28,414 35.8",337,0.4,51,"29,008",36.6,"10,976",13.8,"10,532",13.3,"28,414",35.8
85,LAMU,LAMU,"130,991","50,249 38.4","30,833 23.5","22,762 17.4","26,325 20.1",786,0.6,36,"50,249",38.4,"30,833",23.5,"22,762",17.4,"26,325",20.1
88,LAMU EAST,LAMU EAST,"20,637","7,592 36.8","4,029 19.5","4,189 20.3","4,745 23.0",82,0.4,-,"7,592",36.8,"4,029",19.5,"4,189",20.3,"4,745",23.0
91,LAMU WEST,LAMU WEST,"110,354","42,657 38.7","26,804 24.3","18,573 16.8","21,580 19.6",704,0.6,36,"42,657",38.7,"26,804",24.3,"18,573",16.8,"21,580",19.6
94,TAITA/TAVETA,TAITA/TAVETA,"312,593","116,381 37.2","118,731 38.0","47,998 15.4","28,128 9.0","1,286",0.4,69,"116,381",37.2,"118,731",38.0,"47,998",15.4,"28,128",9.0
97,MWATATE,MWATATE,"76,078","28,635 37.6","27,675 36.4","12,851 16.9","6,765 8.9",143,0.2,9,"28,635",37.6,"27,675",36.4,"12,851",16.9,"6,765",8.9
100,TAITA,TAITA,"52,345","19,302 36.9","22,153 42.3","6,632 12.7","4,059 7.8",197,0.4,2,"19,302",36.9,"22,153",42.3,"6,632",12.7,"4,059",7.8
103,TAVETA,TAVETA,"82,789","31,879 38.5","25,884 31.3","15,410 18.6","9,009 10.9",585,0.7,22,"31,879",38.5,"25,884",31.3,"15,410",18.6,"9,009",10.9
106,VOI,VOI,"101,381","36,565 36.1","43,019 42.4","13,105 12.9","8,295 8.2",361,0.4,36,"36,565",36.1,"43,019",42.4,"13,105",12.9,"8,295",8.2
109,GARISSA,GARISSA,"778,006","132,990 17.1","23,144 3.0","9,508 1.2","584,730 75.2","27,479",3.5,155,"132,990",17.1,"23,144",3.0,"9,508",1.2,"584,730",75.2
112,BALAMBALA,BALAMBALA,"30,885","2,740 8.9",653 2.1,142 0.5,"26,934 87.2",416,1.3,-,"2,740",8.9,653,2.1,142,0.5,"26,934",87.2
115,DADAAB,DADAAB,"171,529","20,883 12.2","3,254 1.9","1,479 0.9","138,363 80.7","7,491",4.4,59,"20,883",12.2,"3,254",1.9,"1,479",0.9,"138,363",80.7
118,FAFI,FAFI,"123,861","15,237 12.3","2,351 1.9","1,334 1.1","102,021 82.4","2,895",2.3,23,"15,237",12.3,"2,351",1.9,"1,334",1.1,"102,021",82.4
121,GARISSA,GARISSA,"148,891","40,562 27.2","12,093 8.1","4,244 2.9","86,046 57.8","5,898",4,48,"40,562",27.2,"12,093",8.1,"4,244",2.9,"86,046",57.8
124,HULUGHO,HULUGHO,"124,947","19,993 16.0","1,347 1.1","1,038 0.8","99,237 79.4","3,324",2.7,8,"19,993",16.0,"1,347",1.1,"1,038",0.8,"99,237",79.4
127,IJARA,IJARA,"131,571","28,963 22.0","3,063 2.3","1,029 0.8","91,781 69.8","6,718",5.1,17,"28,963",22.0,"3,063",2.3,"1,029",0.8,"91,781",69.8
130,LAGDERA,LAGDERA,"46,322","4,612 10.0",383 0.8,242 0.5,"40,348 87.1",737,1.6,-,"4,612",10.0,383,0.8,242,0.5,"40,348",87.1
133,WAJIR,WAJIR,"711,571","132,611 18.6","13,792 1.9","5,489 0.8","549,406 77.2","10,209",1.4,64,"132,611",18.6,"13,792",1.9,"5,489",0.8,"549,406",77.2
136,BUNA,BUNA,"44,083","6,081 13.8",478 1.1,179 0.4,"36,483 82.8",862,2,-,"6,081",13.8,478,1.1,179,0.4,"36,483",82.8
139,ELDAS,ELDAS,"82,187","14,237 17.3",851 1.0,450 0.5,"65,185 79.3","1,464",1.8,-,"14,237",17.3,851,1.0,450,0.5,"65,185",79.3
142,HABASWEIN,HABASWEIN,"158,790","35,144 22.1","3,024 1.9","1,340 0.8","118,608 74.7",650,0.4,24,"35,144",22.1,"3,024",1.9,"1,340",0.8,"118,608",74.7
145,TARBAJ,TARBAJ,"50,653","6,525 12.9",424 0.8,271 0.5,"43,113 85.1",320,0.6,-,"6,525",12.9,424,0.8,271,0.5,"43,113",85.1
148,WAJIR EAST,WAJIR EAST,"101,247","25,940 25.6","5,590 5.5","1,791 1.8","65,460 64.7","2,439",2.4,27,"25,940",25.6,"5,590",5.5,"1,791",1.8,"65,460",64.7
151,WAJIR NORTH,WAJIR NORTH,"55,799","9,690 17.4",827 1.5,354 0.6,"43,773 78.4","1,155",2.1,-,"9,690",17.4,827,1.5,354,0.6,"43,773",78.4
154,WAJIR SOUTH,WAJIR SOUTH,"107,634","15,891 14.8","1,313 1.2",557 0.5,"88,448 82.2","1,412",1.3,13,"15,891",14.8,"1,313",1.2,557,0.5,"88,448",82.2
157,WAJIR WEST,WAJIR WEST,"111,178","19,103 17.2","1,285 1.2",547 0.5,"88,336 79.5","1,907",1.7,-,"19,103",17.2,"1,285",1.2,547,0.5,"88,336",79.5
160,MANDERA,MANDERA,"775,085","168,647 21.8","21,483 2.8","7,222 0.9","555,819 71.7","21,776",2.8,138,"168,647",21.8,"21,483",2.8,"7,222",0.9,"555,819",71.7
163,MANDERA WEST,MANDERA WEST,"86,713","22,717 26.2","1,501 1.7",596 0.7,"60,134 69.3","1,761",2,4,"22,717",26.2,"1,501",1.7,596,0.7,"60,134",69.3
166,BANISA,BANISA,"135,664","20,564 15.2","1,603 1.2",536 0.4,"110,225 81.2","2,735",2,1,"20,564",15.2,"1,603",1.2,536,0.4,"110,225",81.2
169,KOTULO,KOTULO,"63,722","16,578 26.0","1,667 2.6",562 0.9,"43,739 68.6","1,176",1.8,-,"16,578",26.0,"1,667",2.6,562,0.9,"43,739",68.6
172,LAFEY,LAFEY,"74,593","12,181 16.3",928 1.2,395 0.5,"58,134 77.9","2,954",4,1,"12,181",16.3,928,1.2,395,0.5,"58,134",77.9
175,MANDERA CENTRAL,MANDERA CENTRAL,"140,725","34,878 24.8","3,761 2.7","1,536 1.1","96,339 68.5","4,079",2.9,132,"34,878",24.8,"3,761",2.7,"1,536",1.1,"96,339",68.5
178,MANDERA EAST,MANDERA EAST,"144,168","36,560 25.4","9,290 6.4","2,707 1.9","89,821 62.3","5,790",4,-,"36,560",25.4,"9,290",6.4,"2,707",1.9,"89,821",62.3
181,MANDERA NORTH,MANDERA NORTH,"129,500","25,169 19.4","2,733 2.1",890 0.7,"97,427 75.2","3,281",2.5,-,"25,169",19.4,"2,733",2.1,890,0.7,"97,427",75.2
184,MARSABIT,MARSABIT,"409,629","108,132 26.4","25,727 6.3","12,494 3.1","259,725 63.4","3,335",0.8,216,"108,132",26.4,"25,727",6.3,"12,494",3.1,"259,725",63.4
187,LOIYANGALANI,LOIYANGALANI,"31,574","6,673 21.1",964 3.1,634 2.0,"23,141 73.3",162,0.5,-,"6,673",21.1,964,3.1,634,2.0,"23,141",73.3
190,MARSABIT CENTRAL,MARSABIT CENTRAL,"71,619","27,959 39.0","10,705 14.9","4,347 6.1","27,481 38.4","1,127",1.6,-,"27,959",39.0,"10,705",14.9,"4,347",6.1,"27,481",38.4
193,MARSABIT NORTH,MARSABIT NORTH,"45,650","10,319 22.6","1,294 2.8",663 1.5,"33,120 72.6",254,0.6,-,"10,319",22.6,"1,294",2.8,663,1.5,"33,120",72.6
196,MARSABIT SOUTH,MARSABIT SOUTH,"59,493","11,620 19.5","2,332 3.9","1,036 1.7","44,228 74.3",266,0.4,11,"11,620",19.5,"2,332",3.9,"1,036",1.7,"44,228",74.3
199,MOYALE,MOYALE,"97,766","32,258 33.0","6,761 6.9","4,004 4.1","54,087 55.3",645,0.7,11,"32,258",33.0,"6,761",6.9,"4,004",4.1,"54,087",55.3
202,NORTH HORR,NORTH HORR,"62,863","6,587 10.5","1,355 2.2",467 0.7,"53,912 85.8",354,0.6,188,"6,587",10.5,"1,355",2.2,467,0.7,"53,912",85.8
205,SOLOLO,SOLOLO,"40,664","12,716 31.3","2,316 5.7","1,343 3.3","23,756 58.4",527,1.3,6,"12,716",31.3,"2,316",5.7,"1,343",3.3,"23,756",58.4
208,ISIOLO,ISIOLO,"245,462","79,881 32.5","34,817 14.2","14,485 5.9","114,759 46.8","1,483",0.6,37,"79,881",32.5,"34,817",14.2,"14,485",5.9,"114,759",46.8
211,GARBATULLA,GARBATULLA,"92,227","25,147 27.3","6,186 6.7","2,946 3.2","57,317 62.1",619,0.7,12,"25,147",27.3,"6,186",6.7,"2,946",3.2,"57,317",62.1
214,ISIOLO,ISIOLO,"110,631","41,522 37.5","25,668 23.2","9,942 9.0","32,798 29.6",676,0.6,25,"41,522",37.5,"25,668",23.2,"9,942",9.0,"32,798",29.6
217,MERTI,MERTI,"42,604","13,212 31.0","2,963 7.0","1,597 3.7","24,644 57.8",188,0.4,-,"13,212",31.0,"2,963",7.0,"1,597",3.7,"24,644",57.8
220,MERU,MERU,"1,436,400","554,475 38.6","360,142 25.1","301,441 21.0","205,961 14.3","13,999",1,382,"554,475",38.6,"360,142",25.1,"301,441",21.0,"205,961",14.3
223,BUURI EAST,BUURI EAST,"71,784","25,158 35.0","26,395 36.8","13,320 18.6","6,405 8.9",474,0.7,32,"25,158",35.0,"26,395",36.8,"13,320",18.6,"6,405",8.9
226,BUURI WEST,BUURI WEST,"75,344","26,396 35.0","28,001 37.2","14,238 18.9","6,250 8.3",451,0.6,8,"26,396",35.0,"28,001",37.2,"14,238",18.9,"6,250",8.3
229,IGEMBE CENTRAL,IGEMBE CENTRAL,"204,412","84,771 41.5","24,445 12.0","50,589 24.7","41,948 20.5","2,617",1.3,42,"84,771",41.5,"24,445",12.0,"50,589",24.7,"41,948",20.5
232,IGEMBE NORTH,IGEMBE NORTH,"156,536","66,151 42.3","16,939 10.8","29,927 19.1","41,455 26.5","2,014",1.3,50,"66,151",42.3,"16,939",10.8,"29,927",19.1,"41,455",26.5
235,IGEMBE SOUTH,IGEMBE SOUTH,"149,522","56,443 37.7","26,006 17.4","37,957 25.4","26,764 17.9","2,296",1.5,56,"56,443",37.7,"26,006",17.4,"37,957",25.4,"26,764",17.9
238,IMENTI NORTH,IMENTI NORTH,"162,829","55,511 34.1","70,530 43.3","25,379 15.6","10,294 6.3","1,061",0.7,54,"55,511",34.1,"70,530",43.3,"25,379",15.6,"10,294",6.3
241,IMENTI SOUTH,IMENTI SOUTH,"193,742","67,801 35.0","65,743 33.9","43,429 22.4","15,235 7.9","1,517",0.8,17,"67,801",35.0,"65,743",33.9,"43,429",22.4,"15,235",7.9
244,MERU CENTRAL,MERU CENTRAL,"125,670","44,995 35.8","44,593 35.5","24,179 19.2","11,085 8.8",767,0.6,51,"44,995",35.8,"44,593",35.5,"24,179",19.2,"11,085",8.8
247,TIGANIA CENTRAL,TIGANIA CENTRAL,"97,405","41,347 42.4","16,145 16.6","23,752 24.4","15,311 15.7",847,0.9,3,"41,347",42.4,"16,145",16.6,"23,752",24.4,"15,311",15.7
250,TIGANIA EAST,TIGANIA EAST,"67,622","29,551 43.7","11,368 16.8","11,938 17.7","13,941 20.6",769,1.1,55,"29,551",43.7,"11,368",16.8,"11,938",17.7,"13,941",20.6
253,TIGANIA WEST,TIGANIA WEST,"130,798","56,289 43.0","29,571 22.6","26,565 20.3","17,173 13.1","1,186",0.9,14,"56,289",43.0,"29,571",22.6,"26,565",20.3,"17,173",13.1
256,MERU NATIONAL PARK,MERU NATIONAL PARK,294,44 15.0,229 77.9,6 2.0,15 5.1,-,-,-,44,15.0,229,77.9,6,2.0,15,5.1
259,MT. KENYA FOREST,MT. KENYA FOREST,442,18 4.1,177 40.0,162 36.7,85 19.2,-,-,-,18,4.1,177,40.0,162,36.7,85,19.2
262,THARAKA-NITHI,THARAKA-NITHI,"367,574","144,933 39.4","96,834 26.3","82,897 22.6","39,296 10.7","3,543",1,71,"144,933",39.4,"96,834",26.3,"82,897",22.6,"39,296",10.7
265,IGAMBANG'OMBE,IGAMBANG'OMBE,"49,368","20,369 41.3","9,492 19.2","13,284 26.9","5,664 11.5",544,1.1,15,"20,369",41.3,"9,492",19.2,"13,284",26.9,"5,664",11.5
268,MAARA,MAARA,"108,517","37,866 34.9","36,716 33.8","25,656 23.6","7,384 6.8",882,0.8,13,"37,866",34.9,"36,716",33.8,"25,656",23.6,"7,384",6.8
271,MERU SOUTH,MERU SOUTH,"85,236","30,872 36.2","29,636 34.8","18,458 21.7","5,550 6.5",699,0.8,21,"30,872",36.2,"29,636",34.8,"18,458",21.7,"5,550",6.5
274,THARAKA NORTH,THARAKA NORTH,"54,321","23,967 44.1","7,847 14.4","10,367 19.1","10,996 20.2","1,127",2.1,17,"23,967",44.1,"7,847",14.4,"10,367",19.1,"10,996",20.2
277,THARAKA SOUTH,THARAKA SOUTH,"69,972","31,795 45.4","13,065 18.7","15,120 21.6","9,696 13.9",291,0.4,5,"31,795",45.4,"13,065",18.7,"15,120",21.6,"9,696",13.9
280,MT. KENYA FOREST,MT. KENYA FOREST,160,64 40.0,78 48.8,12 7.5,6 3.8,-,-,-,64,40.0,78,48.8,12,7.5,6,3.8
283,EMBU,EMBU,"568,228","205,389 36.1","180,500 31.8","131,329 23.1","48,555 8.5","2,404",0.4,51,"205,389",36.1,"180,500",31.8,"131,329",23.1,"48,555",8.5
286,EMBU EAST,EMBU EAST,"122,079","41,231 33.8","38,387 31.4","31,506 25.8","10,483 8.6",469,0.4,3,"41,231",33.8,"38,387",31.4,"31,506",25.8,"10,483",8.6
289,EMBU NORTH,EMBU NORTH,"75,194","25,255 33.6","24,666 32.8","18,336 24.4","6,717 8.9",216,0.3,4,"25,255",33.6,"24,666",32.8,"18,336",24.4,"6,717",8.9
292,EMBU WEST,EMBU WEST,"116,797","38,642 33.1","47,698 40.8","22,991 19.7","6,955 6.0",502,0.4,9,"38,642",33.1,"47,698",40.8,"22,991",19.7,"6,955",6.0
295,MBEERE SOUTH,MBEERE SOUTH,"152,697","58,147 38.1","45,348 29.7","34,852 22.8","13,558 8.9",762,0.5,30,"58,147",38.1,"45,348",29.7,"34,852",22.8,"13,558",8.9
298,MBEERE NORTH,MBEERE NORTH,"101,440","42,114 41.5","24,381 24.0","23,643 23.3","10,842 10.7",455,0.4,5,"42,114",41.5,"24,381",24.0,"23,643",23.3,"10,842",10.7
301,MT. KENYA FOREST,MT. KENYA FOREST,21,- -,20 95.2,1 4.8,- -,-,-,-,-,-,20,95.2,1,4.8,-,-
304,KITUI,KITUI,"1,056,907","490,726 46.4","265,238 25.1","152,030 14.4","136,969 13.0","11,795",1.1,149,"490,726",46.4,"265,238",25.1,"152,030",14.4,"136,969",13.0
307,IKUTHA,IKUTHA,"77,563","39,676 51.2","15,378 19.8","11,877 15.3","9,400 12.1","1,229",1.6,3,"39,676",51.2,"15,378",19.8,"11,877",15.3,"9,400",12.1
310,KATULANI,KATULANI,"44,328","18,641 42.1","13,632 30.8","6,425 14.5","4,896 11.0",734,1.7,-,"18,641",42.1,"13,632",30.8,"6,425",14.5,"4,896",11.0
313,KISASI,KISASI,"43,226","19,501 45.1","10,676 24.7","7,396 17.1","5,286 12.2",360,0.8,7,"19,501",45.1,"10,676",24.7,"7,396",17.1,"5,286",12.2
316,KITUI CENTRAL,KITUI CENTRAL,"97,406","39,644 40.7","35,837 36.8","13,394 13.8","7,671 7.9",852,0.9,8,"39,644",40.7,"35,837",36.8,"13,394",13.8,"7,671",7.9
319,KITUI WEST,KITUI WEST,"66,202","29,215 44.1","21,826 33.0","8,742 13.2","5,922 8.9",497,0.8,-,"29,215",44.1,"21,826",33.0,"8,742",13.2,"5,922",8.9
322,KYUSO,KYUSO,"71,052","34,600 48.7","12,965 18.2","11,286 15.9","11,140 15.7","1,053",1.5,8,"34,600",48.7,"12,965",18.2,"11,286",15.9,"11,140",15.7
325,LOWER YATTA,LOWER YATTA,"59,184","26,585 44.9","14,826 25.1","9,950 16.8","6,806 11.5","1,011",1.7,6,"26,585",44.9,"14,826",25.1,"9,950",16.8,"6,806",11.5
328,MATINYANI,MATINYANI,"44,779","19,193 42.9","14,153 31.6","6,715 15.0","4,437 9.9",281,0.6,-,"19,193",42.9,"14,153",31.6,"6,715",15.0,"4,437",9.9
331,MIGWANI,MIGWANI,"73,803","33,664 45.6","23,025 31.2","8,964 12.1","7,271 9.9",855,1.2,24,"33,664",45.6,"23,025",31.2,"8,964",12.1,"7,271",9.9
334,MUMONI,MUMONI,"27,319","13,808 50.5","4,787 17.5","4,817 17.6","3,647 13.3",258,0.9,2,"13,808",50.5,"4,787",17.5,"4,817",17.6,"3,647",13.3
337,MUTITU,MUTITU,"51,464","25,958 50.4","8,943 17.4","6,259 12.2","9,577 18.6",678,1.3,49,"25,958",50.4,"8,943",17.4,"6,259",12.2,"9,577",18.6
340,MUTITU NORTH,MUTITU NORTH,"19,815","9,275 46.8","4,869 24.6","2,857 14.4","2,657 13.4",152,0.8,5,"9,275",46.8,"4,869",24.6,"2,857",14.4,"2,657",13.4
343,MUTOMO,MUTOMO,"105,422","51,247 48.6","21,277 20.2","14,541 13.8","17,523 16.6",828,0.8,6,"51,247",48.6,"21,277",20.2,"14,541",13.8,"17,523",16.6
346,MWINGI CENTRAL,MWINGI CENTRAL,"100,501","46,035 45.8","26,978 26.8","13,360 13.3","13,107 13.0","1,007",1,14,"46,035",45.8,"26,978",26.8,"13,360",13.3,"13,107",13.0
349,MWINGI EAST,MWINGI EAST,"79,205","39,172 49.5","14,419 18.2","10,957 13.8","13,537 17.1","1,103",1.4,17,"39,172",49.5,"14,419",18.2,"10,957",13.8,"13,537",17.1
352,NZAMBANI,NZAMBANI,"43,682","19,051 43.6","12,982 29.7","6,592 15.1","4,717 10.8",340,0.8,-,"19,051",43.6,"12,982",29.7,"6,592",15.1,"4,717",10.8
355,THAGICU,THAGICU,"14,025","6,905 49.2","2,593 18.5","2,280 16.3","2,182 15.6",65,0.5,-,"6,905",49.2,"2,593",18.5,"2,280",16.3,"2,182",15.6
358,TSEIKURU,TSEIKURU,"37,931","18,556 48.9","6,072 16.0","5,618 14.8","7,193 19.0",492,1.3,-,"18,556",48.9,"6,072",16.0,"5,618",14.8,"7,193",19.0
361,MACHAKOS,MACHAKOS,"1,327,172","505,677 38.1","519,446 39.1","203,283 15.3","86,929 6.5","11,638",0.9,199,"505,677",38.1,"519,446",39.1,"203,283",15.3,"86,929",6.5
364,ATHI RIVER,ATHI RIVER,"295,790","98,497 33.3","151,215 51.1","32,500 11.0","10,789 3.6","2,662",0.9,127,"98,497",33.3,"151,215",51.1,"32,500",11.0,"10,789",3.6
367,KALAMA,KALAMA,"51,542","19,779 38.4","19,205 37.3","6,915 13.4","5,181 10.1",461,0.9,1,"19,779",38.4,"19,205",37.3,"6,915",13.4,"5,181",10.1
370,KANGUNDO,KANGUNDO,"92,505","35,182 38.0","34,196 37.0","17,672 19.1","5,041 5.4",412,0.4,2,"35,182",38.0,"34,196",37.0,"17,672",19.1,"5,041",5.4
373,KATHIANI,KATHIANI,"105,562","42,712 40.5","36,686 34.8","18,540 17.6","6,877 6.5",734,0.7,13,"42,712",40.5,"36,686",34.8,"18,540",17.6,"6,877",6.5
376,MACHAKOS,MACHAKOS,"158,036","54,322 34.4","75,229 47.6","19,480 12.3","7,820 4.9","1,170",0.7,15,"54,322",34.4,"75,229",47.6,"19,480",12.3,"7,820",4.9
379,MASINGA,MASINGA,"138,933","59,688 43.0","38,008 27.4","26,094 18.8","13,506 9.7","1,621",1.2,16,"59,688",43.0,"38,008",27.4,"26,094",18.8,"13,506",9.7
382,MATUNGULU,MATUNGULU,"151,535","58,093 38.3","56,185 37.1","26,731 17.6","8,879 5.9","1,639",1.1,8,"58,093",38.3,"56,185",37.1,"26,731",17.6,"8,879",5.9
385,MWALA,MWALA,"171,999","69,402 40.4","59,957 34.9","27,719 16.1","13,925 8.1",985,0.6,11,"69,402",40.4,"59,957",34.9,"27,719",16.1,"13,925",8.1
388,YATTA,YATTA,"161,270","68,002 42.2","48,765 30.2","27,632 17.1","14,911 9.2","1,954",1.2,6,"68,002",42.2,"48,765",30.2,"27,632",17.1,"14,911",9.2
391,MAKUENI,MAKUENI,"921,168","395,627 42.9","276,206 30.0","165,325 17.9","71,509 7.8","12,357",1.3,144,"395,627",42.9,"276,206",30.0,"165,325",17.9,"71,509",7.8
394,KATHONZWENI,KATHONZWENI,"74,893","33,164 44.3","21,495 28.7","12,469 16.6","6,114 8.2","1,647",2.2,4,"33,164",44.3,"21,495",28.7,"12,469",16.6,"6,114",8.2
397,KIBWEZI,KIBWEZI,"182,688","82,524 45.2","46,652 25.5","34,188 18.7","16,731 9.2","2,573",1.4,20,"82,524",45.2,"46,652",25.5,"34,188",18.7,"16,731",9.2
400,KILUNGU,KILUNGU,"57,412","25,498 44.4","17,145 29.9","9,870 17.2","4,293 7.5",593,1,13,"25,498",44.4,"17,145",29.9,"9,870",17.2,"4,293",7.5
403,MAKINDU,MAKINDU,"78,427","33,771 43.1","23,198 29.6","13,632 17.4","6,705 8.5","1,094",1.4,27,"33,771",43.1,"23,198",29.6,"13,632",17.4,"6,705",8.5
406,MAKUENI,MAKUENI,"121,484","48,433 39.9","43,475 35.8","20,754 17.1","7,656 6.3","1,162",1,4,"48,433",39.9,"43,475",35.8,"20,754",17.1,"7,656",6.3
409,MBOONI EAST,MBOONI EAST,"92,210","39,608 43.0","26,985 29.3","16,829 18.3","7,480 8.1","1,305",1.4,3,"39,608",43.0,"26,985",29.3,"16,829",18.3,"7,480",8.1
412,MBOONI WEST,MBOONI WEST,"96,464","42,564 44.1","27,054 28.0","18,984 19.7","6,328 6.6","1,526",1.6,8,"42,564",44.1,"27,054",28.0,"18,984",19.7,"6,328",6.6
415,MUKAA,MUKAA,"100,143","39,315 39.3","34,130 34.1","18,394 18.4","7,018 7.0","1,254",1.3,32,"39,315",39.3,"34,130",34.1,"18,394",18.4,"7,018",7.0
418,NZAUI,NZAUI,"117,447","50,750 43.2","36,072 30.7","20,205 17.2","9,184 7.8","1,203",1,33,"50,750",43.2,"36,072",30.7,"20,205",17.2,"9,184",7.8
421,NYANDARUA,NYANDARUA,"594,649","249,756 42.0","199,054 33.5","105,160 17.7","38,777 6.5","1,836",0.3,66,"249,756",42.0,"199,054",33.5,"105,160",17.7,"38,777",6.5
424,KINANGOP,KINANGOP,"103,793","43,363 41.8","33,354 32.1","19,541 18.8","7,351 7.1",168,0.2,16,"43,363",41.8,"33,354",32.1,"19,541",18.8,"7,351",7.1
427,NYANDARUA SOUTH,NYANDARUA SOUTH,"87,189","37,199 42.7","29,986 34.4","14,567 16.7","5,251 6.0",182,0.2,4,"37,199",42.7,"29,986",34.4,"14,567",16.7,"5,251",6.0
430,MIRANGINE,MIRANGINE,"62,731","26,957 43.0","19,491 31.1","11,511 18.3","4,621 7.4",144,0.2,7,"26,957",43.0,"19,491",31.1,"11,511",18.3,"4,621",7.4
433,KIPIPIRI,KIPIPIRI,"87,881","38,278 43.6","27,710 31.5","15,268 17.4","6,377 7.3",234,0.3,14,"38,278",43.6,"27,710",31.5,"15,268",17.4,"6,377",7.3
436,NYANDARUA CENTRAL,NYANDARUA CENTRAL,"69,596","28,484 40.9","23,605 33.9","12,828 18.4","4,400 6.3",270,0.4,9,"28,484",40.9,"23,605",33.9,"12,828",18.4,"4,400",6.3
439,NYANDARUA WEST,NYANDARUA WEST,"91,217","37,017 40.6","31,439 34.5","17,344 19.0","5,061 5.5",352,0.4,4,"37,017",40.6,"31,439",34.5,"17,344",19.0,"5,061",5.5
442,NYANDARUA NORTH,NYANDARUA NORTH,"92,228","38,458 41.7","33,455 36.3","14,101 15.3","5,716 6.2",486,0.5,12,"38,458",41.7,"33,455",36.3,"14,101",15.3,"5,716",6.2
445,ABERDARE NATIONAL PARK,ABERDARE NATIONAL PARK,14,- -,14 100.0,- -,- -,-,-,-,-,-,14,100.0,-,-,-,-
448,NYERI,NYERI,"709,353","253,898 35.8","301,927 42.6","113,307 16.0","36,036 5.1","4,138",0.6,47,"253,898",35.8,"301,927",42.6,"113,307",16.0,"36,036",5.1
451,TETU,TETU,"75,931","26,827 35.3","32,415 42.7","12,312 16.2","4,121 5.4",254,0.3,2,"26,827",35.3,"32,415",42.7,"12,312",16.2,"4,121",5.4
454,KIENI EAST,KIENI EAST,"102,812","37,003 36.0","44,148 42.9","16,204 15.8","5,012 4.9",437,0.4,8,"37,003",36.0,"44,148",42.9,"16,204",15.8,"5,012",4.9
457,KIENI WEST,KIENI WEST,"82,829","31,845 38.4","33,177 40.1","12,931 15.6","4,335 5.2",536,0.6,5,"31,845",38.4,"33,177",40.1,"12,931",15.6,"4,335",5.2
460,MATHIRA EAST,MATHIRA EAST,"93,027","33,214 35.7","39,579 42.5","15,655 16.8","4,026 4.3",550,0.6,3,"33,214",35.7,"39,579",42.5,"15,655",16.8,"4,026",4.3
463,MATHIRA WEST,MATHIRA WEST,"56,676","19,857 35.0","23,194 40.9","10,677 18.8","2,723 4.8",217,0.4,8,"19,857",35.0,"23,194",40.9,"10,677",18.8,"2,723",4.8
466,NYERI SOUTH,NYERI SOUTH,"85,827","30,669 35.7","35,818 41.7","13,494 15.7","5,441 6.3",403,0.5,2,"30,669",35.7,"35,818",41.7,"13,494",15.7,"5,441",6.3
469,MUKURWE-INI,MUKURWE-INI,"83,933","30,159 35.9","31,566 37.6","15,892 18.9","5,655 6.7",657,0.8,4,"30,159",35.9,"31,566",37.6,"15,892",18.9,"5,655",6.7
472,NYERI CENTRAL,NYERI CENTRAL,"128,041","44,275 34.6","61,841 48.3","16,110 12.6","4,716 3.7","1,084",0.8,15,"44,275",34.6,"61,841",48.3,"16,110",12.6,"4,716",3.7
475,MT. KENYA FOREST,MT. KENYA FOREST,178,44 24.7,101 56.7,29 16.3,4 2.2,-,-,-,44,24.7,101,56.7,29,16.3,4,2.2
478,ABERDARE FOREST,ABERDARE FOREST,99,5 5.1,88 88.9,3 3.0,3 3.0,-,-,-,5,5.1,88,88.9,3,3.0,3,3.0
481,KIRINYAGA,KIRINYAGA,"571,312","193,518 33.9","199,413 34.9","136,968 24.0","37,445 6.6","3,931",0.7,37,"193,518",33.9,"199,413",34.9,"136,968",24.0,"37,445",6.6
484,KIRINYAGA CENTRAL,KIRINYAGA CENTRAL,"114,807","38,430 33.5","44,653 38.9","23,571 20.5","7,105 6.2","1,045",0.9,3,"38,430",33.5,"44,653",38.9,"23,571",20.5,"7,105",6.2
487,KIRINYAGA EAST,KIRINYAGA EAST,"127,964","41,819 32.7","43,513 34.0","33,261 26.0","8,620 6.7",731,0.6,20,"41,819",32.7,"43,513",34.0,"33,261",26.0,"8,620",6.7
490,KIRINYAGA WEST,KIRINYAGA WEST,"107,763","37,514 34.8","41,086 38.1","21,824 20.3","6,793 6.3",543,0.5,3,"37,514",34.8,"41,086",38.1,"21,824",20.3,"6,793",6.3
493,MWEA EAST,MWEA EAST,"122,344","40,992 33.5","40,192 32.9","31,782 26.0","8,308 6.8","1,061",0.9,9,"40,992",33.5,"40,192",32.9,"31,782",26.0,"8,308",6.8
496,MWEA WEST,MWEA WEST,"98,400","34,760 35.3","29,941 30.4","26,527 27.0","6,619 6.7",551,0.6,2,"34,760",35.3,"29,941",30.4,"26,527",27.0,"6,619",6.7
499,MT. KENYA FOREST,MT. KENYA FOREST,34,3 8.8,28 82.4,3 8.8,- -,-,-,-,3,8.8,28,82.4,3,8.8,-,-
502,MURANG'A,MURANG'A,"988,224","358,844 36.3","358,964 36.3","193,814 19.6","72,326 7.3","4,133",0.4,143,"358,844",36.3,"358,964",36.3,"193,814",19.6,"72,326",7.3
505,MURANG'A EAST,MURANG'A EAST,"101,606","35,232 34.7","41,784 41.1","16,745 16.5","7,418 7.3",421,0.4,6,"35,232",34.7,"41,784",41.1,"16,745",16.5,"7,418",7.3
508,KANGEMA,KANGEMA,"75,668","26,598 35.2","29,670 39.2","13,379 17.7","5,775 7.6",246,0.3,-,"26,598",35.2,"29,670",39.2,"13,379",17.7,"5,775",7.6
511,MATHIOYA,MATHIOYA,"87,438","31,439 36.0","32,226 36.9","15,594 17.8","7,766 8.9",398,0.5,15,"31,439",36.0,"32,226",36.9,"15,594",17.8,"7,766",8.9
514,KAHURO,KAHURO,"83,338","29,727 35.7","29,774 35.7","17,421 20.9","6,090 7.3",318,0.4,8,"29,727",35.7,"29,774",35.7,"17,421",20.9,"6,090",7.3
517,MURANG'A SOUTH,MURANG'A SOUTH,"172,158","64,167 37.3","59,067 34.3","35,977 20.9","12,238 7.1",682,0.4,27,"64,167",37.3,"59,067",34.3,"35,977",20.9,"12,238",7.1
520,GATANGA,GATANGA,"175,723","65,058 37.0","64,029 36.4","34,256 19.5","11,552 6.6",799,0.5,29,"65,058",37.0,"64,029",36.4,"34,256",19.5,"11,552",6.6
523,KIGUMO,KIGUMO,"128,481","46,894 36.5","43,644 34.0","27,598 21.5","9,786 7.6",530,0.4,29,"46,894",36.5,"43,644",34.0,"27,598",21.5,"9,786",7.6
526,KANDARA,KANDARA,"163,770","59,723 36.5","58,742 35.9","32,837 20.1","11,700 7.1",739,0.5,29,"59,723",36.5,"58,742",35.9,"32,837",20.1,"11,700",7.1
529,ABERDARE FOREST,ABERDARE FOREST,42,6 14.3,28 66.7,7 16.7,1 2.4,-,-,-,6,14.3,28,66.7,7,16.7,1,2.4
532,KIAMBU,KIAMBU,"2,231,514","778,586 34.9","1,013,910 45.4","326,845 14.6","98,594 4.4","13,057",0.6,522,"778,586",34.9,"1,013,910",45.4,"326,845",14.6,"98,594",4.4
535,GATUNDU NORTH,GATUNDU NORTH,"102,915","36,935 35.9","36,830 35.8","21,494 20.9","7,082 6.9",557,0.5,17,"36,935",35.9,"36,830",35.8,"21,494",20.9,"7,082",6.9
538,GATUNDU SOUTH,GATUNDU SOUTH,"114,575","39,811 34.7","43,889 38.3","21,707 18.9","8,355 7.3",771,0.7,42,"39,811",34.7,"43,889",38.3,"21,707",18.9,"8,355",7.3
541,GITHUNGURI,GITHUNGURI,"155,046","53,711 34.6","63,053 40.7","28,090 18.1","9,457 6.1",716,0.5,19,"53,711",34.6,"63,053",40.7,"28,090",18.1,"9,457",6.1
544,JUJA,JUJA,"277,171","102,232 36.9","128,017 46.2","35,625 12.9","9,567 3.5","1,655",0.6,75,"102,232",36.9,"128,017",46.2,"35,625",12.9,"9,567",3.5
547,KABETE,KABETE,"184,688","62,008 33.6","89,489 48.5","25,173 13.6","6,810 3.7","1,165",0.6,43,"62,008",33.6,"89,489",48.5,"25,173",13.6,"6,810",3.7
550,KIAMBAA,KIAMBAA,"218,165","71,027 32.6","104,756 48.0","31,176 14.3","9,649 4.4","1,474",0.7,83,"71,027",32.6,"104,756",48.0,"31,176",14.3,"9,649",4.4
553,KIAMBU,KIAMBU,"133,949","43,881 32.8","65,022 48.5","18,408 13.7","5,755 4.3",822,0.6,61,"43,881",32.8,"65,022",48.5,"18,408",13.7,"5,755",4.3
556,KIKUYU,KIKUYU,"172,833","59,423 34.4","82,430 47.7","23,152 13.4","7,080 4.1",733,0.4,15,"59,423",34.4,"82,430",47.7,"23,152",13.4,"7,080",4.1
559,LARI,LARI,"125,884","47,619 37.8","45,493 36.1","24,225 19.2","7,784 6.2",755,0.6,8,"47,619",37.8,"45,493",36.1,"24,225",19.2,"7,784",6.2
562,LIMURU,LIMURU,"147,004","53,174 36.2","62,532 42.5","23,212 15.8","7,384 5.0",680,0.5,22,"53,174",36.2,"62,532",42.5,"23,212",15.8,"7,384",5.0
565,RUIRU,RUIRU,"340,681","116,732 34.3","169,893 49.9","40,834 12.0","10,509 3.1","2,635",0.8,78,"116,732",34.3,"169,893",49.9,"40,834",12.0,"10,509",3.1
568,THIKA EAST,THIKA EAST,"35,971","12,908 35.9","13,773 38.3","7,090 19.7","2,033 5.7",160,0.4,7,"12,908",35.9,"13,773",38.3,"7,090",19.7,"2,033",5.7
571,THIKA WEST,THIKA WEST,"222,632","79,125 35.5","108,733 48.8","26,659 12.0","7,129 3.2",934,0.4,52,"79,125",35.5,"108,733",48.8,"26,659",12.0,"7,129",3.2
574,TURKANA,TURKANA,"851,797","184,015 21.6","33,028 3.9","28,982 3.4","584,977 68.7","20,077",2.4,718,"184,015",21.6,"33,028",3.9,"28,982",3.4,"584,977",68.7
577,KIBISH,KIBISH,"33,611","2,577 7.7",277 0.8,315 0.9,"30,064 89.4",378,1.1,-,"2,577",7.7,277,0.8,315,0.9,"30,064",89.4
580,LOIMA,LOIMA,"98,183","14,212 14.5","1,109 1.1","2,003 2.0","78,451 79.9","2,298",2.3,110,"14,212",14.5,"1,109",1.1,"2,003",2.0,"78,451",79.9
583,TURKANA CENTRAL,TURKANA CENTRAL,"166,135","53,043 31.9","15,618 9.4","12,800 7.7","82,792 49.8","1,826",1.1,56,"53,043",31.9,"15,618",9.4,"12,800",7.7,"82,792",49.8
586,TURKANA EAST,TURKANA EAST,"130,834","16,281 12.4","2,663 2.0","1,728 1.3","105,534 80.7","4,477",3.4,151,"16,281",12.4,"2,663",2.0,"1,728",1.3,"105,534",80.7
589,TURKANA NORTH,TURKANA NORTH,"59,378","9,689 16.3","1,120 1.9","1,079 1.8","45,956 77.4","1,530",2.6,4,"9,689",16.3,"1,120",1.9,"1,079",1.8,"45,956",77.4
592,TURKANA SOUTH,TURKANA SOUTH,"142,538","31,741 22.3","4,851 3.4","4,591 3.2","98,044 68.8","3,226",2.3,85,"31,741",22.3,"4,851",3.4,"4,591",3.2,"98,044",68.8
595,TURKANA WEST,TURKANA WEST,"221,118","56,472 25.5","7,390 3.3","6,466 2.9","144,136 65.2","6,342",2.9,312,"56,472",25.5,"7,390",3.3,"6,466",2.9,"144,136",65.2
598,WEST POKOT,WEST POKOT,"553,584","235,136 42.5","36,841 6.7","56,672 10.2","218,972 39.6","5,860",1.1,103,"235,136",42.5,"36,841",6.7,"56,672",10.2,"218,972",39.6
601,KIPKOMO,KIPKOMO,"91,581","48,572 53.0","6,410 7.0","12,468 13.6","23,302 25.4",829,0.9,-,"48,572",53.0,"6,410",7.0,"12,468",13.6,"23,302",25.4
604,POKOT CENTRAL,POKOT CENTRAL,"106,071","42,955 40.5","3,926 3.7","11,271 10.6","47,095 44.4",806,0.8,18,"42,955",40.5,"3,926",3.7,"11,271",10.6,"47,095",44.4
607,POKOT NORTH,POKOT NORTH,"118,673","27,221 22.9","3,081 2.6","3,584 3.0","83,724 70.6","1,005",0.8,58,"27,221",22.9,"3,081",2.6,"3,584",3.0,"83,724",70.6
610,POKOT SOUTH,POKOT SOUTH,"72,458","41,818 57.7","5,071 7.0","9,784 13.5","14,667 20.2","1,118",1.5,-,"41,818",57.7,"5,071",7.0,"9,784",13.5,"14,667",20.2
613,WEST POKOT,WEST POKOT,"164,801","74,570 45.2","18,353 11.1","19,565 11.9","50,184 30.5","2,102",1.3,27,"74,570",45.2,"18,353",11.1,"19,565",11.9,"50,184",30.5
616,SAMBURU,SAMBURU,"279,891","86,608 30.9","21,260 7.6","12,334 4.4","157,284 56.2","2,377",0.8,28,"86,608",30.9,"21,260",7.6,"12,334",4.4,"157,284",56.2
619,SAMBURU CENTRAL,SAMBURU CENTRAL,"149,358","55,364 37.1","13,832 9.3","8,173 5.5","70,391 47.1","1,578",1.1,20,"55,364",37.1,"13,832",9.3,"8,173",5.5,"70,391",47.1
622,SAMBURU EAST,SAMBURU EAST,"69,944","17,726 25.3","4,901 7.0","2,660 3.8","44,187 63.2",469,0.7,1,"17,726",25.3,"4,901",7.0,"2,660",3.8,"44,187",63.2
625,SAMBURU NORTH,SAMBURU NORTH,"60,589","13,518 22.3","2,527 4.2","1,501 2.5","42,706 70.5",330,0.5,7,"13,518",22.3,"2,527",4.2,"1,501",2.5,"42,706",70.5
628,TRANS NZOIA,TRANS NZOIA,"911,209","440,977 48.4","173,534 19.0","193,088 21.2","93,829 10.3","9,713",1.1,68,"440,977",48.4,"173,534",19.0,"193,088",21.2,"93,829",10.3
631,TRANS NZOIA WEST,TRANS NZOIA WEST,"184,140","87,077 47.3","37,213 20.2","40,774 22.1","16,704 9.1","2,336",1.3,36,"87,077",47.3,"37,213",20.2,"40,774",22.1,"16,704",9.1
634,TRANS NZOIA EAST,TRANS NZOIA EAST,"212,422","105,393 49.6","40,482 19.1","41,794 19.7","22,014 10.4","2,727",1.3,12,"105,393",49.6,"40,482",19.1,"41,794",19.7,"22,014",10.4
637,KWANZA,KWANZA,"188,466","91,168 48.4","34,511 18.3","38,048 20.2","22,405 11.9","2,326",1.2,8,"91,168",48.4,"34,511",18.3,"38,048",20.2,"22,405",11.9
640,ENDEBESS,ENDEBESS,"102,457","50,202 49.0","12,036 11.7","25,440 24.8","14,151 13.8",626,0.6,2,"50,202",49.0,"12,036",11.7,"25,440",24.8,"14,151",13.8
643,KIMININI,KIMININI,"223,724","107,137 47.9","49,292 22.0","47,032 21.0","18,555 8.3","1,698",0.8,10,"107,137",47.9,"49,292",22.0,"47,032",21.0,"18,555",8.3
646,UASIN GISHU,UASIN GISHU,"1,070,335","480,402 44.9","321,505 30.0","180,625 16.9","79,032 7.4","8,633",0.8,138,"480,402",44.9,"321,505",30.0,"180,625",16.9,"79,032",7.4
649,AINABKOI,AINABKOI,"127,533","57,988 45.5","41,597 32.6","17,693 13.9","9,538 7.5",706,0.6,11,"57,988",45.5,"41,597",32.6,"17,693",13.9,"9,538",7.5
652,KAPSERET,KAPSERET,"182,852","77,598 42.4","63,881 34.9","30,189 16.5","9,559 5.2","1,578",0.9,47,"77,598",42.4,"63,881",34.9,"30,189",16.5,"9,559",5.2
655,KESSES,KESSES,"137,814","65,544 47.6","36,970 26.8","22,931 16.6","11,734 8.5",622,0.5,13,"65,544",47.6,"36,970",26.8,"22,931",16.6,"11,734",8.5
658,MOIBEN,MOIBEN,"165,378","73,257 44.3","54,495 33.0","24,508 14.8","11,894 7.2","1,209",0.7,15,"73,257",44.3,"54,495",33.0,"24,508",14.8,"11,894",7.2
661,SOY,SOY,"211,662","100,702 47.6","48,947 23.1","42,352 20.0","17,599 8.3","2,035",1,27,"100,702",47.6,"48,947",23.1,"42,352",20.0,"17,599",8.3
664,TURBO,TURBO,"245,096","105,313 43.0","75,615 30.9","42,952 17.5","18,708 7.6","2,483",1,25,"105,313",43.0,"75,615",30.9,"42,952",17.5,"18,708",7.6
667,ELGEYO/MARAKWET,ELGEYO/MARAKWET,"418,765","203,979 48.7","93,397 22.3","65,739 15.7","52,047 12.4","3,541",0.8,62,"203,979",48.7,"93,397",22.3,"65,739",15.7,"52,047",12.4
670,KEIYO NORTH,KEIYO NORTH,"91,430","42,628 46.6","28,055 30.7","12,537 13.7","7,697 8.4",498,0.5,15,"42,628",46.6,"28,055",30.7,"12,537",13.7,"7,697",8.4
673,KEIYO SOUTH,KEIYO SOUTH,"112,236","53,990 48.1","29,430 26.2","17,097 15.2","9,984 8.9","1,715",1.5,20,"53,990",48.1,"29,430",26.2,"17,097",15.2,"9,984",8.9
676,MARAKWET EAST,MARAKWET EAST,"88,986","45,934 51.6","12,143 13.6","12,906 14.5","17,694 19.9",308,0.3,1,"45,934",51.6,"12,143",13.6,"12,906",14.5,"17,694",19.9
679,MARAKWET WEST,MARAKWET WEST,"126,113","61,427 48.7","23,769 18.8","23,199 18.4","16,672 13.2","1,020",0.8,26,"61,427",48.7,"23,769",18.8,"23,199",18.4,"16,672",13.2
682,NANDI,NANDI,"822,163","390,831 47.5","166,706 20.3","186,639 22.7","70,665 8.6","7,242",0.9,80,"390,831",47.5,"166,706",20.3,"186,639",22.7,"70,665",8.6
685,CHESUMEI,CHESUMEI,"152,235","69,608 45.7","37,839 24.9","32,606 21.4","10,852 7.1","1,326",0.9,4,"69,608",45.7,"37,839",24.9,"32,606",21.4,"10,852",7.1
688,NANDI CENTRAL,NANDI CENTRAL,"136,533","62,865 46.0","31,831 23.3","28,924 21.2","11,858 8.7","1,055",0.8,-,"62,865",46.0,"31,831",23.3,"28,924",21.2,"11,858",8.7
691,NANDI EAST,NANDI EAST,"110,834","51,575 46.5","23,672 21.4","25,800 23.3","9,274 8.4",470,0.4,43,"51,575",46.5,"23,672",21.4,"25,800",23.3,"9,274",8.4
694,NANDI NORTH,NANDI NORTH,"154,455","75,700 49.0","27,014 17.5","36,134 23.4","13,239 8.6","2,354",1.5,14,"75,700",49.0,"27,014",17.5,"36,134",23.4,"13,239",8.6
697,NANDI SOUTH,NANDI SOUTH,"160,898","77,802 48.4","30,499 19.0","36,954 23.0","14,797 9.2",838,0.5,8,"77,802",48.4,"30,499",19.0,"36,954",23.0,"14,797",9.2
700,TINDERET,TINDERET,"107,208","53,281 49.7","15,851 14.8","26,221 24.5","10,645 9.9","1,199",1.1,11,"53,281",49.7,"15,851",14.8,"26,221",24.5,"10,645",9.9
703,BARINGO,BARINGO,"609,555","253,878 41.6","124,066 20.4","67,739 11.1","157,298 25.8","6,530",1.1,44,"253,878",41.6,"124,066",20.4,"67,739",11.1,"157,298",25.8
706,BARINGO CENTRAL,BARINGO CENTRAL,"89,180","42,317 47.5","29,046 32.6","10,050 11.3","7,236 8.1",530,0.6,1,"42,317",47.5,"29,046",32.6,"10,050",11.3,"7,236",8.1
709,BARINGO NORTH,BARINGO NORTH,"96,670","47,924 49.6","21,442 22.2","12,943 13.4","13,057 13.5","1,301",1.3,3,"47,924",49.6,"21,442",22.2,"12,943",13.4,"13,057",13.5
712,EAST POKOT,EAST POKOT,"73,135","12,743 17.4","1,763 2.4","1,052 1.4","56,364 77.1","1,208",1.7,5,"12,743",17.4,"1,763",2.4,"1,052",1.4,"56,364",77.1
715,KOIBATEK,KOIBATEK,"119,478","55,856 46.8","36,782 30.8","18,522 15.5","7,389 6.2",921,0.8,8,"55,856",46.8,"36,782",30.8,"18,522",15.5,"7,389",6.2
718,MARIGAT,MARIGAT,"80,968","41,259 51.0","13,931 17.2","11,452 14.1","13,485 16.7",831,1,10,"41,259",51.0,"13,931",17.2,"11,452",14.1,"13,485",16.7
721,MOGOTIO,MOGOTIO,"83,716","41,411 49.5","19,335 23.1","12,127 14.5","9,945 11.9",897,1.1,1,"41,411",49.5,"19,335",23.1,"12,127",14.5,"9,945",11.9
724,TIATY EAST,TIATY EAST,"66,408","12,368 18.6","1,767 2.7","1,593 2.4","49,822 75.0",842,1.3,16,"12,368",18.6,"1,767",2.7,"1,593",2.4,"49,822",75.0
727,LAIKIPIA,LAIKIPIA,"475,756","184,613 38.8","152,372 32.0","59,213 12.4","76,475 16.1","3,045",0.6,38,"184,613",38.8,"152,372",32.0,"59,213",12.4,"76,475",16.1
730,LAIKIPIA CENTRAL,LAIKIPIA CENTRAL,"89,229","34,143 38.3","35,196 39.4","13,521 15.2","5,583 6.3",774,0.9,12,"34,143",38.3,"35,196",39.4,"13,521",15.2,"5,583",6.3
733,LAIKIPIA EAST,LAIKIPIA EAST,"93,683","33,653 35.9","36,499 39.0","11,280 12.0","11,785 12.6",459,0.5,7,"33,653",35.9,"36,499",39.0,"11,280",12.0,"11,785",12.6
736,LAIKIPIA NORTH,LAIKIPIA NORTH,"32,310","11,535 35.7","2,970 9.2","1,755 5.4","15,891 49.2",158,0.5,1,"11,535",35.7,"2,970",9.2,"1,755",5.4,"15,891",49.2
739,LAIKIPIA WEST,LAIKIPIA WEST,"117,836","44,887 38.1","27,911 23.7","12,815 10.9","31,333 26.6",874,0.7,16,"44,887",38.1,"27,911",23.7,"12,815",10.9,"31,333",26.6
742,NYAHURURU,NYAHURURU,"142,698","60,395 42.3","49,796 34.9","19,842 13.9","11,883 8.3",780,0.5,2,"60,395",42.3,"49,796",34.9,"19,842",13.9,"11,883",8.3
745,NAKURU,NAKURU,"1,981,598","843,280 42.6","652,319 32.9","322,032 16.3","147,198 7.4","16,450",0.8,319,"843,280",42.6,"652,319",32.9,"322,032",16.3,"147,198",7.4
748,GILGIL,GILGIL,"169,516","72,508 42.8","57,408 33.9","25,548 15.1","12,929 7.6","1,093",0.6,30,"72,508",42.8,"57,408",33.9,"25,548",15.1,"12,929",7.6
751,KURESOI NORTH,KURESOI NORTH,"161,409","78,524 48.6","33,145 20.5","32,556 20.2","15,591 9.7","1,574",1,19,"78,524",48.6,"33,145",20.5,"32,556",20.2,"15,591",9.7
754,KURESOI SOUTH,KURESOI SOUTH,"142,631","70,014 49.1","29,713 20.8","27,746 19.5","13,553 9.5","1,603",1.1,2,"70,014",49.1,"29,713",20.8,"27,746",19.5,"13,553",9.5
757,MOLO,MOLO,"144,889","65,127 44.9","40,347 27.8","26,991 18.6","11,108 7.7","1,311",0.9,5,"65,127",44.9,"40,347",27.8,"26,991",18.6,"11,108",7.7
760,NAIVASHA,NAIVASHA,"322,714","122,184 37.9","123,117 38.2","50,229 15.6","24,112 7.5","3,005",0.9,67,"122,184",37.9,"123,117",38.2,"50,229",15.6,"24,112",7.5
763,NAKURU EAST,NAKURU EAST,"176,055","67,868 38.5","78,049 44.3","21,206 12.0","7,575 4.3","1,300",0.7,57,"67,868",38.5,"78,049",44.3,"21,206",12.0,"7,575",4.3
766,NAKURU NORTH,NAKURU NORTH,"201,190","82,270 40.9","74,572 37.1","30,096 15.0","12,628 6.3","1,563",0.8,61,"82,270",40.9,"74,572",37.1,"30,096",15.0,"12,628",6.3
769,NAKURU WEST,NAKURU WEST,"179,490","67,111 37.4","73,402 40.9","27,382 15.3","9,438 5.3","2,151",1.2,6,"67,111",37.4,"73,402",40.9,"27,382",15.3,"9,438",5.3
772,NJORO,NJORO,"220,036","101,530 46.1","58,727 26.7","40,721 18.5","17,932 8.1","1,102",0.5,24,"101,530",46.1,"58,727",26.7,"40,721",18.5,"17,932",8.1
775,RONGAI,RONGAI,"184,553","80,687 43.7","59,302 32.1","27,883 15.1","15,439 8.4","1,219",0.7,23,"80,687",43.7,"59,302",32.1,"27,883",15.1,"15,439",8.4
778,SUBUKIA,SUBUKIA,"79,115","35,457 44.8","24,537 31.0","11,674 14.8","6,893 8.7",529,0.7,25,"35,457",44.8,"24,537",31.0,"11,674",14.8,"6,893",8.7
781,NAROK,NAROK,"1,044,966","481,160 46.0","120,221 11.5","149,044 14.3","283,500 27.1","10,856",1,185,"481,160",46.0,"120,221",11.5,"149,044",14.3,"283,500",27.1
784,NAROK EAST,NAROK EAST,"104,856","46,371 44.2","11,863 11.3","11,325 10.8","34,572 33.0",718,0.7,7,"46,371",44.2,"11,863",11.3,"11,325",10.8,"34,572",33.0
787,NAROK NORTH,NAROK NORTH,"227,649","99,145 43.6","43,798 19.2","28,886 12.7","52,742 23.2","3,023",1.3,55,"99,145",43.6,"43,798",19.2,"28,886",12.7,"52,742",23.2
790,NAROK SOUTH,NAROK SOUTH,"215,493","94,417 43.8","19,882 9.2","28,289 13.1","70,907 32.9","1,972",0.9,26,"94,417",43.8,"19,882",9.2,"28,289",13.1,"70,907",32.9
793,NAROK WEST,NAROK WEST,"171,981","73,667 42.8","12,336 7.2","21,244 12.4","62,598 36.4","2,102",1.2,34,"73,667",42.8,"12,336",7.2,"21,244",12.4,"62,598",36.4
796,TRANS MARA EAST,TRANS MARA EAST,"102,459","56,624 55.3","7,857 7.7","19,405 18.9","18,012 17.6",543,0.5,18,"56,624",55.3,"7,857",7.7,"19,405",18.9,"18,012",17.6
799,TRANS MARA WEST,TRANS MARA WEST,"222,496","110,934 49.9","24,455 11.0","39,895 17.9","44,669 20.1","2,498",1.1,45,"110,934",49.9,"24,455",11.0,"39,895",17.9,"44,669",20.1
802,MAU FOREST,MAU FOREST,32,2 6.3,30 93.8,- -,- -,-,-,-,2,6.3,30,93.8,-,-,-,-
805,KAJIADO,KAJIADO,"1,016,058","389,090 38.3","319,689 31.5","111,477 11.0","182,329 17.9","13,146",1.3,327,"389,090",38.3,"319,689",31.5,"111,477",11.0,"182,329",17.9
808,ISINYA,ISINYA,"191,272","63,220 33.1","89,695 46.9","22,338 11.7","10,916 5.7","4,937",2.6,166,"63,220",33.1,"89,695",46.9,"22,338",11.7,"10,916",5.7
811,KAJIADO CENTRAL,KAJIADO CENTRAL,"145,212","63,843 44.0","25,520 17.6","11,582 8.0","42,135 29.0","2,120",1.5,12,"63,843",44.0,"25,520",17.6,"11,582",8.0,"42,135",29.0
814,KAJIADO NORTH,KAJIADO NORTH,"282,534","102,623 36.3","130,221 46.1","36,294 12.8","10,904 3.9","2,411",0.9,81,"102,623",36.3,"130,221",46.1,"36,294",12.8,"10,904",3.9
817,KAJIADO WEST,KAJIADO WEST,"165,055","64,855 39.3","30,987 18.8","14,752 8.9","52,986 32.1","1,434",0.9,41,"64,855",39.3,"30,987",18.8,"14,752",8.9,"52,986",32.1
820,LOITOKITOK,LOITOKITOK,"173,159","70,006 40.4","28,958 16.7","18,750 10.8","53,977 31.2","1,445",0.8,23,"70,006",40.4,"28,958",16.7,"18,750",10.8,"53,977",31.2
823,MASHUURU,MASHUURU,"58,826","24,543 41.7","14,308 24.3","7,761 13.2","11,411 19.4",799,1.4,4,"24,543",41.7,"14,308",24.3,"7,761",13.2,"11,411",19.4
826,KERICHO,KERICHO,"834,061","387,109 46.4","201,479 24.2","172,473 20.7","68,545 8.2","4,236",0.5,219,"387,109",46.4,"201,479",24.2,"172,473",20.7,"68,545",8.2
829,BELGUT,BELGUT,"135,941","60,638 44.6","37,090 27.3","28,745 21.1","8,879 6.5",575,0.4,14,"60,638",44.6,"37,090",27.3,"28,745",21.1,"8,879",6.5
832,BURETI,BURETI,"185,127","86,254 46.6","41,491 22.4","42,406 22.9","13,669 7.4","1,290",0.7,17,"86,254",46.6,"41,491",22.4,"42,406",22.9,"13,669",7.4
835,KERICHO EAST,KERICHO EAST,"156,786","67,745 43.2","47,847 30.5","29,259 18.7","11,236 7.2",628,0.4,71,"67,745",43.2,"47,847",30.5,"29,259",18.7,"11,236",7.2
838,KIPKELION,KIPKELION,"112,279","55,631 49.5","21,741 19.4","21,796 19.4","12,574 11.2",474,0.4,63,"55,631",49.5,"21,741",19.4,"21,796",19.4,"12,574",11.2
841,LONDIANI,LONDIANI,"126,773","60,196 47.5","31,132 24.6","24,176 19.1","10,776 8.5",458,0.4,35,"60,196",47.5,"31,132",24.6,"24,176",19.1,"10,776",8.5
844,SOIN SIGOWET,SOIN SIGOWET,"117,155","56,645 48.4","22,178 18.9","26,091 22.3","11,411 9.7",811,0.7,19,"56,645",48.4,"22,178",18.9,"26,091",22.3,"11,411",9.7
847,BOMET,BOMET,"810,122","400,330 49.4","169,658 20.9","160,702 19.8","72,627 9.0","6,730",0.8,75,"400,330",49.4,"169,658",20.9,"160,702",19.8,"72,627",9.0
850,BOMET EAST,BOMET EAST,"132,732","66,149 49.8","24,702 18.6","26,037 19.6","14,280 10.8","1,539",1.2,25,"66,149",49.8,"24,702",18.6,"26,037",19.6,"14,280",10.8
853,CHEPALUNGU,CHEPALUNGU,"152,423","80,719 53.0","24,117 15.8","30,134 19.8","16,625 10.9",821,0.5,7,"80,719",53.0,"24,117",15.8,"30,134",19.8,"16,625",10.9
856,KONOIN,KONOIN,"152,161","71,277 46.8","33,637 22.1","34,293 22.5","11,086 7.3","1,856",1.2,12,"71,277",46.8,"33,637",22.1,"34,293",22.5,"11,086",7.3
859,SOTIK,SOTIK,"211,301","106,570 50.4","45,651 21.6","39,736 18.8","17,883 8.5","1,449",0.7,12,"106,570",50.4,"45,651",21.6,"39,736",18.8,"17,883",8.5
862,BOMET CENTRAL,BOMET CENTRAL,"161,505","75,615 46.8","41,551 25.7","30,502 18.9","12,753 7.9","1,065",0.7,19,"75,615",46.8,"41,551",25.7,"30,502",18.9,"12,753",7.9
865,KAKAMEGA,KAKAMEGA,"1,732,145","853,031 49.2","334,397 19.3","352,269 20.3","180,344 10.4","11,722",0.7,382,"853,031",49.2,"334,397",19.3,"352,269",20.3,"180,344",10.4
868,BUTERE,BUTERE,"143,388","70,109 48.9","26,340 18.4","29,273 20.4","16,847 11.7",806,0.6,13,"70,109",48.9,"26,340",18.4,"29,273",20.4,"16,847",11.7
871,KAKAMEGA CENTRAL,KAKAMEGA CENTRAL,"173,048","78,154 45.2","49,761 28.8","32,167 18.6","11,843 6.8","1,081",0.6,42,"78,154",45.2,"49,761",28.8,"32,167",18.6,"11,843",6.8
874,KAKAMEGA EAST,KAKAMEGA EAST,"155,365","73,954 47.6","29,810 19.2","33,756 21.7","16,892 10.9",793,0.5,160,"73,954",47.6,"29,810",19.2,"33,756",21.7,"16,892",10.9
877,KAKAMEGA NORTH,KAKAMEGA NORTH,"221,048","112,147 50.7","43,264 19.6","45,240 20.5","19,204 8.7","1,149",0.5,44,"112,147",50.7,"43,264",19.6,"45,240",20.5,"19,204",8.7
880,KAKAMEGA SOUTH,KAKAMEGA SOUTH,"104,341","50,293 48.2","19,990 19.2","22,028 21.1","11,438 11.0",575,0.6,17,"50,293",48.2,"19,990",19.2,"22,028",21.1,"11,438",11.0
883,KHWISERO,KHWISERO,"106,001","51,333 48.4","20,061 18.9","22,911 21.6","11,292 10.7",394,0.4,10,"51,333",48.4,"20,061",18.9,"22,911",21.6,"11,292",10.7
886,LIKUYANI,LIKUYANI,"141,338","68,899 48.7","29,353 20.8","27,918 19.8","13,156 9.3","1,998",1.4,14,"68,899",48.7,"29,353",20.8,"27,918",19.8,"13,156",9.3
889,LUGARI,LUGARI,"114,040","55,233 48.4","26,842 23.5","21,670 19.0","9,706 8.5",582,0.5,7,"55,233",48.4,"26,842",23.5,"21,670",19.0,"9,706",8.5
892,MATETE,MATETE,"61,383","31,089 50.6","11,045 18.0","11,666 19.0","6,512 10.6","1,071",1.7,-,"31,089",50.6,"11,045",18.0,"11,666",19.0,"6,512",10.6
895,MATUNGU,MATUNGU,"154,460","78,781 51.0","19,787 12.8","31,220 20.2","23,262 15.1","1,389",0.9,21,"78,781",51.0,"19,787",12.8,"31,220",20.2,"23,262",15.1
901,MUMIAS WEST,MUMIAS WEST,"106,473","53,145 49.9","20,060 18.8","20,588 19.3","12,011 11.3",642,0.6,27,"53,145",49.9,"20,060",18.8,"20,588",19.3,"12,011",11.3
904,NAVAKHOLO,NAVAKHOLO,"142,792","74,680 52.3","21,105 14.8","30,265 21.2","16,061 11.2",659,0.5,22,"74,680",52.3,"21,105",14.8,"30,265",21.2,"16,061",11.2
907,VIHIGA,VIHIGA,"550,070","257,982 46.9","128,847 23.4","115,345 21.0","44,178 8.0","3,623",0.7,95,"257,982",46.9,"128,847",23.4,"115,345",21.0,"44,178",8.0
910,EMUHAYA,EMUHAYA,"90,814","42,853 47.2","18,377 20.2","20,425 22.5","8,487 9.3",654,0.7,18,"42,853",47.2,"18,377",20.2,"20,425",22.5,"8,487",9.3
913,VIHIGA,VIHIGA,"88,664","41,104 46.4","23,313 26.3","17,596 19.8","5,965 6.7",660,0.7,26,"41,104",46.4,"23,313",26.3,"17,596",19.8,"5,965",6.7
916,SABATIA,SABATIA,"122,708","57,435 46.8","32,383 26.4","24,106 19.6","7,839 6.4",930,0.8,15,"57,435",46.8,"32,383",26.4,"24,106",19.6,"7,839",6.4
919,LUANDA,LUANDA,"98,821","45,308 45.8","24,126 24.4","20,405 20.6","8,330 8.4",625,0.6,27,"45,308",45.8,"24,126",24.4,"20,405",20.6,"8,330",8.4
922,HAMISI,HAMISI,"149,047","71,281 47.8","30,634 20.6","32,812 22.0","13,557 9.1",754,0.5,9,"71,281",47.8,"30,634",20.6,"32,812",22.0,"13,557",9.1
925,KAKAMEGA FOREST,KAKAMEGA FOREST,16,1 6.3,14 87.5,1 6.3,- -,-,-,-,1,6.3,14,87.5,1,6.3,-,-
928,BUNGOMA,BUNGOMA,"1,538,767","782,677 50.9","264,282 17.2","324,058 21.1","151,938 9.9","15,673",1,139,"782,677",50.9,"264,282",17.2,"324,058",21.1,"151,938",9.9
931,BUMULA,BUMULA,"199,499","102,696 51.5","23,670 11.9","45,969 23.0","24,883 12.5","2,279",1.1,2,"102,696",51.5,"23,670",11.9,"45,969",23.0,"24,883",12.5
934,BUNGOMA CENTRAL,BUNGOMA CENTRAL,"163,799","83,204 50.8","29,747 18.2","35,007 21.4","14,301 8.7","1,536",0.9,4,"83,204",50.8,"29,747",18.2,"35,007",21.4,"14,301",8.7
937,BUNGOMA EAST,BUNGOMA EAST,"106,122","54,673 51.5","20,946 19.7","22,353 21.1","7,292 6.9",836,0.8,22,"54,673",51.5,"20,946",19.7,"22,353",21.1,"7,292",6.9
940,BUNGOMA NORTH,BUNGOMA NORTH,"111,891","58,637 52.4","21,859 19.5","22,370 20.0","8,342 7.5",670,0.6,13,"58,637",52.4,"21,859",19.5,"22,370",20.0,"8,342",7.5
943,BUNGOMA SOUTH,BUNGOMA SOUTH,"263,411","127,072 48.2","58,794 22.3","46,617 17.7","27,947 10.6","2,967",1.1,14,"127,072",48.2,"58,794",22.3,"46,617",17.7,"27,947",10.6
946,CHEPTAIS,CHEPTAIS,"124,273","64,726 52.1","13,085 10.5","29,321 23.6","15,042 12.1","2,080",1.7,19,"64,726",52.1,"13,085",10.5,"29,321",23.6,"15,042",12.1
949,KIMILILI,KIMILILI,"149,814","74,973 50.0","26,056 17.4","30,550 20.4","16,170 10.8","2,060",1.4,5,"74,973",50.0,"26,056",17.4,"30,550",20.4,"16,170",10.8
952,MT. ELGON,MT. ELGON,"72,721","38,081 52.4","10,298 14.2","16,086 22.1","7,969 11.0",282,0.4,5,"38,081",52.4,"10,298",14.2,"16,086",22.1,"7,969",11.0
955,BUNGOMA WEST,BUNGOMA WEST,"110,636","56,958 51.5","15,814 14.3","25,555 23.1","11,050 10.0","1,228",1.1,31,"56,958",51.5,"15,814",14.3,"25,555",23.1,"11,050",10.0
958,TONGAREN,TONGAREN,"92,891","47,790 51.4","17,707 19.1","18,403 19.8","8,577 9.2",398,0.4,16,"47,790",51.4,"17,707",19.1,"18,403",19.8,"8,577",9.2
961,WEBUYE WEST,WEBUYE WEST,"140,446","72,319 51.5","26,144 18.6","30,935 22.0","9,717 6.9","1,323",0.9,8,"72,319",51.5,"26,144",18.6,"30,935",22.0,"9,717",6.9
964,MT. ELGON FOREST,MT. ELGON FOREST,"3,264","1,548 47.4",162 5.0,892 27.3,648 19.9,14,0.4,-,"1,548",47.4,162,5.0,892,27.3,648,19.9
967,BUSIA,BUSIA,"820,788","405,072 49.4","136,790 16.7","170,347 20.8","102,993 12.5","5,512",0.7,74,"405,072",49.4,"136,790",16.7,"170,347",20.8,"102,993",12.5
970,BUNYALA,BUNYALA,"79,588","38,459 48.3","12,582 15.8","18,852 23.7","8,892 11.2",797,1,6,"38,459",48.3,"12,582",15.8,"18,852",23.7,"8,892",11.2
973,BUSIA,BUSIA,"128,002","60,486 47.3","25,528 19.9","25,909 20.2","15,031 11.7","1,010",0.8,38,"60,486",47.3,"25,528",19.9,"25,909",20.2,"15,031",11.7
976,BUTULA,BUTULA,"129,739","65,364 50.4","19,817 15.3","23,655 18.2","20,108 15.5",792,0.6,3,"65,364",50.4,"19,817",15.3,"23,655",18.2,"20,108",15.5
979,NAMBALE,NAMBALE,"103,180","52,698 51.1","16,456 15.9","20,627 20.0","12,421 12.0",969,0.9,9,"52,698",51.1,"16,456",15.9,"20,627",20.0,"12,421",12.0
982,SAMIA,SAMIA,"99,108","48,054 48.5","15,902 16.0","21,443 21.6","13,405 13.5",304,0.3,-,"48,054",48.5,"15,902",16.0,"21,443",21.6,"13,405",13.5
985,TESO NORTH,TESO NORTH,"126,387","63,423 50.2","21,859 17.3","28,497 22.5","12,061 9.5",543,0.4,4,"63,423",50.2,"21,859",17.3,"28,497",22.5,"12,061",9.5
988,TESO SOUTH,TESO SOUTH,"154,784","76,588 49.5","24,646 15.9","31,364 20.3","21,075 13.6","1,097",0.7,14,"76,588",49.5,"24,646",15.9,"31,364",20.3,"21,075",13.6
991,SIAYA,SIAYA,"919,461","441,450 48.0","198,100 21.5","184,768 20.1","86,173 9.4","8,648",0.9,322,"441,450",48.0,"198,100",21.5,"184,768",20.1,"86,173",9.4
997,GEM,GEM,"166,766","79,914 47.9","34,624 20.8","35,779 21.5","14,980 9.0","1,398",0.8,71,"79,914",47.9,"34,624",20.8,"35,779",21.5,"14,980",9.0
1000,UGENYA,UGENYA,"125,274","60,785 48.5","23,705 18.9","24,012 19.2","15,875 12.7",886,0.7,11,"60,785",48.5,"23,705",18.9,"24,012",19.2,"15,875",12.7
1003,UGUNJA,UGUNJA,"96,903","46,310 47.8","21,591 22.3","18,182 18.8","10,037 10.4",776,0.8,7,"46,310",47.8,"21,591",22.3,"18,182",18.8,"10,037",10.4
1006,BONDO,BONDO,"181,834","86,934 47.8","44,207 24.3","36,522 20.1","12,223 6.7","1,887",1,61,"86,934",47.8,"44,207",24.3,"36,522",20.1,"12,223",6.7
1015,KISUMU EAST,KISUMU EAST,"202,479","89,998 44.4","64,182 31.7","35,745 17.7","11,405 5.6","1,080",0.5,69,"89,998",44.4,"64,182",31.7,"35,745",17.7,"11,405",5.6
1018,KISUMU CENTRAL,KISUMU CENTRAL,"158,191","68,344 43.2","61,681 39.0","21,121 13.4","5,880 3.7","1,105",0.7,60,"68,344",43.2,"61,681",39.0,"21,121",13.4,"5,880",3.7
1021,KISUMU WEST,KISUMU WEST,"157,473","75,229 47.8","42,160 26.8","28,200 17.9","10,912 6.9",932,0.6,40,"75,229",47.8,"42,160",26.8,"28,200",17.9,"10,912",6.9
1024,SEME,SEME,"112,594","56,390 50.1","23,769 21.1","20,862 18.5","11,084 9.8",477,0.4,12,"56,390",50.1,"23,769",21.1,"20,862",18.5,"11,084",9.8
1027,MUHORONI,MUHORONI,"141,120","68,825 48.8","28,826 20.4","29,536 20.9","12,651 9.0","1,251",0.9,31,"68,825",48.8,"28,826",20.4,"29,536",20.9,"12,651",9.0
1030,NYANDO,NYANDO,"149,436","73,976 49.5","34,433 23.0","27,043 18.1","12,561 8.4","1,381",0.9,42,"73,976",49.5,"34,433",23.0,"27,043",18.1,"12,561",8.4
1033,NYAKACH,NYAKACH,"139,931","72,050 51.5","29,232 20.9","26,202 18.7","11,505 8.2",895,0.6,47,"72,050",51.5,"29,232",20.9,"26,202",18.7,"11,505",8.2
1036,HOMA BAY,HOMA BAY,"1,037,468","539,753 52.0","196,288 18.9","200,313 19.3","94,406 9.1","6,627",0.6,81,"539,753",52.0,"196,288",18.9,"200,313",19.3,"94,406",9.1
1042,NDHIWA,NDHIWA,"198,409","105,309 53.1","28,387 14.3","43,093 21.7","20,505 10.3","1,103",0.6,12,"105,309",53.1,"28,387",14.3,"43,093",21.7,"20,505",10.3
1045,RACHUONYO NORTH,RACHUONYO NORTH,"165,147","84,682 51.3","32,958 20.0","32,781 19.8","13,878 8.4",829,0.5,19,"84,682",51.3,"32,958",20.0,"32,781",19.8,"13,878",8.4
1048,RACHUONYO EAST,RACHUONYO EAST,"112,267","60,292 53.7","20,594 18.3","21,293 19.0","9,434 8.4",652,0.6,2,"60,292",53.7,"20,594",18.3,"21,293",19.0,"9,434",8.4
1051,RACHUONYO SOUTH,RACHUONYO SOUTH,"120,330","63,280 52.6","26,103 21.7","21,508 17.9","8,804 7.3",633,0.5,2,"63,280",52.6,"26,103",21.7,"21,508",17.9,"8,804",7.3
1054,RANGWE,RANGWE,"108,345","57,746 53.3","17,420 16.1","20,795 19.2","10,835 10.0","1,535",1.4,14,"57,746",53.3,"17,420",16.1,"20,795",19.2,"10,835",10.0
1057,SUBA NORTH,SUBA NORTH,"114,461","56,957 49.8","24,214 21.2","22,750 19.9","9,855 8.6",680,0.6,5,"56,957",49.8,"24,214",21.2,"22,750",19.9,"9,855",8.6
1060,SUBA SOUTH,SUBA SOUTH,"111,548","57,265 51.3","20,116 18.0","20,347 18.2","13,377 12.0",428,0.4,15,"57,265",51.3,"20,116",18.0,"20,347",18.2,"13,377",12.0
1063,MIGORI,MIGORI,"1,016,399","522,757 51.4","171,900 16.9","197,075 19.4","114,682 11.3","9,774",1,211,"522,757",51.4,"171,900",16.9,"197,075",19.4,"114,682",11.3
1066,AWENDO,AWENDO,"107,090","56,849 53.1","20,331 19.0","22,396 20.9","6,982 6.5",503,0.5,29,"56,849",53.1,"20,331",19.0,"22,396",20.9,"6,982",6.5
1069,KURIA EAST,KURIA EAST,"88,045","44,090 50.1","10,775 12.2","13,316 15.1","18,969 21.5",866,1,29,"44,090",50.1,"10,775",12.2,"13,316",15.1,"18,969",21.5
1072,KURIA WEST,KURIA WEST,"189,956","94,801 49.9","27,897 14.7","34,109 18.0","31,689 16.7","1,416",0.7,44,"94,801",49.9,"27,897",14.7,"34,109",18.0,"31,689",16.7
1075,NYATIKE,NYATIKE,"159,883","81,986 51.3","25,426 15.9","34,550 21.6","15,550 9.7","2,344",1.5,27,"81,986",51.3,"25,426",15.9,"34,550",21.6,"15,550",9.7
1078,RONGO,RONGO,"114,373","60,225 52.7","22,865 20.0","20,964 18.3","9,381 8.2",928,0.8,10,"60,225",52.7,"22,865",20.0,"20,964",18.3,"9,381",8.2
1081,SUNA EAST,SUNA EAST,"111,811","57,149 51.1","23,262 20.8","21,617 19.3","8,475 7.6","1,276",1.1,32,"57,149",51.1,"23,262",20.8,"21,617",19.3,"8,475",7.6
1084,SUNA WEST,SUNA WEST,"115,745","58,786 50.8","19,815 17.1","22,302 19.3","13,764 11.9","1,073",0.9,5,"58,786",50.8,"19,815",17.1,"22,302",19.3,"13,764",11.9
1087,URIRI,URIRI,"129,496","68,871 53.2","21,529 16.6","27,821 21.5","9,872 7.6","1,368",1.1,35,"68,871",53.2,"21,529",16.6,"27,821",21.5,"9,872",7.6
1090,KISII,KISII,"1,179,067","557,477 47.3","250,730 21.3","248,244 21.1","116,381 9.9","6,092",0.5,143,"557,477",47.3,"250,730",21.3,"248,244",21.1,"116,381",9.9
1093,ETAGO,ETAGO,"78,104","39,960 51.2","10,675 13.7","17,546 22.5","9,692 12.4",226,0.3,5,"39,960",51.2,"10,675",13.7,"17,546",22.5,"9,692",12.4
1096,GUCHA,GUCHA,"77,635","37,772 48.7","15,315 19.7","16,278 21.0","7,445 9.6",803,1,22,"37,772",48.7,"15,315",19.7,"16,278",21.0,"7,445",9.6
1099,GUCHA SOUTH,GUCHA SOUTH,"77,984","38,156 48.9","13,482 17.3","16,839 21.6","8,882 11.4",592,0.8,33,"38,156",48.9,"13,482",17.3,"16,839",21.6,"8,882",11.4
1102,KENYENYA,KENYENYA,"122,925","59,619 48.5","23,835 19.4","26,141 21.3","12,676 10.3",644,0.5,10,"59,619",48.5,"23,835",19.4,"26,141",21.3,"12,676",10.3
1105,KISII CENTRAL,KISII CENTRAL,"153,169","68,085 44.5","44,068 28.8","28,889 18.9","11,388 7.4",729,0.5,10,"68,085",44.5,"44,068",28.8,"28,889",18.9,"11,388",7.4
1108,KISII SOUTH,KISII SOUTH,"126,037","59,783 47.4","25,134 19.9","25,518 20.2","15,172 12.0",428,0.3,2,"59,783",47.4,"25,134",19.9,"25,518",20.2,"15,172",12.0
1111,KITUTU CENTRAL,KITUTU CENTRAL,"143,117","64,027 44.7","38,458 26.9","28,928 20.2","11,008 7.7",672,0.5,24,"64,027",44.7,"38,458",26.9,"28,928",20.2,"11,008",7.7
1114,MARANI,MARANI,"100,436","47,285 47.1","17,949 17.9","23,329 23.2","11,487 11.4",366,0.4,20,"47,285",47.1,"17,949",17.9,"23,329",23.2,"11,487",11.4
1117,MASABA SOUTH,MASABA SOUTH,"114,613","54,102 47.2","25,882 22.6","24,544 21.4","9,293 8.1",786,0.7,6,"54,102",47.2,"25,882",22.6,"24,544",21.4,"9,293",8.1
1120,NYAMACHE,NYAMACHE,"122,459","58,975 48.2","23,761 19.4","26,245 21.4","12,907 10.5",562,0.5,9,"58,975",48.2,"23,761",19.4,"26,245",21.4,"12,907",10.5
1123,SAMETA,SAMETA,"62,588","29,713 47.5","12,171 19.4","13,987 22.3","6,431 10.3",284,0.5,2,"29,713",47.5,"12,171",19.4,"13,987",22.3,"6,431",10.3
1126,NYAMIRA,NYAMIRA,"566,741","260,426 46.0","129,917 22.9","111,433 19.7","61,480 10.8","3,431",0.6,54,"260,426",46.0,"129,917",22.9,"111,433",19.7,"61,480",10.8
1129,BORABU,BORABU,"68,779","30,834 44.8","18,623 27.1","12,272 17.8","6,531 9.5",512,0.7,7,"30,834",44.8,"18,623",27.1,"12,272",17.8,"6,531",9.5
1132,MANGA,MANGA,"88,406","40,147 45.4","22,106 25.0","14,960 16.9","10,811 12.2",369,0.4,13,"40,147",45.4,"22,106",25.0,"14,960",16.9,"10,811",12.2
1135,MASABA NORTH,MASABA NORTH,"104,344","47,656 45.7","24,917 23.9","19,783 19.0","11,634 11.1",347,0.3,7,"47,656",45.7,"24,917",23.9,"19,783",19.0,"11,634",11.1
1138,NYAMIRA NORTH,NYAMIRA NORTH,"156,770","73,889 47.1","31,253 19.9","32,674 20.8","17,828 11.4","1,123",0.7,3,"73,889",47.1,"31,253",19.9,"32,674",20.8,"17,828",11.4
1141,NYAMIRA SOUTH,NYAMIRA SOUTH,"148,442","67,900 45.7","33,018 22.2","31,744 21.4","14,676 9.9","1,080",0.7,24,"67,900",45.7,"33,018",22.2,"31,744",21.4,"14,676",9.9
1144,NAIROBI CITY,NAIROBI CITY,"4,010,447","1,358,304 33.9","1,921,640 47.9","505,807 12.6","187,364 4.7","35,729",0.9,"1,603","1,358,304",33.9,"1,921,640",47.9,"505,807",12.6,"187,364",4.7
1147,DAGORETTI,DAGORETTI,"398,369","133,970 33.6","184,694 46.4","61,613 15.5","14,655 3.7","3,263",0.8,174,"133,970",33.6,"184,694",46.4,"61,613",15.5,"14,655",3.7
1150,EMBAKASI,EMBAKASI,"904,247","298,718 33.0","469,862 52.0","96,184 10.6","31,817 3.5","7,374",0.8,292,"298,718",33.0,"469,862",52.0,"96,184",10.6,"31,817",3.5
1153,KAMUKUNJI,KAMUKUNJI,"242,507","76,129 31.4","89,024 36.7","32,671 13.5","41,976 17.3","2,560",1.1,147,"76,129",31.4,"89,024",36.7,"32,671",13.5,"41,976",17.3
1156,KASARANI,KASARANI,"710,889","246,064 34.6","350,997 49.4","82,530 11.6","24,115 3.4","6,962",1,221,"246,064",34.6,"350,997",49.4,"82,530",11.6,"24,115",3.4
1159,KIBRA,KIBRA,"169,509","64,675 38.2","69,361 40.9","27,119 16.0","6,547 3.9","1,755",1,52,"64,675",38.2,"69,361",40.9,"27,119",16.0,"6,547",3.9
1162,LANG'ATA,LANG'ATA,"180,488","63,974 35.4","85,992 47.6","20,561 11.4","8,081 4.5","1,805",1,75,"63,974",35.4,"85,992",47.6,"20,561",11.4,"8,081",4.5
1165,MAKADARA,MAKADARA,"176,283","55,981 31.8","92,765 52.6","20,547 11.7","5,759 3.3","1,189",0.7,42,"55,981",31.8,"92,765",52.6,"20,547",11.7,"5,759",3.3
1168,MATHARE,MATHARE,"188,625","61,040 32.4","77,503 41.1","35,910 19.0","12,099 6.4","1,966",1,107,"61,040",32.4,"77,503",41.1,"35,910",19.0,"12,099",6.4
1171,NJIRU,NJIRU,"573,474","205,700 35.9","268,935 46.9","74,809 13.0","20,046 3.5","3,746",0.7,238,"205,700",35.9,"268,935",46.9,"74,809",13.0,"20,046",3.5
1174,STAREHE,STAREHE,"182,149","63,879 35.1","82,615 45.4","20,722 11.4","12,498 6.9","2,277",1.3,158,"63,879",35.1,"82,615",45.4,"20,722",11.4,"12,498",6.9
1177,WESTLANDS,WESTLANDS,"283,907","88,174 31.1","149,892 52.8","33,141 11.7","9,771 3.4","2,832",1,97,"88,174",31.1,"149,892",52.8,"33,141",11.7,"9,771",3.4
