,male_Place_county_or_subcounty,male_total_and_gender,male_number,male_at_school_or_learning_institution_number_and_percent,male_after_completion_number_and_percent,male_before_completion_number_and_percent,male_never_been_to_school_or_learning_institution_number_and_percent,male_dont_know_number,male_dont_know_number_percent,male_not_stated_number,male_at_school_or_learning_institution_number,male_at_school_or_learning_institution_pct,male_after_completion_number,male_after_completion_pct,male_before_completion_number,male_before_completion_pct,male_never_been_to_school_or_learning_institution_number,male_never_been_to_school_or_learning_institution_pct
1,KENYA,Male,"21,574,077","9,040,318 41.9","5,910,664 27.4","3,172,382 14.7","3,223,856 14.9","222,301",1,"4,556","9,040,318",41.9,"5,910,664",27.4,"3,172,382",14.7,"3,223,856",14.9
5,MOMBASA,Male,"552,476","189,490 34.3","243,173 44.0","74,382 13.5","40,253 7.3","5,043",0.9,135,"189,490",34.3,"243,173",44.0,"74,382",13.5,"40,253",7.3
8,CHANGAMWE,Male,"63,184","19,482 30.8","31,918 50.5","8,157 12.9","2,976 4.7",647,1,4,"19,482",30.8,"31,918",50.5,"8,157",12.9,"2,976",4.7
11,JOMVU,Male,"75,931","26,020 34.3","34,362 45.3","9,689 12.8","5,424 7.1",422,0.6,14,"26,020",34.3,"34,362",45.3,"9,689",12.8,"5,424",7.1
14,KISAUNI,Male,"131,351","48,136 36.6","54,063 41.2","18,051 13.7","9,748 7.4","1,315",1,38,"48,136",36.6,"54,063",41.2,"18,051",13.7,"9,748",7.4
17,LIKONI,Male,"115,784","39,336 34.0","49,230 42.5","16,522 14.3","9,784 8.5",897,0.8,15,"39,336",34.0,"49,230",42.5,"16,522",14.3,"9,784",8.5
20,MVITA,Male,"66,589","23,515 35.3","27,476 41.3","8,307 12.5","6,515 9.8",736,1.1,40,"23,515",35.3,"27,476",41.3,"8,307",12.5,"6,515",9.8
23,NYALI,Male,"99,637","33,001 33.1","46,124 46.3","13,656 13.7","5,806 5.8","1,026",1,24,"33,001",33.1,"46,124",46.3,"13,656",13.7,"5,806",5.8
26,KWALE,Male,"382,538","171,696 44.9","83,012 21.7","49,352 12.9","75,281 19.7","3,108",0.8,89,"171,696",44.9,"83,012",21.7,"49,352",12.9,"75,281",19.7
29,KINANGO,Male,"40,445","20,011 49.5","5,412 13.4","5,040 12.5","9,783 24.2",192,0.5,7,"20,011",49.5,"5,412",13.4,"5,040",12.5,"9,783",24.2
32,LUNGA LUNGA,Male,"87,893","39,663 45.1","12,198 13.9","12,070 13.7","22,798 25.9","1,158",1.3,6,"39,663",45.1,"12,198",13.9,"12,070",13.7,"22,798",25.9
35,MATUGA,Male,"87,377","39,476 45.2","21,744 24.9","11,056 12.7","14,610 16.7",469,0.5,22,"39,476",45.2,"21,744",24.9,"11,056",12.7,"14,610",16.7
38,MSAMBWENI,Male,"80,181","30,868 38.5","28,037 35.0","11,099 13.8","9,381 11.7",777,1,19,"30,868",38.5,"28,037",35.0,"11,099",13.8,"9,381",11.7
41,SAMBURU,Male,"86,642","41,678 48.1","15,621 18.0","10,087 11.6","18,709 21.6",512,0.6,35,"41,678",48.1,"15,621",18.0,"10,087",11.6,"18,709",21.6
44,KILIFI,Male,"636,891","308,926 48.5","154,263 24.2","86,075 13.5","82,303 12.9","5,214",0.8,110,"308,926",48.5,"154,263",24.2,"86,075",13.5,"82,303",12.9
47,CHONYI,Male,"26,917","14,936 55.5","4,814 17.9","3,513 13.1","3,509 13.0",145,0.5,-,"14,936",55.5,"4,814",17.9,"3,513",13.1,"3,509",13.0
50,GANZE,Male,"60,552","34,222 56.5","7,843 13.0","6,804 11.2","11,272 18.6",391,0.6,20,"34,222",56.5,"7,843",13.0,"6,804",11.2,"11,272",18.6
53,KALOLENI,Male,"83,996","41,402 49.3","17,946 21.4","10,588 12.6","13,331 15.9",705,0.8,24,"41,402",49.3,"17,946",21.4,"10,588",12.6,"13,331",15.9
56,KAUMA,Male,"10,054","5,659 56.3","2,004 19.9",865 8.6,"1,421 14.1",105,1,-,"5,659",56.3,"2,004",19.9,865,8.6,"1,421",14.1
59,KILIFI NORTH,Male,"78,763","36,930 46.9","21,544 27.4","12,190 15.5","7,498 9.5",597,0.8,4,"36,930",46.9,"21,544",27.4,"12,190",15.5,"7,498",9.5
62,KILIFI SOUTH,Male,"91,863","39,007 42.5","29,022 31.6","13,465 14.7","9,225 10.0","1,137",1.2,7,"39,007",42.5,"29,022",31.6,"13,465",14.7,"9,225",10.0
65,MAGARINI,Male,"84,429","44,425 52.6","14,412 17.1","11,450 13.6","13,822 16.4",307,0.4,13,"44,425",52.6,"14,412",17.1,"11,450",13.6,"13,822",16.4
68,MALINDI,Male,"146,545","67,256 45.9","41,483 28.3","21,034 14.4","15,451 10.5","1,282",0.9,39,"67,256",45.9,"41,483",28.3,"21,034",14.4,"15,451",10.5
71,RABAI,Male,"53,772","25,089 46.7","15,195 28.3","6,166 11.5","6,774 12.6",545,1,3,"25,089",46.7,"15,195",28.3,"6,166",11.5,"6,774",12.6
74,TANA RIVER,Male,"142,087","50,470 35.5","19,351 13.6","14,502 10.2","56,872 40.0",835,0.6,57,"50,470",35.5,"19,351",13.6,"14,502",10.2,"56,872",40.0
77,TANA DELTA,Male,"50,066","19,808 39.6","6,810 13.6","5,371 10.7","17,832 35.6",229,0.5,16,"19,808",39.6,"6,810",13.6,"5,371",10.7,"17,832",35.6
80,TANA NORTH,Male,"53,199","15,776 29.7","6,284 11.8","4,254 8.0","26,472 49.8",396,0.7,17,"15,776",29.7,"6,284",11.8,"4,254",8.0,"26,472",49.8
83,TANA RIVER,Male,"38,822","14,886 38.3","6,257 16.1","4,877 12.6","12,568 32.4",210,0.5,24,"14,886",38.3,"6,257",16.1,"4,877",12.6,"12,568",32.4
86,LAMU,Male,"69,111","25,969 37.6","18,933 27.4","11,830 17.1","11,888 17.2",472,0.7,19,"25,969",37.6,"18,933",27.4,"11,830",17.1,"11,888",17.2
89,LAMU EAST,Male,"10,805","3,866 35.8","2,599 24.1","2,164 20.0","2,112 19.5",64,0.6,-,"3,866",35.8,"2,599",24.1,"2,164",20.0,"2,112",19.5
92,LAMU WEST,Male,"58,306","22,103 37.9","16,334 28.0","9,666 16.6","9,776 16.8",408,0.7,19,"22,103",37.9,"16,334",28.0,"9,666",16.6,"9,776",16.8
95,TAITA/TAVETA,Male,"158,230","59,272 37.5","63,137 39.9","23,804 15.0","11,239 7.1",744,0.5,34,"59,272",37.5,"63,137",39.9,"23,804",15.0,"11,239",7.1
98,MWATATE,Male,"38,672","14,632 37.8","14,867 38.4","6,443 16.7","2,638 6.8",87,0.2,5,"14,632",37.8,"14,867",38.4,"6,443",16.7,"2,638",6.8
101,TAITA,Male,"26,495","9,800 37.0","11,852 44.7","3,242 12.2","1,503 5.7",98,0.4,-,"9,800",37.0,"11,852",44.7,"3,242",12.2,"1,503",5.7
104,TAVETA,Male,"42,548","16,342 38.4","13,891 32.6","7,929 18.6","4,016 9.4",361,0.8,9,"16,342",38.4,"13,891",32.6,"7,929",18.6,"4,016",9.4
107,VOI,Male,"50,515","18,498 36.6","22,527 44.6","6,190 12.3","3,082 6.1",198,0.4,20,"18,498",36.6,"22,527",44.6,"6,190",12.3,"3,082",6.1
110,GARISSA,Male,"425,411","77,489 18.2","15,400 3.6","5,309 1.2","311,556 73.2","15,564",3.7,93,"77,489",18.2,"15,400",3.6,"5,309",1.2,"311,556",73.2
113,BALAMBALA,Male,"19,392","1,692 8.7",585 3.0,114 0.6,"16,721 86.2",280,1.4,-,"1,692",8.7,585,3.0,114,0.6,"16,721",86.2
116,DADAAB,Male,"91,581","12,354 13.5","2,330 2.5",812 0.9,"71,639 78.2","4,404",4.8,42,"12,354",13.5,"2,330",2.5,812,0.9,"71,639",78.2
119,FAFI,Male,"67,143","8,847 13.2","1,570 2.3",756 1.1,"54,524 81.2","1,432",2.1,14,"8,847",13.2,"1,570",2.3,756,1.1,"54,524",81.2
122,GARISSA,Male,"75,234","22,526 29.9","7,644 10.2","2,271 3.0","39,777 52.9","2,994",4,22,"22,526",29.9,"7,644",10.2,"2,271",3.0,"39,777",52.9
125,HULUGHO,Male,"73,417","12,290 16.7",910 1.2,598 0.8,"57,522 78.3","2,092",2.8,5,"12,290",16.7,910,1.2,598,0.8,"57,522",78.3
128,IJARA,Male,"75,484","17,366 23.0","2,113 2.8",615 0.8,"51,387 68.1","3,993",5.3,10,"17,366",23.0,"2,113",2.8,615,0.8,"51,387",68.1
131,LAGDERA,Male,"23,160","2,414 10.4",248 1.1,143 0.6,"19,986 86.3",369,1.6,-,"2,414",10.4,248,1.1,143,0.6,"19,986",86.3
134,WAJIR,Male,"379,557","75,637 19.9","9,423 2.5","3,224 0.8","285,684 75.3","5,548",1.5,41,"75,637",19.9,"9,423",2.5,"3,224",0.8,"285,684",75.3
137,BUNA,Male,"23,847","3,410 14.3",320 1.3,113 0.5,"19,535 81.9",469,2,-,"3,410",14.3,320,1.3,113,0.5,"19,535",81.9
140,ELDAS,Male,"41,866","7,706 18.4",532 1.3,239 0.6,"32,637 78.0",752,1.8,-,"7,706",18.4,532,1.3,239,0.6,"32,637",78.0
143,HABASWEIN,Male,"86,244","20,991 24.3","2,111 2.4",748 0.9,"62,022 71.9",360,0.4,12,"20,991",24.3,"2,111",2.4,748,0.9,"62,022",71.9
146,TARBAJ,Male,"24,262","3,311 13.6",303 1.2,135 0.6,"20,353 83.9",160,0.7,-,"3,311",13.6,303,1.2,135,0.6,"20,353",83.9
149,WAJIR EAST,Male,"54,136","14,536 26.9","3,748 6.9","1,075 2.0","33,462 61.8","1,293",2.4,22,"14,536",26.9,"3,748",6.9,"1,075",2.0,"33,462",61.8
152,WAJIR NORTH,Male,"28,905","5,301 18.3",576 2.0,227 0.8,"22,201 76.8",600,2.1,-,"5,301",18.3,576,2.0,227,0.8,"22,201",76.8
155,WAJIR SOUTH,Male,"60,030","9,675 16.1",922 1.5,346 0.6,"48,347 80.5",733,1.2,7,"9,675",16.1,922,1.5,346,0.6,"48,347",80.5
158,WAJIR WEST,Male,"60,267","10,707 17.8",911 1.5,341 0.6,"47,127 78.2","1,181",2,-,"10,707",17.8,911,1.5,341,0.6,"47,127",78.2
161,MANDERA,Male,"391,182","90,664 23.2","14,204 3.6","4,118 1.1","271,252 69.3","10,871",2.8,73,"90,664",23.2,"14,204",3.6,"4,118",1.1,"271,252",69.3
164,MANDERA WEST,Male,"42,666","11,917 27.9","1,001 2.3",364 0.9,"28,586 67.0",796,1.9,2,"11,917",27.9,"1,001",2.3,364,0.9,"28,586",67.0
167,BANISA,Male,"70,366","11,647 16.6","1,130 1.6",309 0.4,"55,978 79.6","1,302",1.9,-,"11,647",16.6,"1,130",1.6,309,0.4,"55,978",79.6
170,KOTULO,Male,"31,894","8,797 27.6","1,033 3.2",299 0.9,"21,127 66.2",638,2,-,"8,797",27.6,"1,033",3.2,299,0.9,"21,127",66.2
173,LAFEY,Male,"36,424","6,112 16.8",602 1.7,230 0.6,"28,026 76.9","1,453",4,1,"6,112",16.8,602,1.7,230,0.6,"28,026",76.9
176,MANDERA CENTRAL,Male,"64,682","16,936 26.2","2,304 3.6",827 1.3,"42,601 65.9","1,944",3,70,"16,936",26.2,"2,304",3.6,827,1.3,"42,601",65.9
179,MANDERA EAST,Male,"75,335","20,910 27.8","6,289 8.3","1,545 2.1","43,543 57.8","3,048",4,-,"20,910",27.8,"6,289",8.3,"1,545",2.1,"43,543",57.8
182,MANDERA NORTH,Male,"69,815","14,345 20.5","1,845 2.6",544 0.8,"51,391 73.6","1,690",2.4,-,"14,345",20.5,"1,845",2.6,544,0.8,"51,391",73.6
185,MARSABIT,Male,"215,220","55,636 25.9","16,016 7.4","7,160 3.3","134,525 62.5","1,773",0.8,110,"55,636",25.9,"16,016",7.4,"7,160",3.3,"134,525",62.5
188,LOIYANGALANI,Male,"15,401","3,177 20.6",665 4.3,313 2.0,"11,165 72.5",81,0.5,-,"3,177",20.6,665,4.3,313,2.0,"11,165",72.5
191,MARSABIT CENTRAL,Male,"36,892","14,078 38.2","6,237 16.9","2,487 6.7","13,490 36.6",600,1.6,-,"14,078",38.2,"6,237",16.9,"2,487",6.7,"13,490",36.6
194,MARSABIT NORTH,Male,"24,849","5,133 20.7",844 3.4,398 1.6,"18,336 73.8",138,0.6,-,"5,133",20.7,844,3.4,398,1.6,"18,336",73.8
197,MARSABIT SOUTH,Male,"30,146","5,659 18.8","1,515 5.0",522 1.7,"22,303 74.0",141,0.5,6,"5,659",18.8,"1,515",5.0,522,1.7,"22,303",74.0
200,MOYALE,Male,"50,613","17,428 34.4","4,279 8.5","2,311 4.6","26,273 51.9",316,0.6,6,"17,428",34.4,"4,279",8.5,"2,311",4.6,"26,273",51.9
203,NORTH HORR,Male,"35,980","3,481 9.7",975 2.7,335 0.9,"30,884 85.8",210,0.6,95,"3,481",9.7,975,2.7,335,0.9,"30,884",85.8
206,SOLOLO,Male,"21,339","6,680 31.3","1,501 7.0",794 3.7,"12,074 56.6",287,1.3,3,"6,680",31.3,"1,501",7.0,794,3.7,"12,074",56.6
209,ISIOLO,Male,"128,141","40,960 32.0","19,823 15.5","7,599 5.9","58,852 45.9",886,0.7,21,"40,960",32.0,"19,823",15.5,"7,599",5.9,"58,852",45.9
212,GARBATULLA,Male,"50,808","13,233 26.0","3,875 7.6","1,721 3.4","31,581 62.2",390,0.8,8,"13,233",26.0,"3,875",7.6,"1,721",3.4,"31,581",62.2
215,ISIOLO,Male,"55,148","21,157 38.4","14,100 25.6","4,967 9.0","14,530 26.3",381,0.7,13,"21,157",38.4,"14,100",25.6,"4,967",9.0,"14,530",26.3
218,MERTI,Male,"22,185","6,570 29.6","1,848 8.3",911 4.1,"12,741 57.4",115,0.5,-,"6,570",29.6,"1,848",8.3,911,4.1,"12,741",57.4
221,MERU,Male,"711,224","277,202 39.0","179,720 25.3","153,600 21.6","92,010 12.9","8,488",1.2,204,"277,202",39.0,"179,720",25.3,"153,600",21.6,"92,010",12.9
224,BUURI EAST,Male,"35,691","12,796 35.9","13,183 36.9","6,793 19.0","2,551 7.1",350,1,18,"12,796",35.9,"13,183",36.9,"6,793",19.0,"2,551",7.1
227,BUURI WEST,Male,"37,726","13,326 35.3","14,054 37.3","7,255 19.2","2,784 7.4",304,0.8,3,"13,326",35.3,"14,054",37.3,"7,255",19.2,"2,784",7.4
230,IGEMBE CENTRAL,Male,"102,059","42,142 41.3","12,198 12.0","26,267 25.7","19,844 19.4","1,586",1.6,22,"42,142",41.3,"12,198",12.0,"26,267",25.7,"19,844",19.4
233,IGEMBE NORTH,Male,"76,912","32,652 42.5","8,458 11.0","15,242 19.8","19,353 25.2","1,179",1.5,28,"32,652",42.5,"8,458",11.0,"15,242",19.8,"19,353",25.2
236,IGEMBE SOUTH,Male,"74,030","27,641 37.3","12,675 17.1","19,443 26.3","12,779 17.3","1,462",2,30,"27,641",37.3,"12,675",17.1,"19,443",26.3,"12,779",17.3
239,IMENTI NORTH,Male,"80,497","27,661 34.4","35,275 43.8","12,726 15.8","4,141 5.1",660,0.8,34,"27,661",34.4,"35,275",43.8,"12,726",15.8,"4,141",5.1
242,IMENTI SOUTH,Male,"96,744","34,365 35.5","32,750 33.9","22,385 23.1","6,375 6.6",861,0.9,8,"34,365",35.5,"32,750",33.9,"22,385",23.1,"6,375",6.6
245,MERU CENTRAL,Male,"62,757","22,798 36.3","22,862 36.4","12,397 19.8","4,212 6.7",463,0.7,25,"22,798",36.3,"22,862",36.4,"12,397",19.8,"4,212",6.7
248,TIGANIA CENTRAL,Male,"48,073","20,788 43.2","8,154 17.0","11,944 24.8","6,693 13.9",492,1,2,"20,788",43.2,"8,154",17.0,"11,944",24.8,"6,693",13.9
251,TIGANIA EAST,Male,"32,914","14,531 44.1","5,713 17.4","5,873 17.8","6,350 19.3",418,1.3,29,"14,531",44.1,"5,713",17.4,"5,873",17.8,"6,350",19.3
254,TIGANIA WEST,Male,"63,209","28,468 45.0","14,059 22.2","13,125 20.8","6,839 10.8",713,1.1,5,"28,468",45.0,"14,059",22.2,"13,125",20.8,"6,839",10.8
257,MERU NATIONAL PARK,Male,219,21 9.6,184 84.0,5 2.3,9 4.1,-,-,-,21,9.6,184,84.0,5,2.3,9,4.1
260,MT. KENYA FOREST,Male,393,13 3.3,155 39.4,145 36.9,80 20.4,-,-,-,13,3.3,155,39.4,145,36.9,80,20.4
263,THARAKA-NITHI,Male,"180,692","73,509 40.7","48,177 26.7","40,913 22.6","16,089 8.9","1,966",1.1,38,"73,509",40.7,"48,177",26.7,"40,913",22.6,"16,089",8.9
266,IGAMBANG'OMBE,Male,"24,367","10,393 42.7","4,749 19.5","6,639 27.2","2,257 9.3",320,1.3,9,"10,393",42.7,"4,749",19.5,"6,639",27.2,"2,257",9.3
269,MAARA,Male,"54,491","19,356 35.5","18,647 34.2","12,805 23.5","3,192 5.9",485,0.9,6,"19,356",35.5,"18,647",34.2,"12,805",23.5,"3,192",5.9
272,MERU SOUTH,Male,"41,988","15,688 37.4","14,662 34.9","9,028 21.5","2,180 5.2",420,1,10,"15,688",37.4,"14,662",34.9,"9,028",21.5,"2,180",5.2
275,THARAKA NORTH,Male,"26,290","12,019 45.7","3,891 14.8","5,124 19.5","4,679 17.8",567,2.2,10,"12,019",45.7,"3,891",14.8,"5,124",19.5,"4,679",17.8
278,THARAKA SOUTH,Male,"33,482","16,040 47.9","6,177 18.4","7,310 21.8","3,778 11.3",174,0.5,3,"16,040",47.9,"6,177",18.4,"7,310",21.8,"3,778",11.3
281,MT. KENYA FOREST,Male,74,13 17.6,51 68.9,7 9.5,3 4.1,-,-,-,13,17.6,51,68.9,7,9.5,3,4.1
284,EMBU,Male,"283,024","104,132 36.8","90,744 32.1","67,774 23.9","18,822 6.7","1,530",0.5,22,"104,132",36.8,"90,744",32.1,"67,774",23.9,"18,822",6.7
287,EMBU EAST,Male,"60,807","20,990 34.5","19,236 31.6","16,193 26.6","4,112 6.8",275,0.5,1,"20,990",34.5,"19,236",31.6,"16,193",26.6,"4,112",6.8
290,EMBU NORTH,Male,"37,443","13,147 35.1","12,344 33.0","9,327 24.9","2,497 6.7",127,0.3,1,"13,147",35.1,"12,344",33.0,"9,327",24.9,"2,497",6.7
293,EMBU WEST,Male,"57,297","19,180 33.5","23,246 40.6","11,853 20.7","2,699 4.7",314,0.5,5,"19,180",33.5,"23,246",40.6,"11,853",20.7,"2,699",4.7
296,MBEERE SOUTH,Male,"77,699","29,539 38.0","23,666 30.5","18,558 23.9","5,383 6.9",539,0.7,14,"29,539",38.0,"23,666",30.5,"18,558",23.9,"5,383",6.9
299,MBEERE NORTH,Male,"49,760","21,276 42.8","12,235 24.6","11,842 23.8","4,131 8.3",275,0.6,1,"21,276",42.8,"12,235",24.6,"11,842",23.8,"4,131",8.3
302,MT. KENYA FOREST,Male,18,- -,17 94.4,1 5.6,- -,-,-,-,-,-,17,94.4,1,5.6,-,-
305,KITUI,Male,"508,247","250,178 49.2","127,266 25.0","72,606 14.3","51,705 10.2","6,431",1.3,61,"250,178",49.2,"127,266",25.0,"72,606",14.3,"51,705",10.2
308,IKUTHA,Male,"37,282","20,339 54.6","7,295 19.6","5,630 15.1","3,409 9.1",607,1.6,2,"20,339",54.6,"7,295",19.6,"5,630",15.1,"3,409",9.1
311,KATULANI,Male,"21,770","9,635 44.3","6,804 31.3","3,163 14.5","1,756 8.1",412,1.9,-,"9,635",44.3,"6,804",31.3,"3,163",14.5,"1,756",8.1
314,KISASI,Male,"21,140","10,112 47.8","5,237 24.8","3,653 17.3","1,920 9.1",217,1,1,"10,112",47.8,"5,237",24.8,"3,653",17.3,"1,920",9.1
317,KITUI CENTRAL,Male,"47,435","20,082 42.3","17,446 36.8","6,621 14.0","2,811 5.9",471,1,4,"20,082",42.3,"17,446",36.8,"6,621",14.0,"2,811",5.9
320,KITUI WEST,Male,"31,558","14,933 47.3","10,062 31.9","4,257 13.5","2,024 6.4",282,0.9,-,"14,933",47.3,"10,062",31.9,"4,257",13.5,"2,024",6.4
323,KYUSO,Male,"33,864","17,508 51.7","6,135 18.1","5,292 15.6","4,367 12.9",560,1.7,2,"17,508",51.7,"6,135",18.1,"5,292",15.6,"4,367",12.9
326,LOWER YATTA,Male,"29,535","13,784 46.7","7,458 25.3","5,045 17.1","2,692 9.1",555,1.9,1,"13,784",46.7,"7,458",25.3,"5,045",17.1,"2,692",9.1
329,MATINYANI,Male,"21,869","9,909 45.3","6,897 31.5","3,394 15.5","1,484 6.8",185,0.8,-,"9,909",45.3,"6,897",31.5,"3,394",15.5,"1,484",6.8
332,MIGWANI,Male,"34,807","17,222 49.5","10,355 29.7","4,174 12.0","2,596 7.5",447,1.3,13,"17,222",49.5,"10,355",29.7,"4,174",12.0,"2,596",7.5
335,MUMONI,Male,"12,732","6,857 53.9","2,213 17.4","2,126 16.7","1,399 11.0",135,1.1,2,"6,857",53.9,"2,213",17.4,"2,126",16.7,"1,399",11.0
338,MUTITU,Male,"24,422","13,084 53.6","4,347 17.8","2,920 12.0","3,695 15.1",355,1.5,21,"13,084",53.6,"4,347",17.8,"2,920",12.0,"3,695",15.1
341,MUTITU NORTH,Male,"9,620","4,763 49.5","2,437 25.3","1,354 14.1",962 10.0,101,1,3,"4,763",49.5,"2,437",25.3,"1,354",14.1,962,10.0
344,MUTOMO,Male,"50,656","25,989 51.3","10,464 20.7","6,943 13.7","6,776 13.4",480,0.9,4,"25,989",51.3,"10,464",20.7,"6,943",13.7,"6,776",13.4
347,MWINGI CENTRAL,Male,"48,132","23,501 48.8","12,588 26.2","6,252 13.0","5,242 10.9",545,1.1,4,"23,501",48.8,"12,588",26.2,"6,252",13.0,"5,242",10.9
350,MWINGI EAST,Male,"37,382","19,856 53.1","6,738 18.0","4,941 13.2","5,281 14.1",562,1.5,4,"19,856",53.1,"6,738",18.0,"4,941",13.2,"5,281",14.1
353,NZAMBANI,Male,"21,356","9,831 46.0","6,486 30.4","3,137 14.7","1,716 8.0",186,0.9,-,"9,831",46.0,"6,486",30.4,"3,137",14.7,"1,716",8.0
356,THAGICU,Male,"6,591","3,457 52.5","1,210 18.4","1,078 16.4",810 12.3,36,0.5,-,"3,457",52.5,"1,210",18.4,"1,078",16.4,810,12.3
359,TSEIKURU,Male,"18,096","9,316 51.5","3,094 17.1","2,626 14.5","2,765 15.3",295,1.6,-,"9,316",51.5,"3,094",17.1,"2,626",14.5,"2,765",15.3
362,MACHAKOS,Male,"661,982","258,981 39.1","262,961 39.7","99,048 15.0","34,692 5.2","6,197",0.9,103,"258,981",39.1,"262,961",39.7,"99,048",15.0,"34,692",5.2
365,ATHI RIVER,Male,"150,511","49,337 32.8","78,486 52.1","15,929 10.6","5,253 3.5","1,441",1,65,"49,337",32.8,"78,486",52.1,"15,929",10.6,"5,253",3.5
368,KALAMA,Male,"25,273","10,196 40.3","9,565 37.8","3,216 12.7","2,066 8.2",229,0.9,1,"10,196",40.3,"9,565",37.8,"3,216",12.7,"2,066",8.2
371,KANGUNDO,Male,"45,935","18,188 39.6","17,431 37.9","8,242 17.9","1,855 4.0",218,0.5,1,"18,188",39.6,"17,431",37.9,"8,242",17.9,"1,855",4.0
374,KATHIANI,Male,"51,709","22,119 42.8","18,110 35.0","8,618 16.7","2,445 4.7",411,0.8,6,"22,119",42.8,"18,110",35.0,"8,618",16.7,"2,445",4.7
377,MACHAKOS,Male,"78,763","27,561 35.0","37,985 48.2","9,600 12.2","3,024 3.8",584,0.7,9,"27,561",35.0,"37,985",48.2,"9,600",12.2,"3,024",3.8
380,MASINGA,Male,"68,657","30,933 45.1","18,453 26.9","12,995 18.9","5,404 7.9",863,1.3,9,"30,933",45.1,"18,453",26.9,"12,995",18.9,"5,404",7.9
383,MATUNGULU,Male,"76,123","29,817 39.2","28,908 38.0","12,874 16.9","3,618 4.8",904,1.2,2,"29,817",39.2,"28,908",38.0,"12,874",16.9,"3,618",4.8
386,MWALA,Male,"85,399","36,048 42.2","29,913 35.0","13,803 16.2","5,114 6.0",513,0.6,8,"36,048",42.2,"29,913",35.0,"13,803",16.2,"5,114",6.0
389,YATTA,Male,"79,612","34,782 43.7","24,110 30.3","13,771 17.3","5,913 7.4","1,034",1.3,2,"34,782",43.7,"24,110",30.3,"13,771",17.3,"5,913",7.4
392,MAKUENI,Male,"453,946","202,949 44.7","135,938 29.9","81,353 17.9","26,987 5.9","6,657",1.5,62,"202,949",44.7,"135,938",29.9,"81,353",17.9,"26,987",5.9
395,KATHONZWENI,Male,"36,846","17,094 46.4","10,424 28.3","6,164 16.7","2,307 6.3",855,2.3,2,"17,094",46.4,"10,424",28.3,"6,164",16.7,"2,307",6.3
398,KIBWEZI,Male,"90,350","42,482 47.0","23,054 25.5","16,761 18.6","6,608 7.3","1,437",1.6,8,"42,482",47.0,"23,054",25.5,"16,761",18.6,"6,608",7.3
401,KILUNGU,Male,"27,241","12,802 47.0","8,021 29.4","4,614 16.9","1,537 5.6",261,1,6,"12,802",47.0,"8,021",29.4,"4,614",16.9,"1,537",5.6
404,MAKINDU,Male,"38,462","17,300 45.0","11,232 29.2","6,669 17.3","2,643 6.9",607,1.6,11,"17,300",45.0,"11,232",29.2,"6,669",17.3,"2,643",6.9
407,MAKUENI,Male,"60,589","24,818 41.0","21,905 36.2","10,371 17.1","2,852 4.7",642,1.1,1,"24,818",41.0,"21,905",36.2,"10,371",17.1,"2,852",4.7
410,MBOONI EAST,Male,"45,311","20,632 45.5","13,134 29.0","8,175 18.0","2,633 5.8",736,1.6,1,"20,632",45.5,"13,134",29.0,"8,175",18.0,"2,633",5.8
413,MBOONI WEST,Male,"46,405","21,819 47.0","12,650 27.3","8,935 19.3","2,246 4.8",752,1.6,3,"21,819",47.0,"12,650",27.3,"8,935",19.3,"2,246",4.8
416,MUKAA,Male,"50,574","20,066 39.7","17,528 34.7","9,435 18.7","2,821 5.6",711,1.4,13,"20,066",39.7,"17,528",34.7,"9,435",18.7,"2,821",5.6
419,NZAUI,Male,"58,168","25,936 44.6","17,990 30.9","10,229 17.6","3,340 5.7",656,1.1,17,"25,936",44.6,"17,990",30.9,"10,229",17.6,"3,340",5.7
422,NYANDARUA,Male,"292,917","128,283 43.8","98,748 33.7","50,160 17.1","14,653 5.0","1,041",0.4,32,"128,283",43.8,"98,748",33.7,"50,160",17.1,"14,653",5.0
425,KINANGOP,Male,"50,836","22,094 43.5","16,353 32.2","9,382 18.5","2,882 5.7",116,0.2,9,"22,094",43.5,"16,353",32.2,"9,382",18.5,"2,882",5.7
428,NYANDARUA SOUTH,Male,"42,802","19,039 44.5","14,613 34.1","7,050 16.5","1,992 4.7",106,0.2,2,"19,039",44.5,"14,613",34.1,"7,050",16.5,"1,992",4.7
431,MIRANGINE,Male,"31,220","13,817 44.3","9,849 31.5","5,630 18.0","1,833 5.9",88,0.3,3,"13,817",44.3,"9,849",31.5,"5,630",18.0,"1,833",5.9
434,KIPIPIRI,Male,"43,161","19,577 45.4","13,860 32.1","7,302 16.9","2,298 5.3",118,0.3,6,"19,577",45.4,"13,860",32.1,"7,302",16.9,"2,298",5.3
437,NYANDARUA CENTRAL,Male,"34,508","14,750 42.7","11,848 34.3","6,081 17.6","1,658 4.8",166,0.5,5,"14,750",42.7,"11,848",34.3,"6,081",17.6,"1,658",4.8
440,NYANDARUA WEST,Male,"45,240","19,269 42.6","15,651 34.6","8,221 18.2","1,908 4.2",190,0.4,1,"19,269",42.6,"15,651",34.6,"8,221",18.2,"1,908",4.2
443,NYANDARUA NORTH,Male,"45,140","19,737 43.7","16,564 36.7","6,494 14.4","2,082 4.6",257,0.6,6,"19,737",43.7,"16,564",36.7,"6,494",14.4,"2,082",4.6
446,ABERDARE NATIONAL PARK,Male,10,- -,10 100.0,- -,- -,-,-,-,-,-,10,100.0,-,-,-,-
449,NYERI,Male,"348,266","130,417 37.4","150,457 43.2","52,289 15.0","12,895 3.7","2,180",0.6,28,"130,417",37.4,"150,457",43.2,"52,289",15.0,"12,895",3.7
452,TETU,Male,"37,083","13,866 37.4","16,314 44.0","5,406 14.6","1,370 3.7",126,0.3,1,"13,866",37.4,"16,314",44.0,"5,406",14.6,"1,370",3.7
455,KIENI EAST,Male,"51,442","18,863 36.7","22,297 43.3","7,941 15.4","2,089 4.1",246,0.5,6,"18,863",36.7,"22,297",43.3,"7,941",15.4,"2,089",4.1
458,KIENI WEST,Male,"41,026","16,390 40.0","16,583 40.4","6,125 14.9","1,633 4.0",292,0.7,3,"16,390",40.0,"16,583",40.4,"6,125",14.9,"1,633",4.0
461,MATHIRA EAST,Male,"44,995","16,909 37.6","19,387 43.1","7,031 15.6","1,391 3.1",276,0.6,1,"16,909",37.6,"19,387",43.1,"7,031",15.6,"1,391",3.1
464,MATHIRA WEST,Male,"27,860","10,272 36.9","11,742 42.1","4,783 17.2",942 3.4,118,0.4,3,"10,272",36.9,"11,742",42.1,"4,783",17.2,942,3.4
467,NYERI SOUTH,Male,"41,443","15,718 37.9","17,671 42.6","6,140 14.8","1,688 4.1",225,0.5,1,"15,718",37.9,"17,671",42.6,"6,140",14.8,"1,688",4.1
470,MUKURWE-INI,Male,"41,386","15,861 38.3","15,909 38.4","7,390 17.9","1,883 4.5",341,0.8,2,"15,861",38.3,"15,909",38.4,"7,390",17.9,"1,883",4.5
473,NYERI CENTRAL,Male,"62,843","22,509 35.8","30,425 48.4","7,449 11.9","1,893 3.0",556,0.9,11,"22,509",35.8,"30,425",48.4,"7,449",11.9,"1,893",3.0
476,MT. KENYA FOREST,Male,118,25 21.2,66 55.9,24 20.3,3 2.5,-,-,-,25,21.2,66,55.9,24,20.3,3,2.5
479,ABERDARE FOREST,Male,70,4 5.7,63 90.0,- -,3 4.3,-,-,-,4,5.7,63,90.0,-,-,3,4.3
482,KIRINYAGA,Male,"281,556","98,661 35.0","100,582 35.7","67,459 24.0","12,577 4.5","2,256",0.8,21,"98,661",35.0,"100,582",35.7,"67,459",24.0,"12,577",4.5
485,KIRINYAGA CENTRAL,Male,"55,919","19,502 34.9","22,314 39.9","11,449 20.5","2,062 3.7",590,1.1,2,"19,502",34.9,"22,314",39.9,"11,449",20.5,"2,062",3.7
488,KIRINYAGA EAST,Male,"63,267","21,314 33.7","22,222 35.1","16,536 26.1","2,760 4.4",423,0.7,12,"21,314",33.7,"22,222",35.1,"16,536",26.1,"2,760",4.4
491,KIRINYAGA WEST,Male,"52,630","19,180 36.4","20,574 39.1","10,450 19.9","2,156 4.1",268,0.5,2,"19,180",36.4,"20,574",39.1,"10,450",19.9,"2,156",4.1
494,MWEA EAST,Male,"60,740","20,775 34.2","20,158 33.2","15,823 26.1","3,335 5.5",644,1.1,5,"20,775",34.2,"20,158",33.2,"15,823",26.1,"3,335",5.5
497,MWEA WEST,Male,"48,976","17,890 36.5","15,292 31.2","13,199 26.9","2,264 4.6",331,0.7,-,"17,890",36.5,"15,292",31.2,"13,199",26.9,"2,264",4.6
500,MT. KENYA FOREST,Male,24,- -,22 91.7,2 8.3,- -,-,-,-,-,-,22,91.7,2,8.3,-,-
503,MURANG'A,Male,"488,689","184,250 37.7","182,572 37.4","93,190 19.1","26,285 5.4","2,319",0.5,73,"184,250",37.7,"182,572",37.4,"93,190",19.1,"26,285",5.4
506,MURANG'A EAST,Male,"49,826","17,772 35.7","20,968 42.1","8,183 16.4","2,671 5.4",230,0.5,2,"17,772",35.7,"20,968",42.1,"8,183",16.4,"2,671",5.4
509,KANGEMA,Male,"37,165","13,778 37.1","14,793 39.8","6,461 17.4","1,999 5.4",134,0.4,-,"13,778",37.1,"14,793",39.8,"6,461",17.4,"1,999",5.4
512,MATHIOYA,Male,"42,738","16,161 37.8","16,094 37.7","7,587 17.8","2,686 6.3",203,0.5,7,"16,161",37.8,"16,094",37.7,"7,587",17.8,"2,686",6.3
515,KAHURO,Male,"40,864","15,443 37.8","14,898 36.5","8,219 20.1","2,133 5.2",166,0.4,5,"15,443",37.8,"14,898",36.5,"8,219",20.1,"2,133",5.2
518,MURANG'A SOUTH,Male,"85,252","32,909 38.6","30,308 35.6","17,034 20.0","4,565 5.4",422,0.5,14,"32,909",38.6,"30,308",35.6,"17,034",20.0,"4,565",5.4
521,GATANGA,Male,"88,134","33,338 37.8","33,059 37.5","16,925 19.2","4,356 4.9",441,0.5,15,"33,338",37.8,"33,059",37.5,"16,925",19.2,"4,356",4.9
524,KIGUMO,Male,"63,728","24,235 38.0","22,240 34.9","13,257 20.8","3,685 5.8",295,0.5,16,"24,235",38.0,"22,240",34.9,"13,257",20.8,"3,685",5.8
527,KANDARA,Male,"80,952","30,612 37.8","30,189 37.3","15,519 19.2","4,190 5.2",428,0.5,14,"30,612",37.8,"30,189",37.3,"15,519",19.2,"4,190",5.2
530,ABERDARE FOREST,Male,30,2 6.7,23 76.7,5 16.7,- -,-,-,-,2,6.7,23,76.7,5,16.7,-,-
533,KIAMBU,Male,"1,092,380","388,770 35.6","504,910 46.2","151,002 13.8","40,162 3.7","7,274",0.7,262,"388,770",35.6,"504,910",46.2,"151,002",13.8,"40,162",3.7
536,GATUNDU NORTH,Male,"50,634","18,737 37.0","18,964 37.5","10,190 20.1","2,405 4.7",331,0.7,7,"18,737",37.0,"18,964",37.5,"10,190",20.1,"2,405",4.7
539,GATUNDU SOUTH,Male,"56,630","20,339 35.9","22,679 40.0","10,298 18.2","2,865 5.1",432,0.8,17,"20,339",35.9,"22,679",40.0,"10,298",18.2,"2,865",5.1
542,GITHUNGURI,Male,"76,874","27,194 35.4","32,136 41.8","13,548 17.6","3,572 4.6",414,0.5,10,"27,194",35.4,"32,136",41.8,"13,548",17.6,"3,572",4.6
545,JUJA,Male,"136,491","51,283 37.6","63,526 46.5","16,351 12.0","4,326 3.2",966,0.7,39,"51,283",37.6,"63,526",46.5,"16,351",12.0,"4,326",3.2
548,KABETE,Male,"90,196","30,762 34.1","44,509 49.3","11,351 12.6","2,917 3.2",638,0.7,19,"30,762",34.1,"44,509",49.3,"11,351",12.6,"2,917",3.2
551,KIAMBAA,Male,"106,623","34,903 32.7","52,380 49.1","14,516 13.6","4,010 3.8",770,0.7,44,"34,903",32.7,"52,380",49.1,"14,516",13.6,"4,010",3.8
554,KIAMBU,Male,"63,471","21,477 33.8","31,001 48.8","8,202 12.9","2,362 3.7",397,0.6,32,"21,477",33.8,"31,001",48.8,"8,202",12.9,"2,362",3.7
557,KIKUYU,Male,"83,603","29,466 35.2","40,300 48.2","10,468 12.5","2,982 3.6",380,0.5,7,"29,466",35.2,"40,300",48.2,"10,468",12.5,"2,982",3.6
560,LARI,Male,"62,427","24,207 38.8","23,164 37.1","11,564 18.5","3,053 4.9",436,0.7,3,"24,207",38.8,"23,164",37.1,"11,564",18.5,"3,053",4.9
563,LIMURU,Male,"73,445","26,851 36.6","32,177 43.8","11,227 15.3","2,777 3.8",400,0.5,13,"26,851",36.6,"32,177",43.8,"11,227",15.3,"2,777",3.8
566,RUIRU,Male,"165,256","57,530 34.8","83,728 50.7","17,721 10.7","4,779 2.9","1,455",0.9,43,"57,530",34.8,"83,728",50.7,"17,721",10.7,"4,779",2.9
569,THIKA EAST,Male,"18,224","6,498 35.7","7,316 40.1","3,504 19.2",802 4.4,102,0.6,2,"6,498",35.7,"7,316",40.1,"3,504",19.2,802,4.4
572,THIKA WEST,Male,"108,506","39,523 36.4","53,030 48.9","12,062 11.1","3,312 3.1",553,0.5,26,"39,523",36.4,"53,030",48.9,"12,062",11.1,"3,312",3.1
575,TURKANA,Male,"439,467","98,266 22.4","21,042 4.8","14,573 3.3","294,430 67.0","10,795",2.5,361,"98,266",22.4,"21,042",4.8,"14,573",3.3,"294,430",67.0
578,KIBISH,Male,"17,046","1,516 8.9",219 1.3,167 1.0,"14,978 87.9",166,1,-,"1,516",8.9,219,1.3,167,1.0,"14,978",87.9
581,LOIMA,Male,"49,440","7,292 14.7",762 1.5,997 2.0,"39,101 79.1","1,231",2.5,57,"7,292",14.7,762,1.5,997,2.0,"39,101",79.1
584,TURKANA CENTRAL,Male,"82,906","27,137 32.7","9,280 11.2","6,396 7.7","39,087 47.1",977,1.2,29,"27,137",32.7,"9,280",11.2,"6,396",7.7,"39,087",47.1
587,TURKANA EAST,Male,"72,914","8,857 12.1","1,708 2.3",883 1.2,"58,792 80.6","2,588",3.5,86,"8,857",12.1,"1,708",2.3,883,1.2,"58,792",80.6
590,TURKANA NORTH,Male,"29,770","5,249 17.6",842 2.8,655 2.2,"22,186 74.5",836,2.8,2,"5,249",17.6,842,2.8,655,2.2,"22,186",74.5
593,TURKANA SOUTH,Male,"72,846","16,213 22.3","3,159 4.3","2,175 3.0","49,570 68.0","1,689",2.3,40,"16,213",22.3,"3,159",4.3,"2,175",3.0,"49,570",68.0
596,TURKANA WEST,Male,"114,545","32,002 27.9","5,072 4.4","3,300 2.9","70,716 61.7","3,308",2.9,147,"32,002",27.9,"5,072",4.4,"3,300",2.9,"70,716",61.7
599,WEST POKOT,Male,"272,728","119,842 43.9","20,733 7.6","28,006 10.3","101,121 37.1","2,978",1.1,48,"119,842",43.9,"20,733",7.6,"28,006",10.3,"101,121",37.1
602,KIPKOMO,Male,"45,307","24,703 54.5","3,569 7.9","6,181 13.6","10,398 23.0",456,1,-,"24,703",54.5,"3,569",7.9,"6,181",13.6,"10,398",23.0
605,POKOT CENTRAL,Male,"53,164","22,218 41.8","2,484 4.7","5,871 11.0","22,191 41.7",393,0.7,7,"22,218",41.8,"2,484",4.7,"5,871",11.0,"22,191",41.7
608,POKOT NORTH,Male,"56,999","13,774 24.2","1,929 3.4","1,718 3.0","39,056 68.5",497,0.9,25,"13,774",24.2,"1,929",3.4,"1,718",3.0,"39,056",68.5
611,POKOT SOUTH,Male,"35,681","21,211 59.4","2,853 8.0","4,663 13.1","6,391 17.9",563,1.6,-,"21,211",59.4,"2,853",8.0,"4,663",13.1,"6,391",17.9
614,WEST POKOT,Male,"81,577","37,936 46.5","9,898 12.1","9,573 11.7","23,085 28.3","1,069",1.3,16,"37,936",46.5,"9,898",12.1,"9,573",11.7,"23,085",28.3
617,SAMBURU,Male,"141,072","46,092 32.7","12,778 9.1","6,193 4.4","74,619 52.9","1,378",1,12,"46,092",32.7,"12,778",9.1,"6,193",4.4,"74,619",52.9
620,SAMBURU CENTRAL,Male,"75,738","29,444 38.9","8,136 10.7","4,095 5.4","33,148 43.8",906,1.2,9,"29,444",38.9,"8,136",10.7,"4,095",5.4,"33,148",43.8
623,SAMBURU EAST,Male,"34,048","9,425 27.7","2,925 8.6","1,338 3.9","20,058 58.9",302,0.9,-,"9,425",27.7,"2,925",8.6,"1,338",3.9,"20,058",58.9
626,SAMBURU NORTH,Male,"31,286","7,223 23.1","1,717 5.5",760 2.4,"21,413 68.4",170,0.5,3,"7,223",23.1,"1,717",5.5,760,2.4,"21,413",68.4
629,TRANS NZOIA,Male,"448,487","224,218 50.0","88,354 19.7","88,076 19.6","42,289 9.4","5,518",1.2,32,"224,218",50.0,"88,354",19.7,"88,076",19.6,"42,289",9.4
632,TRANS NZOIA WEST,Male,"91,254","44,064 48.3","19,546 21.4","18,587 20.4","7,632 8.4","1,408",1.5,17,"44,064",48.3,"19,546",21.4,"18,587",20.4,"7,632",8.4
635,TRANS NZOIA EAST,Male,"104,721","53,788 51.4","20,509 19.6","19,023 18.2","9,910 9.5","1,487",1.4,4,"53,788",51.4,"20,509",19.6,"19,023",18.2,"9,910",9.5
638,KWANZA,Male,"92,532","46,409 50.2","17,438 18.8","17,330 18.7","10,091 10.9","1,259",1.4,5,"46,409",50.2,"17,438",18.8,"17,330",18.7,"10,091",10.9
641,ENDEBESS,Male,"51,455","25,839 50.2","6,657 12.9","12,023 23.4","6,541 12.7",394,0.8,1,"25,839",50.2,"6,657",12.9,"12,023",23.4,"6,541",12.7
644,KIMININI,Male,"108,525","54,118 49.9","24,204 22.3","21,113 19.5","8,115 7.5",970,0.9,5,"54,118",49.9,"24,204",22.3,"21,113",19.5,"8,115",7.5
647,UASIN GISHU,Male,"531,769","241,839 45.5","163,748 30.8","85,855 16.1","35,299 6.6","4,960",0.9,68,"241,839",45.5,"163,748",30.8,"85,855",16.1,"35,299",6.6
650,AINABKOI,Male,"62,850","29,057 46.2","20,815 33.1","8,471 13.5","4,122 6.6",380,0.6,5,"29,057",46.2,"20,815",33.1,"8,471",13.5,"4,122",6.6
653,KAPSERET,Male,"91,412","38,581 42.2","32,800 35.9","14,635 16.0","4,379 4.8",995,1.1,22,"38,581",42.2,"32,800",35.9,"14,635",16.0,"4,379",4.8
656,KESSES,Male,"68,811","33,580 48.8","18,727 27.2","10,957 15.9","5,201 7.6",339,0.5,7,"33,580",48.8,"18,727",27.2,"10,957",15.9,"5,201",7.6
659,MOIBEN,Male,"81,639","36,585 44.8","27,183 33.3","11,710 14.3","5,532 6.8",623,0.8,6,"36,585",44.8,"27,183",33.3,"11,710",14.3,"5,532",6.8
662,SOY,Male,"105,136","51,374 48.9","24,693 23.5","20,093 19.1","7,783 7.4","1,176",1.1,17,"51,374",48.9,"24,693",23.5,"20,093",19.1,"7,783",7.4
665,TURBO,Male,"121,921","52,662 43.2","39,530 32.4","19,989 16.4","8,282 6.8","1,447",1.2,11,"52,662",43.2,"39,530",32.4,"19,989",16.4,"8,282",6.8
668,ELGEYO/MARAKWET,Male,"209,151","103,310 49.4","48,510 23.2","31,890 15.2","23,622 11.3","1,789",0.9,30,"103,310",49.4,"48,510",23.2,"31,890",15.2,"23,622",11.3
671,KEIYO NORTH,Male,"45,566","21,499 47.2","14,415 31.6","5,895 12.9","3,492 7.7",259,0.6,6,"21,499",47.2,"14,415",31.6,"5,895",12.9,"3,492",7.7
674,KEIYO SOUTH,Male,"56,593","27,641 48.8","15,165 26.8","8,446 14.9","4,468 7.9",864,1.5,9,"27,641",48.8,"15,165",26.8,"8,446",14.9,"4,468",7.9
677,MARAKWET EAST,Male,"43,796","23,055 52.6","6,574 15.0","6,204 14.2","7,819 17.9",143,0.3,1,"23,055",52.6,"6,574",15.0,"6,204",14.2,"7,819",17.9
680,MARAKWET WEST,Male,"63,196","31,115 49.2","12,356 19.6","11,345 18.0","7,843 12.4",523,0.8,14,"31,115",49.2,"12,356",19.6,"11,345",18.0,"7,843",12.4
683,NANDI,Male,"408,980","199,523 48.8","85,080 20.8","88,754 21.7","31,654 7.7","3,921",1,48,"199,523",48.8,"85,080",20.8,"88,754",21.7,"31,654",7.7
686,CHESUMEI,Male,"75,011","35,299 47.1","18,917 25.2","15,382 20.5","4,706 6.3",704,0.9,3,"35,299",47.1,"18,917",25.2,"15,382",20.5,"4,706",6.3
689,NANDI CENTRAL,Male,"67,514","32,004 47.4","16,014 23.7","13,685 20.3","5,231 7.7",580,0.9,-,"32,004",47.4,"16,014",23.7,"13,685",20.3,"5,231",7.7
692,NANDI EAST,Male,"55,676","26,083 46.8","12,430 22.3","12,656 22.7","4,215 7.6",269,0.5,23,"26,083",46.8,"12,430",22.3,"12,656",22.7,"4,215",7.6
695,NANDI NORTH,Male,"76,585","38,889 50.8","13,689 17.9","16,828 22.0","5,895 7.7","1,275",1.7,9,"38,889",50.8,"13,689",17.9,"16,828",22.0,"5,895",7.7
698,NANDI SOUTH,Male,"79,744","39,675 49.8","15,457 19.4","17,488 21.9","6,661 8.4",459,0.6,4,"39,675",49.8,"15,457",19.4,"17,488",21.9,"6,661",8.4
701,TINDERET,Male,"54,450","27,573 50.6","8,573 15.7","12,715 23.4","4,946 9.1",634,1.2,9,"27,573",50.6,"8,573",15.7,"12,715",23.4,"4,946",9.1
704,BARINGO,Male,"306,702","130,797 42.6","64,231 20.9","32,867 10.7","75,333 24.6","3,456",1.1,18,"130,797",42.6,"64,231",20.9,"32,867",10.7,"75,333",24.6
707,BARINGO CENTRAL,Male,"44,084","21,287 48.3","14,595 33.1","4,896 11.1","3,044 6.9",262,0.6,-,"21,287",48.3,"14,595",33.1,"4,896",11.1,"3,044",6.9
710,BARINGO NORTH,Male,"48,209","24,837 51.5","11,051 22.9","6,148 12.8","5,519 11.4",653,1.4,1,"24,837",51.5,"11,051",22.9,"6,148",12.8,"5,519",11.4
713,EAST POKOT,Male,"36,951","6,913 18.7","1,106 3.0",551 1.5,"27,773 75.2",606,1.6,2,"6,913",18.7,"1,106",3.0,551,1.5,"27,773",75.2
716,KOIBATEK,Male,"59,953","28,370 47.3","18,790 31.3","9,102 15.2","3,183 5.3",505,0.8,3,"28,370",47.3,"18,790",31.3,"9,102",15.2,"3,183",5.3
719,MARIGAT,Male,"40,463","21,466 53.1","7,535 18.6","5,265 13.0","5,738 14.2",453,1.1,6,"21,466",53.1,"7,535",18.6,"5,265",13.0,"5,738",14.2
722,MOGOTIO,Male,"42,194","21,210 50.3","9,986 23.7","6,051 14.3","4,440 10.5",506,1.2,1,"21,210",50.3,"9,986",23.7,"6,051",14.3,"4,440",10.5
725,TIATY EAST,Male,"34,848","6,714 19.3","1,168 3.4",854 2.5,"25,636 73.6",471,1.4,5,"6,714",19.3,"1,168",3.4,854,2.5,"25,636",73.6
728,LAIKIPIA,Male,"236,702","94,751 40.0","78,392 33.1","28,229 11.9","33,580 14.2","1,731",0.7,19,"94,751",40.0,"78,392",33.1,"28,229",11.9,"33,580",14.2
731,LAIKIPIA CENTRAL,Male,"44,606","17,659 39.6","17,815 39.9","6,352 14.2","2,317 5.2",461,1,2,"17,659",39.6,"17,815",39.9,"6,352",14.2,"2,317",5.2
734,LAIKIPIA EAST,Male,"46,952","16,957 36.1","19,254 41.0","5,378 11.5","5,092 10.8",265,0.6,6,"16,957",36.1,"19,254",41.0,"5,378",11.5,"5,092",10.8
737,LAIKIPIA NORTH,Male,"16,107","6,102 37.9","1,863 11.6",936 5.8,"7,106 44.1",100,0.6,-,"6,102",37.9,"1,863",11.6,936,5.8,"7,106",44.1
740,LAIKIPIA WEST,Male,"59,138","23,244 39.3","14,852 25.1","6,264 10.6","14,275 24.1",492,0.8,11,"23,244",39.3,"14,852",25.1,"6,264",10.6,"14,275",24.1
743,NYAHURURU,Male,"69,899","30,789 44.0","24,608 35.2","9,299 13.3","4,790 6.9",413,0.6,-,"30,789",44.0,"24,608",35.2,"9,299",13.3,"4,790",6.9
746,NAKURU,Male,"982,910","429,850 43.7","330,145 33.6","150,063 15.3","63,298 6.4","9,390",1,164,"429,850",43.7,"330,145",33.6,"150,063",15.3,"63,298",6.4
749,GILGIL,Male,"84,928","37,668 44.4","29,433 34.7","11,850 14.0","5,321 6.3",639,0.8,17,"37,668",44.4,"29,433",34.7,"11,850",14.0,"5,321",6.3
752,KURESOI NORTH,Male,"80,563","40,306 50.0","17,023 21.1","15,313 19.0","7,050 8.8",862,1.1,9,"40,306",50.0,"17,023",21.1,"15,313",19.0,"7,050",8.8
755,KURESOI SOUTH,Male,"71,731","36,116 50.3","15,372 21.4","13,129 18.3","6,231 8.7",882,1.2,1,"36,116",50.3,"15,372",21.4,"13,129",18.3,"6,231",8.7
758,MOLO,Male,"72,141","33,330 46.2","20,721 28.7","12,707 17.6","4,639 6.4",742,1,2,"33,330",46.2,"20,721",28.7,"12,707",17.6,"4,639",6.4
761,NAIVASHA,Male,"161,071","61,761 38.3","63,148 39.2","23,533 14.6","10,813 6.7","1,782",1.1,34,"61,761",38.3,"63,148",39.2,"23,533",14.6,"10,813",6.7
764,NAKURU EAST,Male,"83,491","33,656 40.3","36,924 44.2","8,997 10.8","3,170 3.8",712,0.9,32,"33,656",40.3,"36,924",44.2,"8,997",10.8,"3,170",3.8
767,NAKURU NORTH,Male,"97,573","41,720 42.8","36,254 37.2","13,714 14.1","4,968 5.1",883,0.9,34,"41,720",42.8,"36,254",37.2,"13,714",14.1,"4,968",5.1
770,NAKURU WEST,Male,"91,321","33,350 36.5","39,006 42.7","13,262 14.5","4,468 4.9","1,232",1.3,3,"33,350",36.5,"39,006",42.7,"13,262",14.5,"4,468",4.9
773,NJORO,Male,"109,028","52,332 48.0","29,755 27.3","18,903 17.3","7,386 6.8",643,0.6,9,"52,332",48.0,"29,755",27.3,"18,903",17.3,"7,386",6.8
776,RONGAI,Male,"92,132","41,256 44.8","30,193 32.8","13,319 14.5","6,630 7.2",723,0.8,11,"41,256",44.8,"30,193",32.8,"13,319",14.5,"6,630",7.2
779,SUBUKIA,Male,"38,931","18,355 47.1","12,316 31.6","5,336 13.7","2,622 6.7",290,0.7,12,"18,355",47.1,"12,316",31.6,"5,336",13.7,"2,622",6.7
782,NAROK,Male,"520,523","248,214 47.7","66,633 12.8","70,531 13.6","128,801 24.7","6,235",1.2,109,"248,214",47.7,"66,633",12.8,"70,531",13.6,"128,801",24.7
785,NAROK EAST,Male,"53,336","23,840 44.7","6,641 12.5","5,784 10.8","16,620 31.2",447,0.8,4,"23,840",44.7,"6,641",12.5,"5,784",10.8,"16,620",31.2
788,NAROK NORTH,Male,"115,452","50,396 43.7","23,748 20.6","14,679 12.7","24,916 21.6","1,679",1.5,34,"50,396",43.7,"23,748",20.6,"14,679",12.7,"24,916",21.6
791,NAROK SOUTH,Male,"106,882","49,039 45.9","10,999 10.3","13,225 12.4","32,472 30.4","1,132",1.1,15,"49,039",45.9,"10,999",10.3,"13,225",12.4,"32,472",30.4
794,NAROK WEST,Male,"84,283","39,063 46.3","6,962 8.3","9,820 11.7","27,249 32.3","1,167",1.4,22,"39,063",46.3,"6,962",8.3,"9,820",11.7,"27,249",32.3
797,TRANS MARA EAST,Male,"50,134","29,303 58.4","4,292 8.6","8,299 16.6","7,929 15.8",300,0.6,11,"29,303",58.4,"4,292",8.6,"8,299",16.6,"7,929",15.8
800,TRANS MARA WEST,Male,"110,408","56,572 51.2","13,964 12.6","18,724 17.0","19,615 17.8","1,510",1.4,23,"56,572",51.2,"13,964",12.6,"18,724",17.0,"19,615",17.8
803,MAU FOREST,Male,28,1 3.6,27 96.4,- -,- -,-,-,-,1,3.6,27,96.4,-,-,-,-
806,KAJIADO,Male,"504,023","195,925 38.9","164,069 32.6","54,115 10.7","82,454 16.4","7,321",1.5,139,"195,925",38.9,"164,069",32.6,"54,115",10.7,"82,454",16.4
809,ISINYA,Male,"95,366","31,257 32.8","45,330 47.5","10,786 11.3","5,342 5.6","2,580",2.7,71,"31,257",32.8,"45,330",47.5,"10,786",11.3,"5,342",5.6
812,KAJIADO CENTRAL,Male,"72,629","32,735 45.1","14,186 19.5","6,024 8.3","18,445 25.4","1,238",1.7,1,"32,735",45.1,"14,186",19.5,"6,024",8.3,"18,445",25.4
815,KAJIADO NORTH,Male,"138,169","50,880 36.8","64,576 46.7","16,476 11.9","4,885 3.5","1,316",1,36,"50,880",36.8,"64,576",46.7,"16,476",11.9,"4,885",3.5
818,KAJIADO WEST,Male,"82,432","33,179 40.3","16,708 20.3","7,462 9.1","24,225 29.4",842,1,16,"33,179",40.3,"16,708",20.3,"7,462",9.1,"24,225",29.4
821,LOITOKITOK,Male,"85,227","35,391 41.5","15,485 18.2","9,387 11.0","24,074 28.2",876,1,14,"35,391",41.5,"15,485",18.2,"9,387",11.0,"24,074",28.2
824,MASHUURU,Male,"30,200","12,483 41.3","7,784 25.8","3,980 13.2","5,483 18.2",469,1.6,1,"12,483",41.3,"7,784",25.8,"3,980",13.2,"5,483",18.2
827,KERICHO,Male,"415,734","197,586 47.5","105,284 25.3","80,978 19.5","29,453 7.1","2,323",0.6,110,"197,586",47.5,"105,284",25.3,"80,978",19.5,"29,453",7.1
830,BELGUT,Male,"67,923","30,818 45.4","19,474 28.7","13,551 20.0","3,762 5.5",310,0.5,8,"30,818",45.4,"19,474",28.7,"13,551",20.0,"3,762",5.5
833,BURETI,Male,"91,535","43,631 47.7","21,617 23.6","19,708 21.5","5,924 6.5",646,0.7,9,"43,631",47.7,"21,617",23.6,"19,708",21.5,"5,924",6.5
836,KERICHO EAST,Male,"79,013","34,263 43.4","25,293 32.0","14,292 18.1","4,776 6.0",353,0.4,36,"34,263",43.4,"25,293",32.0,"14,292",18.1,"4,776",6.0
839,KIPKELION,Male,"55,954","28,758 51.4","11,336 20.3","10,058 18.0","5,480 9.8",288,0.5,34,"28,758",51.4,"11,336",20.3,"10,058",18.0,"5,480",9.8
842,LONDIANI,Male,"62,955","30,865 49.0","15,865 25.2","11,268 17.9","4,639 7.4",303,0.5,15,"30,865",49.0,"15,865",25.2,"11,268",17.9,"4,639",7.4
845,SOIN SIGOWET,Male,"58,354","29,251 50.1","11,699 20.0","12,101 20.7","4,872 8.3",423,0.7,8,"29,251",50.1,"11,699",20.0,"12,101",20.7,"4,872",8.3
848,BOMET,Male,"400,694","205,930 51.4","88,746 22.1","72,327 18.1","30,078 7.5","3,572",0.9,41,"205,930",51.4,"88,746",22.1,"72,327",18.1,"30,078",7.5
851,BOMET EAST,Male,"65,185","34,557 53.0","12,710 19.5","11,263 17.3","5,868 9.0",773,1.2,14,"34,557",53.0,"12,710",19.5,"11,263",17.3,"5,868",9.0
854,CHEPALUNGU,Male,"73,652","41,395 56.2","12,619 17.1","12,597 17.1","6,580 8.9",457,0.6,4,"41,395",56.2,"12,619",17.1,"12,597",17.1,"6,580",8.9
857,KONOIN,Male,"77,411","36,629 47.3","18,188 23.5","16,618 21.5","5,006 6.5",962,1.2,8,"36,629",47.3,"18,188",23.5,"16,618",21.5,"5,006",6.5
860,SOTIK,Male,"103,882","54,539 52.5","23,484 22.6","17,851 17.2","7,186 6.9",817,0.8,5,"54,539",52.5,"23,484",22.6,"17,851",17.2,"7,186",6.9
863,BOMET CENTRAL,Male,"80,564","38,810 48.2","21,745 27.0","13,998 17.4","5,438 6.7",563,0.7,10,"38,810",48.2,"21,745",27.0,"13,998",17.4,"5,438",6.7
866,KAKAMEGA,Male,"828,945","428,344 51.7","162,596 19.6","157,153 19.0","74,543 9.0","6,139",0.7,170,"428,344",51.7,"162,596",19.6,"157,153",19.0,"74,543",9.0
869,BUTERE,Male,"68,366","35,289 51.6","12,891 18.9","13,115 19.2","6,656 9.7",408,0.6,7,"35,289",51.6,"12,891",18.9,"13,115",19.2,"6,656",9.7
872,KAKAMEGA CENTRAL,Male,"84,569","38,893 46.0","24,796 29.3","15,145 17.9","5,123 6.1",596,0.7,16,"38,893",46.0,"24,796",29.3,"15,145",17.9,"5,123",6.1
875,KAKAMEGA EAST,Male,"74,398","37,256 50.1","14,188 19.1","15,504 20.8","6,968 9.4",413,0.6,69,"37,256",50.1,"14,188",19.1,"15,504",20.8,"6,968",9.4
878,KAKAMEGA NORTH,Male,"106,855","56,409 52.8","21,419 20.0","20,134 18.8","8,247 7.7",626,0.6,20,"56,409",52.8,"21,419",20.0,"20,134",18.8,"8,247",7.7
881,KAKAMEGA SOUTH,Male,"49,548","25,084 50.6","9,402 19.0","10,076 20.3","4,702 9.5",275,0.6,9,"25,084",50.6,"9,402",19.0,"10,076",20.3,"4,702",9.5
884,KHWISERO,Male,"49,957","25,687 51.4","9,601 19.2","10,056 20.1","4,404 8.8",205,0.4,4,"25,687",51.4,"9,601",19.2,"10,056",20.1,"4,404",8.8
887,LIKUYANI,Male,"68,337","34,856 51.0","14,191 20.8","12,400 18.1","5,802 8.5","1,078",1.6,10,"34,856",51.0,"14,191",20.8,"12,400",18.1,"5,802",8.5
890,LUGARI,Male,"54,848","27,808 50.7","12,921 23.6","9,582 17.5","4,235 7.7",299,0.5,3,"27,808",50.7,"12,921",23.6,"9,582",17.5,"4,235",7.7
893,MATETE,Male,"29,404","15,709 53.4","5,367 18.3","4,982 16.9","2,818 9.6",528,1.8,-,"15,709",53.4,"5,367",18.3,"4,982",16.9,"2,818",9.6
896,MATUNGU,Male,"72,733","39,392 54.2","9,561 13.1","13,682 18.8","9,366 12.9",721,1,11,"39,392",54.2,"9,561",13.1,"13,682",18.8,"9,366",12.9
899,MATUNGU,Male,"51,751","27,824 53.8","8,293 16.0","10,485 20.3","4,842 9.4",305,0.6,2,"27,824",53.8,"8,293",16.0,"10,485",20.3,"4,842",9.4
902,MUMIAS WEST,Male,"50,529","26,655 52.8","9,728 19.3","9,088 18.0","4,688 9.3",359,0.7,11,"26,655",52.8,"9,728",19.3,"9,088",18.0,"4,688",9.3
905,NAVAKHOLO,Male,"67,650","37,482 55.4","10,238 15.1","12,904 19.1","6,692 9.9",326,0.5,8,"37,482",55.4,"10,238",15.1,"12,904",19.1,"6,692",9.9
908,VIHIGA,Male,"263,949","129,422 49.0","61,789 23.4","52,189 19.8","18,682 7.1","1,815",0.7,52,"129,422",49.0,"61,789",23.4,"52,189",19.8,"18,682",7.1
911,EMUHAYA,Male,"43,383","21,470 49.5","8,563 19.7","9,363 21.6","3,648 8.4",329,0.8,10,"21,470",49.5,"8,563",19.7,"9,363",21.6,"3,648",8.4
914,VIHIGA,Male,"42,455","20,629 48.6","11,222 26.4","7,701 18.1","2,570 6.1",316,0.7,17,"20,629",48.6,"11,222",26.4,"7,701",18.1,"2,570",6.1
917,SABATIA,Male,"58,591","28,652 48.9","15,571 26.6","10,669 18.2","3,224 5.5",469,0.8,6,"28,652",48.9,"15,571",26.6,"10,669",18.2,"3,224",5.5
920,LUANDA,Male,"47,692","22,740 47.7","11,725 24.6","9,371 19.6","3,522 7.4",320,0.7,14,"22,740",47.7,"11,725",24.6,"9,371",19.6,"3,522",7.4
923,HAMISI,Male,"71,816","35,931 50.0","14,696 20.5","15,085 21.0","5,718 8.0",381,0.5,5,"35,931",50.0,"14,696",20.5,"15,085",21.0,"5,718",8.0
926,KAKAMEGA FOREST,Male,12,- -,12 100.0,- -,- -,-,-,-,-,-,12,100.0,-,-,-,-
929,BUNGOMA,Male,"745,883","396,144 53.1","133,462 17.9","140,682 18.9","67,323 9.0","8,198",1.1,74,"396,144",53.1,"133,462",17.9,"140,682",18.9,"67,323",9.0
932,BUMULA,Male,"95,312","51,685 54.2","11,881 12.5","19,870 20.8","10,710 11.2","1,164",1.2,2,"51,685",54.2,"11,881",12.5,"19,870",20.8,"10,710",11.2
935,BUNGOMA CENTRAL,Male,"79,315","41,882 52.8","15,216 19.2","14,990 18.9","6,429 8.1",795,1,3,"41,882",52.8,"15,216",19.2,"14,990",18.9,"6,429",8.1
938,BUNGOMA EAST,Male,"51,497","27,756 53.9","10,382 20.2","9,670 18.8","3,211 6.2",467,0.9,11,"27,756",53.9,"10,382",20.2,"9,670",18.8,"3,211",6.2
941,BUNGOMA NORTH,Male,"54,098","29,768 55.0","10,753 19.9","9,422 17.4","3,780 7.0",368,0.7,7,"29,768",55.0,"10,753",19.9,"9,422",17.4,"3,780",7.0
944,BUNGOMA SOUTH,Male,"126,979","63,234 49.8","29,269 23.1","20,605 16.2","12,377 9.7","1,489",1.2,5,"63,234",49.8,"29,269",23.1,"20,605",16.2,"12,377",9.7
947,CHEPTAIS,Male,"61,904","33,517 54.1","7,274 11.8","13,138 21.2","6,852 11.1","1,109",1.8,14,"33,517",54.1,"7,274",11.8,"13,138",21.2,"6,852",11.1
950,KIMILILI,Male,"72,387","37,873 52.3","12,952 17.9","13,137 18.1","7,363 10.2","1,060",1.5,2,"37,873",52.3,"12,952",17.9,"13,137",18.1,"7,363",10.2
953,MT. ELGON,Male,"35,916","19,547 54.4","5,541 15.4","7,256 20.2","3,403 9.5",166,0.5,3,"19,547",54.4,"5,541",15.4,"7,256",20.2,"3,403",9.5
956,BUNGOMA WEST,Male,"53,608","28,777 53.7","8,210 15.3","11,202 20.9","4,766 8.9",639,1.2,14,"28,777",53.7,"8,210",15.3,"11,202",20.9,"4,766",8.9
959,TONGAREN,Male,"44,960","24,466 54.4","8,646 19.2","7,817 17.4","3,800 8.5",223,0.5,8,"24,466",54.4,"8,646",19.2,"7,817",17.4,"3,800",8.5
962,WEBUYE WEST,Male,"68,209","36,806 54.0","13,251 19.4","13,100 19.2","4,337 6.4",710,1,5,"36,806",54.0,"13,251",19.4,"13,100",19.2,"4,337",6.4
965,MT. ELGON FOREST,Male,"1,698",833 49.1,87 5.1,475 28.0,295 17.4,8,0.5,-,833,49.1,87,5.1,475,28.0,295,17.4
968,BUSIA,Male,"388,748","202,993 52.2","70,030 18.0","73,630 18.9","39,069 10.0","2,991",0.8,35,"202,993",52.2,"70,030",18.0,"73,630",18.9,"39,069",10.0
971,BUNYALA,Male,"38,196","19,533 51.1","6,901 18.1","8,366 21.9","2,952 7.7",441,1.2,3,"19,533",51.1,"6,901",18.1,"8,366",21.9,"2,952",7.7
974,BUSIA,Male,"60,908","30,010 49.3","13,115 21.5","11,384 18.7","5,829 9.6",550,0.9,20,"30,010",49.3,"13,115",21.5,"11,384",18.7,"5,829",9.6
977,BUTULA,Male,"59,856","32,668 54.6","9,489 15.9","9,782 16.3","7,512 12.6",403,0.7,2,"32,668",54.6,"9,489",15.9,"9,782",16.3,"7,512",12.6
980,NAMBALE,Male,"48,653","26,187 53.8","8,113 16.7","8,869 18.2","4,964 10.2",517,1.1,3,"26,187",53.8,"8,113",16.7,"8,869",18.2,"4,964",10.2
983,SAMIA,Male,"46,819","24,303 51.9","8,394 17.9","9,116 19.5","4,817 10.3",189,0.4,-,"24,303",51.9,"8,394",17.9,"9,116",19.5,"4,817",10.3
986,TESO NORTH,Male,"60,543","31,916 52.7","11,242 18.6","12,290 20.3","4,785 7.9",308,0.5,2,"31,916",52.7,"11,242",18.6,"12,290",20.3,"4,785",7.9
989,TESO SOUTH,Male,"73,773","38,376 52.0","12,776 17.3","13,823 18.7","8,210 11.1",583,0.8,5,"38,376",52.0,"12,776",17.3,"13,823",18.7,"8,210",11.1
992,SIAYA,Male,"434,630","223,195 51.4","97,782 22.5","78,383 18.0","30,230 7.0","4,877",1.1,163,"223,195",51.4,"97,782",22.5,"78,383",18.0,"30,230",7.0
995,SIAYA SUBCOUNTY,Male,"97,050","49,139 50.6","21,121 21.8","18,085 18.6","7,523 7.8","1,125",1.2,57,"49,139",50.6,"21,121",21.8,"18,085",18.6,"7,523",7.8
998,GEM,Male,"79,237","40,606 51.2","17,056 21.5","15,532 19.6","5,267 6.6",739,0.9,37,"40,606",51.2,"17,056",21.5,"15,532",19.6,"5,267",6.6
1001,UGENYA,Male,"58,138","31,007 53.3","11,369 19.6","9,911 17.0","5,314 9.1",530,0.9,7,"31,007",53.3,"11,369",19.6,"9,911",17.0,"5,314",9.1
1004,UGUNJA,Male,"45,246","23,305 51.5","10,587 23.4","7,495 16.6","3,440 7.6",415,0.9,4,"23,305",51.5,"10,587",23.4,"7,495",16.6,"3,440",7.6
1007,BONDO,Male,"87,903","43,785 49.8","22,216 25.3","15,868 18.1","4,844 5.5","1,160",1.3,30,"43,785",49.8,"22,216",25.3,"15,868",18.1,"4,844",5.5
1010,RARIEDA,Male,"67,056","35,353 52.7","15,433 23.0","11,492 17.1","3,842 5.7",908,1.4,28,"35,353",52.7,"15,433",23.0,"11,492",17.1,"3,842",5.7
1013,RARIEDA,Male,"511,739","253,600 49.6","144,815 28.3","80,326 15.7","29,019 5.7","3,831",0.7,148,"253,600",49.6,"144,815",28.3,"80,326",15.7,"29,019",5.7
1016,KISUMU EAST,Male,"99,157","44,568 44.9","33,362 33.6","15,767 15.9","4,820 4.9",611,0.6,29,"44,568",44.9,"33,362",33.6,"15,767",15.9,"4,820",4.9
1019,KISUMU CENTRAL,Male,"75,722","32,743 43.2","30,767 40.6","8,988 11.9","2,584 3.4",611,0.8,29,"32,743",43.2,"30,767",40.6,"8,988",11.9,"2,584",3.4
1022,KISUMU WEST,Male,"76,922","38,152 49.6","21,797 28.3","12,172 15.8","4,255 5.5",525,0.7,21,"38,152",49.6,"21,797",28.3,"12,172",15.8,"4,255",5.5
1025,SEME,Male,"53,097","28,762 54.2","11,729 22.1","8,430 15.9","3,904 7.4",266,0.5,6,"28,762",54.2,"11,729",22.1,"8,430",15.9,"3,904",7.4
1028,MUHORONI,Male,"69,743","35,108 50.3","15,374 22.0","13,517 19.4","5,054 7.2",672,1,18,"35,108",50.3,"15,374",22.0,"13,517",19.4,"5,054",7.2
1031,NYANDO,Male,"71,048","37,454 52.7","17,294 24.3","11,030 15.5","4,526 6.4",723,1,21,"37,454",52.7,"17,294",24.3,"11,030",15.5,"4,526",6.4
1034,NYAKACH,Male,"66,050","36,813 55.7","14,492 21.9","10,422 15.8","3,876 5.9",423,0.6,24,"36,813",55.7,"14,492",21.9,"10,422",15.8,"3,876",5.9
1037,HOMA BAY,Male,"491,680","274,952 55.9","98,363 20.0","79,996 16.3","34,878 7.1","3,451",0.7,40,"274,952",55.9,"98,363",20.0,"79,996",16.3,"34,878",7.1
1040,HOMA BAY SUBCOUNTY,Male,"50,299","27,015 53.7","13,192 26.2","6,818 13.6","2,857 5.7",411,0.8,6,"27,015",53.7,"13,192",26.2,"6,818",13.6,"2,857",5.7
1043,NDHIWA,Male,"93,863","53,904 57.4","14,641 15.6","17,114 18.2","7,627 8.1",571,0.6,6,"53,904",57.4,"14,641",15.6,"17,114",18.2,"7,627",8.1
1046,RACHUONYO NORTH,Male,"78,464","43,300 55.2","16,599 21.2","13,138 16.7","4,949 6.3",468,0.6,10,"43,300",55.2,"16,599",21.2,"13,138",16.7,"4,949",6.3
1049,RACHUONYO EAST,Male,"52,912","30,901 58.4","10,085 19.1","8,337 15.8","3,260 6.2",328,0.6,1,"30,901",58.4,"10,085",19.1,"8,337",15.8,"3,260",6.2
1052,RACHUONYO SOUTH,Male,"56,383","31,952 56.7","12,557 22.3","8,379 14.9","3,160 5.6",334,0.6,1,"31,952",56.7,"12,557",22.3,"8,379",14.9,"3,160",5.6
1055,RANGWE,Male,"50,653","29,547 58.3","8,345 16.5","8,132 16.1","3,862 7.6",762,1.5,5,"29,547",58.3,"8,345",16.5,"8,132",16.1,"3,862",7.6
1058,SUBA NORTH,Male,"55,323","28,966 52.4","12,562 22.7","9,559 17.3","3,871 7.0",362,0.7,3,"28,966",52.4,"12,562",22.7,"9,559",17.3,"3,871",7.0
1061,SUBA SOUTH,Male,"53,783","29,367 54.6","10,382 19.3","8,519 15.8","5,292 9.8",215,0.4,8,"29,367",54.6,"10,382",19.3,"8,519",15.8,"5,292",9.8
1064,MIGORI,Male,"486,357","265,417 54.6","88,443 18.2","81,365 16.7","46,115 9.5","4,923",1,94,"265,417",54.6,"88,443",18.2,"81,365",16.7,"46,115",9.5
1067,AWENDO,Male,"51,345","29,012 56.5","10,532 20.5","8,958 17.4","2,527 4.9",303,0.6,13,"29,012",56.5,"10,532",20.5,"8,958",17.4,"2,527",4.9
1070,KURIA EAST,Male,"42,653","22,712 53.2","5,604 13.1","5,847 13.7","8,045 18.9",434,1,11,"22,712",53.2,"5,604",13.1,"5,847",13.7,"8,045",18.9
1073,KURIA WEST,Male,"92,003","47,912 52.1","14,757 16.0","15,094 16.4","13,498 14.7",727,0.8,15,"47,912",52.1,"14,757",16.0,"15,094",16.4,"13,498",14.7
1076,NYATIKE,Male,"75,746","41,715 55.1","13,232 17.5","13,854 18.3","5,785 7.6","1,145",1.5,15,"41,715",55.1,"13,232",17.5,"13,854",18.3,"5,785",7.6
1079,RONGO,Male,"54,154","30,467 56.3","11,382 21.0","8,361 15.4","3,517 6.5",425,0.8,2,"30,467",56.3,"11,382",21.0,"8,361",15.4,"3,517",6.5
1082,SUNA EAST,Male,"53,380","28,762 53.9","11,809 22.1","8,815 16.5","3,330 6.2",646,1.2,18,"28,762",53.9,"11,809",22.1,"8,815",16.5,"3,330",6.2
1085,SUNA WEST,Male,"54,921","29,543 53.8","10,068 18.3","9,148 16.7","5,625 10.2",534,1,3,"29,543",53.8,"10,068",18.3,"9,148",16.7,"5,625",10.2
1088,URIRI,Male,"62,155","35,294 56.8","11,059 17.8","11,288 18.2","3,788 6.1",709,1.1,17,"35,294",56.8,"11,059",17.8,"11,288",18.2,"3,788",6.1
1091,KISII,Male,"561,241","282,802 50.4","127,184 22.7","104,190 18.6","43,902 7.8","3,097",0.6,66,"282,802",50.4,"127,184",22.7,"104,190",18.6,"43,902",7.8
1094,ETAGO,Male,"37,316","20,355 54.5","5,645 15.1","7,401 19.8","3,794 10.2",119,0.3,2,"20,355",54.5,"5,645",15.1,"7,401",19.8,"3,794",10.2
1097,GUCHA,Male,"36,552","19,109 52.3","7,576 20.7","6,657 18.2","2,762 7.6",438,1.2,10,"19,109",52.3,"7,576",20.7,"6,657",18.2,"2,762",7.6
1100,GUCHA SOUTH,Male,"37,202","19,473 52.3","6,840 18.4","7,187 19.3","3,402 9.1",282,0.8,18,"19,473",52.3,"6,840",18.4,"7,187",19.3,"3,402",9.1
1103,KENYENYA,Male,"58,489","30,262 51.7","12,242 20.9","10,806 18.5","4,857 8.3",317,0.5,5,"30,262",51.7,"12,242",20.9,"10,806",18.5,"4,857",8.3
1106,KISII CENTRAL,Male,"73,940","34,485 46.6","22,437 30.3","12,255 16.6","4,398 5.9",361,0.5,4,"34,485",46.6,"22,437",30.3,"12,255",16.6,"4,398",5.9
1109,KISII SOUTH,Male,"59,998","30,077 50.1","12,660 21.1","11,245 18.7","5,786 9.6",228,0.4,2,"30,077",50.1,"12,660",21.1,"11,245",18.7,"5,786",9.6
1112,KITUTU CENTRAL,Male,"68,958","32,137 46.6","19,362 28.1","12,897 18.7","4,176 6.1",374,0.5,12,"32,137",46.6,"19,362",28.1,"12,897",18.7,"4,176",6.1
1115,MARANI,Male,"47,090","24,220 51.4","9,037 19.2","9,418 20.0","4,216 9.0",191,0.4,8,"24,220",51.4,"9,037",19.2,"9,418",20.0,"4,216",9.0
1118,MASABA SOUTH,Male,"54,167","27,657 51.1","13,042 24.1","9,799 18.1","3,303 6.1",363,0.7,3,"27,657",51.1,"13,042",24.1,"9,799",18.1,"3,303",6.1
1121,NYAMACHE,Male,"57,910","30,113 52.0","12,098 20.9","10,699 18.5","4,722 8.2",277,0.5,1,"30,113",52.0,"12,098",20.9,"10,699",18.5,"4,722",8.2
1124,SAMETA,Male,"29,619","14,914 50.4","6,245 21.1","5,826 19.7","2,486 8.4",147,0.5,1,"14,914",50.4,"6,245",21.1,"5,826",19.7,"2,486",8.4
1127,NYAMIRA,Male,"271,344","132,577 48.9","65,482 24.1","47,174 17.4","24,389 9.0","1,701",0.6,21,"132,577",48.9,"65,482",24.1,"47,174",17.4,"24,389",9.0
1130,BORABU,Male,"34,446","15,988 46.4","9,755 28.3","5,570 16.2","2,892 8.4",239,0.7,2,"15,988",46.4,"9,755",28.3,"5,570",16.2,"2,892",8.4
1133,MANGA,Male,"41,976","20,317 48.4","11,017 26.2","6,195 14.8","4,275 10.2",167,0.4,5,"20,317",48.4,"11,017",26.2,"6,195",14.8,"4,275",10.2
1136,MASABA NORTH,Male,"49,088","24,105 49.1","12,472 25.4","7,958 16.2","4,382 8.9",168,0.3,3,"24,105",49.1,"12,472",25.4,"7,958",16.2,"4,382",8.9
1139,NYAMIRA NORTH,Male,"75,072","37,652 50.2","15,699 20.9","14,010 18.7","7,134 9.5",575,0.8,2,"37,652",50.2,"15,699",20.9,"14,010",18.7,"7,134",9.5
1142,NYAMIRA SOUTH,Male,"70,762","34,515 48.8","16,539 23.4","13,441 19.0","5,706 8.1",552,0.8,9,"34,515",48.8,"16,539",23.4,"13,441",19.0,"5,706",8.1
1145,NAIROBI CITY,Male,"1,986,852","671,188 33.8","984,163 49.5","228,088 11.5","83,093 4.2","19,514",1,806,"671,188",33.8,"984,163",49.5,"228,088",11.5,"83,093",4.2
1148,DAGORETTI,Male,"199,539","65,978 33.1","96,589 48.4","28,266 14.2","6,709 3.4","1,909",1,88,"65,978",33.1,"96,589",48.4,"28,266",14.2,"6,709",3.4
1151,EMBAKASI,Male,"449,669","146,665 32.6","242,593 53.9","41,871 9.3","14,469 3.2","3,922",0.9,149,"146,665",32.6,"242,593",53.9,"41,871",9.3,"14,469",3.2
1154,KAMUKUNJI,Male,"122,131","38,702 31.7","48,523 39.7","15,827 13.0","17,406 14.3","1,599",1.3,74,"38,702",31.7,"48,523",39.7,"15,827",13.0,"17,406",14.3
1157,KASARANI,Male,"344,378","121,382 35.2","172,727 50.2","35,668 10.4","10,936 3.2","3,557",1,108,"121,382",35.2,"172,727",50.2,"35,668",10.4,"10,936",3.2
1160,KIBRA,Male,"85,815","31,846 37.1","37,211 43.4","12,797 14.9","2,953 3.4",984,1.1,24,"31,846",37.1,"37,211",43.4,"12,797",14.9,"2,953",3.4
1163,LANG'ATA,Male,"87,399","31,677 36.2","42,299 48.4","9,224 10.6","3,173 3.6",994,1.1,32,"31,677",36.2,"42,299",48.4,"9,224",10.6,"3,173",3.6
1166,MAKADARA,Male,"89,283","27,872 31.2","48,411 54.2","9,575 10.7","2,764 3.1",637,0.7,24,"27,872",31.2,"48,411",54.2,"9,575",10.7,"2,764",3.1
1169,MATHARE,Male,"97,147","30,150 31.0","42,264 43.5","17,612 18.1","5,830 6.0","1,236",1.3,55,"30,150",31.0,"42,264",43.5,"17,612",18.1,"5,830",6.0
1172,NJIRU,Male,"280,310","101,161 36.1","134,234 47.9","33,012 11.8","9,667 3.4","2,112",0.8,124,"101,161",36.1,"134,234",47.9,"33,012",11.8,"9,667",3.4
1175,STAREHE,Male,"90,480","32,284 35.7","42,791 47.3","9,273 10.2","4,884 5.4","1,164",1.3,84,"32,284",35.7,"42,791",47.3,"9,273",10.2,"4,884",5.4
1178,WESTLANDS,Male,"140,701","43,471 30.9","76,521 54.4","14,963 10.6","4,302 3.1","1,400",1,44,"43,471",30.9,"76,521",54.4,"14,963",10.6,"4,302",3.1
