,female_Place_county_or_subcounty,female_total_and_gender,female_number,female_at_school_or_learning_institution_number_and_percent,female_after_completion_number_and_percent,female_before_completion_number_and_percent,female_never_been_to_school_or_learning_institution_number_and_percent,female_dont_know_number,female_dont_know_number_percent,female_not_stated_number,female_at_school_or_learning_institution_number,female_at_school_or_learning_institution_pct,female_after_completion_number,female_after_completion_pct,female_before_completion_number,female_before_completion_pct,female_never_been_to_school_or_learning_institution_number,female_never_been_to_school_or_learning_institution_pct
2,KENYA,Female,"22,164,531","8,739,524 39.4","5,657,565 25.5","3,681,910 16.6","3,896,417 17.6","184,558",0.8,"4,557","8,739,524",39.4,"5,657,565",25.5,"3,681,910",16.6,"3,896,417",17.6
6,MOMBASA,Female,"547,681","188,930 34.5","214,424 39.2","79,596 14.5","60,843 11.1","3,772",0.7,116,"188,930",34.5,"214,424",39.2,"79,596",14.5,"60,843",11.1
9,CHANGAMWE,Female,"58,150","19,550 33.6","26,179 45.0","8,048 13.8","3,964 6.8",401,0.7,8,"19,550",33.6,"26,179",45.0,"8,048",13.8,"3,964",6.8
12,JOMVU,Female,"73,765","25,872 35.1","29,872 40.5","9,739 13.2","7,992 10.8",276,0.4,14,"25,872",35.1,"29,872",40.5,"9,739",13.2,"7,992",10.8
15,KISAUNI,Female,"132,388","47,707 36.0","48,876 36.9","19,399 14.7","15,434 11.7",941,0.7,31,"47,707",36.0,"48,876",36.9,"19,399",14.7,"15,434",11.7
18,LIKONI,Female,"112,685","39,746 35.3","40,849 36.3","17,814 15.8","13,650 12.1",618,0.5,8,"39,746",35.3,"40,849",36.3,"17,814",15.8,"13,650",12.1
21,MVITA,Female,"72,336","23,198 32.1","27,255 37.7","9,922 13.7","11,229 15.5",705,1,27,"23,198",32.1,"27,255",37.7,"9,922",13.7,"11,229",15.5
24,NYALI,Female,"98,357","32,857 33.4","41,393 42.1","14,674 14.9","8,574 8.7",831,0.8,28,"32,857",33.4,"41,393",42.1,"14,674",14.9,"8,574",8.7
27,KWALE,Female,"400,636","162,911 40.7","69,162 17.3","49,457 12.3","116,716 29.1","2,310",0.6,80,"162,911",40.7,"69,162",17.3,"49,457",12.3,"116,716",29.1
30,KINANGO,Female,"44,088","18,753 42.5","4,405 10.0","4,929 11.2","15,811 35.9",180,0.4,10,"18,753",42.5,"4,405",10.0,"4,929",11.2,"15,811",35.9
33,LUNGA LUNGA,Female,"92,161","37,124 40.3","9,831 10.7","11,324 12.3","32,980 35.8",898,1,4,"37,124",40.3,"9,831",10.7,"11,324",12.3,"32,980",35.8
36,MATUGA,Female,"90,296","37,257 41.3","18,633 20.6","11,505 12.7","22,580 25.0",302,0.3,19,"37,257",41.3,"18,633",20.6,"11,505",12.7,"22,580",25.0
39,MSAMBWENI,Female,"79,752","30,206 37.9","24,085 30.2","11,698 14.7","13,284 16.7",468,0.6,11,"30,206",37.9,"24,085",30.2,"11,698",14.7,"13,284",16.7
42,SAMBURU,Female,"94,339","39,571 41.9","12,208 12.9","10,001 10.6","32,061 34.0",462,0.5,36,"39,571",41.9,"12,208",12.9,"10,001",10.6,"32,061",34.0
45,KILIFI,Female,"686,754","296,841 43.2","128,273 18.7","89,122 13.0","167,972 24.5","4,420",0.6,126,"296,841",43.2,"128,273",18.7,"89,122",13.0,"167,972",24.5
48,CHONYI,Female,"30,328","13,938 46.0","3,798 12.5","3,897 12.8","8,551 28.2",144,0.5,-,"13,938",46.0,"3,798",12.5,"3,897",12.8,"8,551",28.2
51,GANZE,Female,"70,546","32,969 46.7","6,999 9.9","6,387 9.1","23,793 33.7",370,0.5,28,"32,969",46.7,"6,999",9.9,"6,387",9.1,"23,793",33.7
54,KALOLENI,Female,"92,733","39,559 42.7","14,764 15.9","10,326 11.1","27,388 29.5",664,0.7,32,"39,559",42.7,"14,764",15.9,"10,326",11.1,"27,388",29.5
57,KAUMA,Female,"10,767","5,310 49.3","1,350 12.5",888 8.2,"3,096 28.8",123,1.1,-,"5,310",49.3,"1,350",12.5,888,8.2,"3,096",28.8
60,KILIFI NORTH,Female,"84,225","35,902 42.6","18,724 22.2","12,794 15.2","16,357 19.4",443,0.5,5,"35,902",42.6,"18,724",22.2,"12,794",15.2,"16,357",19.4
63,KILIFI SOUTH,Female,"95,799","37,977 39.6","24,904 26.0","14,537 15.2","17,421 18.2",955,1,5,"37,977",39.6,"24,904",26.0,"14,537",15.2,"17,421",18.2
66,MAGARINI,Female,"90,124","42,297 46.9","10,484 11.6","11,019 12.2","26,062 28.9",255,0.3,7,"42,297",46.9,"10,484",11.6,"11,019",12.2,"26,062",28.9
69,MALINDI,Female,"154,653","64,841 41.9","34,672 22.4","22,712 14.7","31,424 20.3",959,0.6,45,"64,841",41.9,"34,672",22.4,"22,712",14.7,"31,424",20.3
72,RABAI,Female,"57,579","24,048 41.8","12,578 21.8","6,562 11.4","13,880 24.1",507,0.9,4,"24,048",41.8,"12,578",21.8,"6,562",11.4,"13,880",24.1
75,TANA RIVER,Female,"142,516","45,527 31.9","13,464 9.4","14,560 10.2","68,287 47.9",609,0.4,69,"45,527",31.9,"13,464",9.4,"14,560",10.2,"68,287",47.9
78,TANA DELTA,Female,"49,726","18,500 37.2","4,779 9.6","5,316 10.7","20,946 42.1",155,0.3,30,"18,500",37.2,"4,779",9.6,"5,316",10.7,"20,946",42.1
81,TANA NORTH,Female,"52,294","12,905 24.7","3,966 7.6","3,589 6.9","31,495 60.2",327,0.6,12,"12,905",24.7,"3,966",7.6,"3,589",6.9,"31,495",60.2
84,TANA RIVER,Female,"40,496","14,122 34.9","4,719 11.7","5,655 14.0","15,846 39.1",127,0.3,27,"14,122",34.9,"4,719",11.7,"5,655",14.0,"15,846",39.1
87,LAMU,Female,"61,877","24,278 39.2","11,899 19.2","10,932 17.7","14,437 23.3",314,0.5,17,"24,278",39.2,"11,899",19.2,"10,932",17.7,"14,437",23.3
90,LAMU EAST,Female,"9,832","3,726 37.9","1,430 14.5","2,025 20.6","2,633 26.8",18,0.2,-,"3,726",37.9,"1,430",14.5,"2,025",20.6,"2,633",26.8
93,LAMU WEST,Female,"52,045","20,552 39.5","10,469 20.1","8,907 17.1","11,804 22.7",296,0.6,17,"20,552",39.5,"10,469",20.1,"8,907",17.1,"11,804",22.7
96,TAITA/TAVETA,Female,"154,357","57,108 37.0","55,594 36.0","24,190 15.7","16,888 10.9",542,0.4,35,"57,108",37.0,"55,594",36.0,"24,190",15.7,"16,888",10.9
99,MWATATE,Female,"37,404","14,002 37.4","12,808 34.2","6,408 17.1","4,126 11.0",56,0.1,4,"14,002",37.4,"12,808",34.2,"6,408",17.1,"4,126",11.0
102,TAITA,Female,"25,850","9,502 36.8","10,301 39.8","3,390 13.1","2,556 9.9",99,0.4,2,"9,502",36.8,"10,301",39.8,"3,390",13.1,"2,556",9.9
105,TAVETA,Female,"40,241","15,537 38.6","11,993 29.8","7,481 18.6","4,993 12.4",224,0.6,13,"15,537",38.6,"11,993",29.8,"7,481",18.6,"4,993",12.4
108,VOI,Female,"50,862","18,067 35.5","20,492 40.3","6,911 13.6","5,213 10.2",163,0.3,16,"18,067",35.5,"20,492",40.3,"6,911",13.6,"5,213",10.2
111,GARISSA,Female,"352,563","55,497 15.7","7,744 2.2","4,198 1.2","273,149 77.5","11,913",3.4,62,"55,497",15.7,"7,744",2.2,"4,198",1.2,"273,149",77.5
114,BALAMBALA,Female,"11,492","1,048 9.1",68 0.6,28 0.2,"10,212 88.9",136,1.2,-,"1,048",9.1,68,0.6,28,0.2,"10,212",88.9
117,DADAAB,Female,"79,942","8,529 10.7",924 1.2,667 0.8,"66,718 83.5","3,087",3.9,17,"8,529",10.7,924,1.2,667,0.8,"66,718",83.5
120,FAFI,Female,"56,708","6,389 11.3",781 1.4,577 1.0,"47,489 83.7","1,463",2.6,9,"6,389",11.3,781,1.4,577,1.0,"47,489",83.7
123,GARISSA,Female,"73,652","18,033 24.5","4,449 6.0","1,973 2.7","46,268 62.8","2,903",3.9,26,"18,033",24.5,"4,449",6.0,"1,973",2.7,"46,268",62.8
126,HULUGHO,Female,"51,525","7,703 15.0",437 0.8,440 0.9,"41,710 81.0","1,232",2.4,3,"7,703",15.0,437,0.8,440,0.9,"41,710",81.0
129,IJARA,Female,"56,083","11,597 20.7",950 1.7,414 0.7,"40,391 72.0","2,724",4.9,7,"11,597",20.7,950,1.7,414,0.7,"40,391",72.0
132,LAGDERA,Female,"23,161","2,198 9.5",135 0.6,99 0.4,"20,361 87.9",368,1.6,-,"2,198",9.5,135,0.6,99,0.4,"20,361",87.9
135,WAJIR,Female,"331,969","56,970 17.2","4,369 1.3","2,265 0.7","263,682 79.4","4,660",1.4,23,"56,970",17.2,"4,369",1.3,"2,265",0.7,"263,682",79.4
138,BUNA,Female,"20,234","2,671 13.2",158 0.8,66 0.3,"16,946 83.8",393,1.9,-,"2,671",13.2,158,0.8,66,0.3,"16,946",83.8
141,ELDAS,Female,"40,314","6,531 16.2",319 0.8,211 0.5,"32,541 80.7",712,1.8,-,"6,531",16.2,319,0.8,211,0.5,"32,541",80.7
144,HABASWEIN,Female,"72,531","14,153 19.5",913 1.3,592 0.8,"56,572 78.0",289,0.4,12,"14,153",19.5,913,1.3,592,0.8,"56,572",78.0
147,TARBAJ,Female,"26,386","3,213 12.2",121 0.5,136 0.5,"22,756 86.2",160,0.6,-,"3,213",12.2,121,0.5,136,0.5,"22,756",86.2
150,WAJIR EAST,Female,"47,109","11,403 24.2","1,842 3.9",716 1.5,"31,997 67.9","1,146",2.4,5,"11,403",24.2,"1,842",3.9,716,1.5,"31,997",67.9
153,WAJIR NORTH,Female,"26,888","4,389 16.3",251 0.9,127 0.5,"21,566 80.2",555,2.1,-,"4,389",16.3,251,0.9,127,0.5,"21,566",80.2
156,WAJIR SOUTH,Female,"47,602","6,215 13.1",391 0.8,211 0.4,"40,100 84.2",679,1.4,6,"6,215",13.1,391,0.8,211,0.4,"40,100",84.2
159,WAJIR WEST,Female,"50,905","8,395 16.5",374 0.7,206 0.4,"41,204 80.9",726,1.4,-,"8,395",16.5,374,0.7,206,0.4,"41,204",80.9
162,MANDERA,Female,"383,873","77,980 20.3","7,279 1.9","3,104 0.8","284,543 74.1","10,902",2.8,65,"77,980",20.3,"7,279",1.9,"3,104",0.8,"284,543",74.1
165,MANDERA WEST,Female,"44,045","10,800 24.5",500 1.1,232 0.5,"31,546 71.6",965,2.2,2,"10,800",24.5,500,1.1,232,0.5,"31,546",71.6
168,BANISA,Female,"65,291","8,916 13.7",473 0.7,227 0.3,"54,241 83.1","1,433",2.2,1,"8,916",13.7,473,0.7,227,0.3,"54,241",83.1
171,KOTULO,Female,"31,826","7,780 24.4",634 2.0,263 0.8,"22,611 71.0",538,1.7,-,"7,780",24.4,634,2.0,263,0.8,"22,611",71.0
174,LAFEY,Female,"38,164","6,069 15.9",326 0.9,165 0.4,"30,104 78.9","1,500",3.9,-,"6,069",15.9,326,0.9,165,0.4,"30,104",78.9
177,MANDERA CENTRAL,Female,"76,039","17,941 23.6","1,457 1.9",709 0.9,"53,735 70.7","2,135",2.8,62,"17,941",23.6,"1,457",1.9,709,0.9,"53,735",70.7
180,MANDERA EAST,Female,"68,829","15,650 22.7","3,001 4.4","1,162 1.7","46,275 67.2","2,741",4,-,"15,650",22.7,"3,001",4.4,"1,162",1.7,"46,275",67.2
183,MANDERA NORTH,Female,"59,679","10,824 18.1",888 1.5,346 0.6,"46,031 77.1","1,590",2.7,-,"10,824",18.1,888,1.5,346,0.6,"46,031",77.1
186,MARSABIT,Female,"194,392","52,492 27.0","9,711 5.0","5,334 2.7","125,190 64.4","1,559",0.8,106,"52,492",27.0,"9,711",5.0,"5,334",2.7,"125,190",64.4
189,LOIYANGALANI,Female,"16,171","3,495 21.6",299 1.8,321 2.0,"11,975 74.1",81,0.5,-,"3,495",21.6,299,1.8,321,2.0,"11,975",74.1
192,MARSABIT CENTRAL,Female,"34,716","13,879 40.0","4,468 12.9","1,860 5.4","13,985 40.3",524,1.5,-,"13,879",40.0,"4,468",12.9,"1,860",5.4,"13,985",40.3
195,MARSABIT NORTH,Female,"20,800","5,186 24.9",450 2.2,265 1.3,"14,783 71.1",116,0.6,-,"5,186",24.9,450,2.2,265,1.3,"14,783",71.1
198,MARSABIT SOUTH,Female,"29,347","5,961 20.3",817 2.8,514 1.8,"21,925 74.7",125,0.4,5,"5,961",20.3,817,2.8,514,1.8,"21,925",74.7
201,MOYALE,Female,"47,152","14,830 31.5","2,482 5.3","1,693 3.6","27,813 59.0",329,0.7,5,"14,830",31.5,"2,482",5.3,"1,693",3.6,"27,813",59.0
204,NORTH HORR,Female,"26,881","3,105 11.6",380 1.4,132 0.5,"23,027 85.7",144,0.5,93,"3,105",11.6,380,1.4,132,0.5,"23,027",85.7
207,SOLOLO,Female,"19,325","6,036 31.2",815 4.2,549 2.8,"11,682 60.5",240,1.2,3,"6,036",31.2,815,4.2,549,2.8,"11,682",60.5
210,ISIOLO,Female,"117,317","38,920 33.2","14,994 12.8","6,886 5.9","55,904 47.7",597,0.5,16,"38,920",33.2,"14,994",12.8,"6,886",5.9,"55,904",47.7
213,GARBATULLA,Female,"41,418","11,914 28.8","2,311 5.6","1,225 3.0","25,735 62.1",229,0.6,4,"11,914",28.8,"2,311",5.6,"1,225",3.0,"25,735",62.1
216,ISIOLO,Female,"55,483","20,365 36.7","11,568 20.8","4,975 9.0","18,268 32.9",295,0.5,12,"20,365",36.7,"11,568",20.8,"4,975",9.0,"18,268",32.9
219,MERTI,Female,"20,416","6,641 32.5","1,115 5.5",686 3.4,"11,901 58.3",73,0.4,-,"6,641",32.5,"1,115",5.5,686,3.4,"11,901",58.3
222,MERU,Female,"725,139","277,259 38.2","180,414 24.9","147,834 20.4","113,943 15.7","5,511",0.8,178,"277,259",38.2,"180,414",24.9,"147,834",20.4,"113,943",15.7
225,BUURI EAST,Female,"36,093","12,362 34.3","13,212 36.6","6,527 18.1","3,854 10.7",124,0.3,14,"12,362",34.3,"13,212",36.6,"6,527",18.1,"3,854",10.7
228,BUURI WEST,Female,"37,616","13,070 34.7","13,945 37.1","6,983 18.6","3,466 9.2",147,0.4,5,"13,070",34.7,"13,945",37.1,"6,983",18.6,"3,466",9.2
231,IGEMBE CENTRAL,Female,"102,349","42,628 41.6","12,247 12.0","24,320 23.8","22,103 21.6","1,031",1,20,"42,628",41.6,"12,247",12.0,"24,320",23.8,"22,103",21.6
234,IGEMBE NORTH,Female,"79,620","33,496 42.1","8,481 10.7","14,685 18.4","22,101 27.8",835,1,22,"33,496",42.1,"8,481",10.7,"14,685",18.4,"22,101",27.8
237,IGEMBE SOUTH,Female,"75,484","28,799 38.2","13,331 17.7","18,512 24.5","13,982 18.5",834,1.1,26,"28,799",38.2,"13,331",17.7,"18,512",24.5,"13,982",18.5
240,IMENTI NORTH,Female,"82,328","27,849 33.8","35,252 42.8","12,653 15.4","6,153 7.5",401,0.5,20,"27,849",33.8,"35,252",42.8,"12,653",15.4,"6,153",7.5
243,IMENTI SOUTH,Female,"96,993","33,434 34.5","32,992 34.0","21,042 21.7","8,860 9.1",656,0.7,9,"33,434",34.5,"32,992",34.0,"21,042",21.7,"8,860",9.1
246,MERU CENTRAL,Female,"62,910","22,197 35.3","21,729 34.5","11,781 18.7","6,873 10.9",304,0.5,26,"22,197",35.3,"21,729",34.5,"11,781",18.7,"6,873",10.9
249,TIGANIA CENTRAL,Female,"49,332","20,559 41.7","7,991 16.2","11,808 23.9","8,618 17.5",355,0.7,1,"20,559",41.7,"7,991",16.2,"11,808",23.9,"8,618",17.5
252,TIGANIA EAST,Female,"34,705","15,018 43.3","5,655 16.3","6,065 17.5","7,590 21.9",351,1,26,"15,018",43.3,"5,655",16.3,"6,065",17.5,"7,590",21.9
255,TIGANIA WEST,Female,"67,585","27,819 41.2","15,512 23.0","13,440 19.9","10,332 15.3",473,0.7,9,"27,819",41.2,"15,512",23.0,"13,440",19.9,"10,332",15.3
258,MERU NATIONAL PARK,Female,75,23 30.7,45 60.0,1 1.3,6 8.0,-,-,-,23,30.7,45,60.0,1,1.3,6,8.0
261,MT. KENYA FOREST,Female,49,5 10.2,22 44.9,17 34.7,5 10.2,-,-,-,5,10.2,22,44.9,17,34.7,5,10.2
264,THARAKA-NITHI,Female,"186,875","71,422 38.2","48,655 26.0","41,983 22.5","23,205 12.4","1,577",0.8,33,"71,422",38.2,"48,655",26.0,"41,983",22.5,"23,205",12.4
267,IGAMBANG'OMBE,Female,"25,000","9,976 39.9","4,743 19.0","6,644 26.6","3,407 13.6",224,0.9,6,"9,976",39.9,"4,743",19.0,"6,644",26.6,"3,407",13.6
270,MAARA,Female,"54,026","18,510 34.3","18,069 33.4","12,851 23.8","4,192 7.8",397,0.7,7,"18,510",34.3,"18,069",33.4,"12,851",23.8,"4,192",7.8
273,MERU SOUTH,Female,"43,246","15,183 35.1","14,973 34.6","9,430 21.8","3,370 7.8",279,0.6,11,"15,183",35.1,"14,973",34.6,"9,430",21.8,"3,370",7.8
276,THARAKA NORTH,Female,"28,029","11,947 42.6","3,956 14.1","5,243 18.7","6,316 22.5",560,2,7,"11,947",42.6,"3,956",14.1,"5,243",18.7,"6,316",22.5
279,THARAKA SOUTH,Female,"36,488","15,755 43.2","6,887 18.9","7,810 21.4","5,917 16.2",117,0.3,2,"15,755",43.2,"6,887",18.9,"7,810",21.4,"5,917",16.2
282,MT. KENYA FOREST,Female,86,51 59.3,27 31.4,5 5.8,3 3.5,-,-,-,51,59.3,27,31.4,5,5.8,3,3.5
285,EMBU,Female,"285,182","101,251 35.5","89,746 31.5","63,552 22.3","29,730 10.4",874,0.3,29,"101,251",35.5,"89,746",31.5,"63,552",22.3,"29,730",10.4
288,EMBU EAST,Female,"61,270","20,240 33.0","19,150 31.3","15,313 25.0","6,371 10.4",194,0.3,2,"20,240",33.0,"19,150",31.3,"15,313",25.0,"6,371",10.4
291,EMBU NORTH,Female,"37,748","12,108 32.1","12,321 32.6","9,009 23.9","4,218 11.2",89,0.2,3,"12,108",32.1,"12,321",32.6,"9,009",23.9,"4,218",11.2
294,EMBU WEST,Female,"59,491","19,461 32.7","24,447 41.1","11,135 18.7","4,256 7.2",188,0.3,4,"19,461",32.7,"24,447",41.1,"11,135",18.7,"4,256",7.2
297,MBEERE SOUTH,Female,"74,993","28,606 38.1","21,679 28.9","16,294 21.7","8,175 10.9",223,0.3,16,"28,606",38.1,"21,679",28.9,"16,294",21.7,"8,175",10.9
300,MBEERE NORTH,Female,"51,677","20,836 40.3","12,146 23.5","11,801 22.8","6,710 13.0",180,0.3,4,"20,836",40.3,"12,146",23.5,"11,801",22.8,"6,710",13.0
303,MT. KENYA FOREST,Female,3,- -,3 100.0,- -,- -,-,-,-,-,-,3,100.0,-,-,-,-
306,KITUI,Female,"548,634","240,536 43.8","137,968 25.1","79,419 14.5","85,259 15.5","5,364",1,88,"240,536",43.8,"137,968",25.1,"79,419",14.5,"85,259",15.5
309,IKUTHA,Female,"40,281","19,337 48.0","8,083 20.1","6,247 15.5","5,991 14.9",622,1.5,1,"19,337",48.0,"8,083",20.1,"6,247",15.5,"5,991",14.9
312,KATULANI,Female,"22,557","9,006 39.9","6,828 30.3","3,261 14.5","3,140 13.9",322,1.4,-,"9,006",39.9,"6,828",30.3,"3,261",14.5,"3,140",13.9
315,KISASI,Female,"22,086","9,389 42.5","5,439 24.6","3,743 16.9","3,366 15.2",143,0.6,6,"9,389",42.5,"5,439",24.6,"3,743",16.9,"3,366",15.2
318,KITUI CENTRAL,Female,"49,968","19,562 39.1","18,390 36.8","6,772 13.6","4,859 9.7",381,0.8,4,"19,562",39.1,"18,390",36.8,"6,772",13.6,"4,859",9.7
321,KITUI WEST,Female,"34,643","14,281 41.2","11,764 34.0","4,485 12.9","3,898 11.3",215,0.6,-,"14,281",41.2,"11,764",34.0,"4,485",12.9,"3,898",11.3
324,KYUSO,Female,"37,187","17,091 46.0","6,830 18.4","5,994 16.1","6,773 18.2",493,1.3,6,"17,091",46.0,"6,830",18.4,"5,994",16.1,"6,773",18.2
327,LOWER YATTA,Female,"29,649","12,801 43.2","7,368 24.9","4,905 16.5","4,114 13.9",456,1.5,5,"12,801",43.2,"7,368",24.9,"4,905",16.5,"4,114",13.9
330,MATINYANI,Female,"22,909","9,284 40.5","7,255 31.7","3,321 14.5","2,953 12.9",96,0.4,-,"9,284",40.5,"7,255",31.7,"3,321",14.5,"2,953",12.9
333,MIGWANI,Female,"38,993","16,440 42.2","12,669 32.5","4,790 12.3","4,675 12.0",408,1,11,"16,440",42.2,"12,669",32.5,"4,790",12.3,"4,675",12.0
336,MUMONI,Female,"14,587","6,951 47.7","2,574 17.6","2,691 18.4","2,248 15.4",123,0.8,-,"6,951",47.7,"2,574",17.6,"2,691",18.4,"2,248",15.4
339,MUTITU,Female,"27,040","12,872 47.6","4,596 17.0","3,339 12.3","5,882 21.8",323,1.2,28,"12,872",47.6,"4,596",17.0,"3,339",12.3,"5,882",21.8
342,MUTITU NORTH,Female,"10,194","4,511 44.3","2,432 23.9","1,503 14.7","1,695 16.6",51,0.5,2,"4,511",44.3,"2,432",23.9,"1,503",14.7,"1,695",16.6
345,MUTOMO,Female,"54,761","25,256 46.1","10,813 19.7","7,597 13.9","10,745 19.6",348,0.6,2,"25,256",46.1,"10,813",19.7,"7,597",13.9,"10,745",19.6
348,MWINGI CENTRAL,Female,"52,369","22,534 43.0","14,390 27.5","7,108 13.6","7,865 15.0",462,0.9,10,"22,534",43.0,"14,390",27.5,"7,108",13.6,"7,865",15.0
351,MWINGI EAST,Female,"41,818","19,314 46.2","7,680 18.4","6,015 14.4","8,255 19.7",541,1.3,13,"19,314",46.2,"7,680",18.4,"6,015",14.4,"8,255",19.7
354,NZAMBANI,Female,"22,324","9,220 41.3","6,496 29.1","3,454 15.5","3,000 13.4",154,0.7,-,"9,220",41.3,"6,496",29.1,"3,454",15.5,"3,000",13.4
357,THAGICU,Female,"7,433","3,447 46.4","1,383 18.6","1,202 16.2","1,372 18.5",29,0.4,-,"3,447",46.4,"1,383",18.6,"1,202",16.2,"1,372",18.5
360,TSEIKURU,Female,"19,835","9,240 46.6","2,978 15.0","2,992 15.1","4,428 22.3",197,1,-,"9,240",46.6,"2,978",15.0,"2,992",15.1,"4,428",22.3
363,MACHAKOS,Female,"665,162","246,686 37.1","256,474 38.6","104,232 15.7","52,234 7.9","5,440",0.8,96,"246,686",37.1,"256,474",38.6,"104,232",15.7,"52,234",7.9
366,ATHI RIVER,Female,"145,277","49,159 33.8","72,729 50.1","16,571 11.4","5,535 3.8","1,221",0.8,62,"49,159",33.8,"72,729",50.1,"16,571",11.4,"5,535",3.8
369,KALAMA,Female,"26,264","9,582 36.5","9,636 36.7","3,699 14.1","3,115 11.9",232,0.9,-,"9,582",36.5,"9,636",36.7,"3,699",14.1,"3,115",11.9
372,KANGUNDO,Female,"46,569","16,994 36.5","16,765 36.0","9,429 20.2","3,186 6.8",194,0.4,1,"16,994",36.5,"16,765",36.0,"9,429",20.2,"3,186",6.8
375,KATHIANI,Female,"53,849","20,591 38.2","18,575 34.5","9,921 18.4","4,432 8.2",323,0.6,7,"20,591",38.2,"18,575",34.5,"9,921",18.4,"4,432",8.2
378,MACHAKOS,Female,"79,267","26,758 33.8","37,241 47.0","9,880 12.5","4,796 6.1",586,0.7,6,"26,758",33.8,"37,241",47.0,"9,880",12.5,"4,796",6.1
381,MASINGA,Female,"70,274","28,754 40.9","19,555 27.8","13,098 18.6","8,102 11.5",758,1.1,7,"28,754",40.9,"19,555",27.8,"13,098",18.6,"8,102",11.5
384,MATUNGULU,Female,"75,408","28,274 37.5","27,276 36.2","13,857 18.4","5,261 7.0",734,1,6,"28,274",37.5,"27,276",36.2,"13,857",18.4,"5,261",7.0
387,MWALA,Female,"86,597","33,354 38.5","30,043 34.7","13,916 16.1","8,809 10.2",472,0.5,3,"33,354",38.5,"30,043",34.7,"13,916",16.1,"8,809",10.2
390,YATTA,Female,"81,657","33,220 40.7","24,654 30.2","13,861 17.0","8,998 11.0",920,1.1,4,"33,220",40.7,"24,654",30.2,"13,861",17.0,"8,998",11.0
393,MAKUENI,Female,"467,204","192,669 41.2","140,265 30.0","83,969 18.0","44,519 9.5","5,700",1.2,82,"192,669",41.2,"140,265",30.0,"83,969",18.0,"44,519",9.5
396,KATHONZWENI,Female,"38,044","16,069 42.2","11,070 29.1","6,304 16.6","3,807 10.0",792,2.1,2,"16,069",42.2,"11,070",29.1,"6,304",16.6,"3,807",10.0
399,KIBWEZI,Female,"92,334","40,039 43.4","23,597 25.6","17,427 18.9","10,123 11.0","1,136",1.2,12,"40,039",43.4,"23,597",25.6,"17,427",18.9,"10,123",11.0
402,KILUNGU,Female,"30,170","12,696 42.1","9,124 30.2","5,255 17.4","2,756 9.1",332,1.1,7,"12,696",42.1,"9,124",30.2,"5,255",17.4,"2,756",9.1
405,MAKINDU,Female,"39,965","16,471 41.2","11,966 29.9","6,963 17.4","4,062 10.2",487,1.2,16,"16,471",41.2,"11,966",29.9,"6,963",17.4,"4,062",10.2
408,MAKUENI,Female,"60,893","23,613 38.8","21,570 35.4","10,383 17.1","4,804 7.9",520,0.9,3,"23,613",38.8,"21,570",35.4,"10,383",17.1,"4,804",7.9
411,MBOONI EAST,Female,"46,896","18,975 40.5","13,851 29.5","8,654 18.5","4,845 10.3",569,1.2,2,"18,975",40.5,"13,851",29.5,"8,654",18.5,"4,845",10.3
414,MBOONI WEST,Female,"50,058","20,745 41.4","14,403 28.8","10,049 20.1","4,082 8.2",774,1.5,5,"20,745",41.4,"14,403",28.8,"10,049",20.1,"4,082",8.2
417,MUKAA,Female,"49,569","19,249 38.8","16,602 33.5","8,959 18.1","4,197 8.5",543,1.1,19,"19,249",38.8,"16,602",33.5,"8,959",18.1,"4,197",8.5
420,NZAUI,Female,"59,275","24,812 41.9","18,082 30.5","9,975 16.8","5,843 9.9",547,0.9,16,"24,812",41.9,"18,082",30.5,"9,975",16.8,"5,843",9.9
423,NYANDARUA,Female,"301,715","121,466 40.3","100,304 33.2","54,994 18.2","24,123 8.0",795,0.3,33,"121,466",40.3,"100,304",33.2,"54,994",18.2,"24,123",8.0
426,KINANGOP,Female,"52,953","21,268 40.2","17,000 32.1","10,158 19.2","4,468 8.4",52,0.1,7,"21,268",40.2,"17,000",32.1,"10,158",19.2,"4,468",8.4
429,NYANDARUA SOUTH,Female,"44,384","18,158 40.9","15,373 34.6","7,516 16.9","3,259 7.3",76,0.2,2,"18,158",40.9,"15,373",34.6,"7,516",16.9,"3,259",7.3
432,MIRANGINE,Female,"31,510","13,139 41.7","9,642 30.6","5,881 18.7","2,788 8.8",56,0.2,4,"13,139",41.7,"9,642",30.6,"5,881",18.7,"2,788",8.8
435,KIPIPIRI,Female,"44,718","18,701 41.8","13,850 31.0","7,964 17.8","4,079 9.1",116,0.3,8,"18,701",41.8,"13,850",31.0,"7,964",17.8,"4,079",9.1
438,NYANDARUA CENTRAL,Female,"35,087","13,733 39.1","11,757 33.5","6,747 19.2","2,742 7.8",104,0.3,4,"13,733",39.1,"11,757",33.5,"6,747",19.2,"2,742",7.8
441,NYANDARUA WEST,Female,"45,973","17,746 38.6","15,788 34.3","9,121 19.8","3,153 6.9",162,0.4,3,"17,746",38.6,"15,788",34.3,"9,121",19.8,"3,153",6.9
444,NYANDARUA NORTH,Female,"47,086","18,721 39.8","16,890 35.9","7,607 16.2","3,634 7.7",229,0.5,5,"18,721",39.8,"16,890",35.9,"7,607",16.2,"3,634",7.7
447,ABERDARE NATIONAL PARK,Female,4,- -,4 100.0,- -,- -,-,-,-,-,-,4,100.0,-,-,-,-
450,NYERI,Female,"361,061","123,475 34.2","151,460 41.9","61,009 16.9","23,140 6.4","1,958",0.5,19,"123,475",34.2,"151,460",41.9,"61,009",16.9,"23,140",6.4
453,TETU,Female,"38,846","12,961 33.4","16,099 41.4","6,906 17.8","2,751 7.1",128,0.3,1,"12,961",33.4,"16,099",41.4,"6,906",17.8,"2,751",7.1
456,KIENI EAST,Female,"51,366","18,139 35.3","21,850 42.5","8,261 16.1","2,923 5.7",191,0.4,2,"18,139",35.3,"21,850",42.5,"8,261",16.1,"2,923",5.7
459,KIENI WEST,Female,"41,798","15,455 37.0","16,590 39.7","6,805 16.3","2,702 6.5",244,0.6,2,"15,455",37.0,"16,590",39.7,"6,805",16.3,"2,702",6.5
462,MATHIRA EAST,Female,"48,029","16,305 33.9","20,192 42.0","8,621 17.9","2,635 5.5",274,0.6,2,"16,305",33.9,"20,192",42.0,"8,621",17.9,"2,635",5.5
465,MATHIRA WEST,Female,"28,813","9,585 33.3","11,450 39.7","5,893 20.5","1,781 6.2",99,0.3,5,"9,585",33.3,"11,450",39.7,"5,893",20.5,"1,781",6.2
468,NYERI SOUTH,Female,"44,383","14,950 33.7","18,147 40.9","7,354 16.6","3,753 8.5",178,0.4,1,"14,950",33.7,"18,147",40.9,"7,354",16.6,"3,753",8.5
471,MUKURWE-INI,Female,"42,541","14,296 33.6","15,656 36.8","8,500 20.0","3,771 8.9",316,0.7,2,"14,296",33.6,"15,656",36.8,"8,500",20.0,"3,771",8.9
474,NYERI CENTRAL,Female,"65,196","21,764 33.4","31,416 48.2","8,661 13.3","2,823 4.3",528,0.8,4,"21,764",33.4,"31,416",48.2,"8,661",13.3,"2,823",4.3
477,MT. KENYA FOREST,Female,60,19 31.7,35 58.3,5 8.3,1 1.7,-,-,-,19,31.7,35,58.3,5,8.3,1,1.7
480,ABERDARE FOREST,Female,29,1 3.4,25 86.2,3 10.3,- -,-,-,-,1,3.4,25,86.2,3,10.3,-,-
483,KIRINYAGA,Female,"289,729","94,852 32.7","98,822 34.1","69,497 24.0","24,867 8.6","1,675",0.6,16,"94,852",32.7,"98,822",34.1,"69,497",24.0,"24,867",8.6
486,KIRINYAGA CENTRAL,Female,"58,884","18,927 32.1","22,337 37.9","12,121 20.6","5,043 8.6",455,0.8,1,"18,927",32.1,"22,337",37.9,"12,121",20.6,"5,043",8.6
489,KIRINYAGA EAST,Female,"64,689","20,504 31.7","21,289 32.9","16,720 25.8","5,860 9.1",308,0.5,8,"20,504",31.7,"21,289",32.9,"16,720",25.8,"5,860",9.1
492,KIRINYAGA WEST,Female,"55,129","18,333 33.3","20,511 37.2","11,373 20.6","4,636 8.4",275,0.5,1,"18,333",33.3,"20,511",37.2,"11,373",20.6,"4,636",8.4
495,MWEA EAST,Female,"61,598","20,216 32.8","20,033 32.5","15,955 25.9","4,973 8.1",417,0.7,4,"20,216",32.8,"20,033",32.5,"15,955",25.9,"4,973",8.1
498,MWEA WEST,Female,"49,419","16,869 34.1","14,646 29.6","13,327 27.0","4,355 8.8",220,0.4,2,"16,869",34.1,"14,646",29.6,"13,327",27.0,"4,355",8.8
501,MT. KENYA FOREST,Female,10,3 30.0,6 60.0,1 10.0,- -,-,-,-,3,30.0,6,60.0,1,10.0,-,-
504,MURANG'A,Female,"499,505","174,580 35.0","176,382 35.3","100,619 20.1","46,040 9.2","1,814",0.4,70,"174,580",35.0,"176,382",35.3,"100,619",20.1,"46,040",9.2
507,MURANG'A EAST,Female,"51,779","17,459 33.7","20,816 40.2","8,562 16.5","4,747 9.2",191,0.4,4,"17,459",33.7,"20,816",40.2,"8,562",16.5,"4,747",9.2
510,KANGEMA,Female,"38,500","12,818 33.3","14,876 38.6","6,918 18.0","3,776 9.8",112,0.3,-,"12,818",33.3,"14,876",38.6,"6,918",18.0,"3,776",9.8
513,MATHIOYA,Female,"44,699","15,278 34.2","16,131 36.1","8,007 17.9","5,080 11.4",195,0.4,8,"15,278",34.2,"16,131",36.1,"8,007",17.9,"5,080",11.4
516,KAHURO,Female,"42,467","14,279 33.6","14,874 35.0","9,202 21.7","3,957 9.3",152,0.4,3,"14,279",33.6,"14,874",35.0,"9,202",21.7,"3,957",9.3
519,MURANG'A SOUTH,Female,"86,901","31,256 36.0","28,756 33.1","18,943 21.8","7,673 8.8",260,0.3,13,"31,256",36.0,"28,756",33.1,"18,943",21.8,"7,673",8.8
522,GATANGA,Female,"87,586","31,719 36.2","30,969 35.4","17,330 19.8","7,196 8.2",358,0.4,14,"31,719",36.2,"30,969",35.4,"17,330",19.8,"7,196",8.2
525,KIGUMO,Female,"64,750","22,658 35.0","21,403 33.1","14,340 22.1","6,101 9.4",235,0.4,13,"22,658",35.0,"21,403",33.1,"14,340",22.1,"6,101",9.4
528,KANDARA,Female,"82,811","29,109 35.2","28,552 34.5","17,315 20.9","7,509 9.1",311,0.4,15,"29,109",35.2,"28,552",34.5,"17,315",20.9,"7,509",9.1
531,ABERDARE FOREST,Female,12,4 33.3,5 41.7,2 16.7,1 8.3,-,-,-,4,33.3,5,41.7,2,16.7,1,8.3
534,KIAMBU,Female,"1,139,012","389,788 34.2","508,948 44.7","175,810 15.4","58,423 5.1","5,783",0.5,260,"389,788",34.2,"508,948",44.7,"175,810",15.4,"58,423",5.1
537,GATUNDU NORTH,Female,"52,279","18,198 34.8","17,865 34.2","11,303 21.6","4,677 8.9",226,0.4,10,"18,198",34.8,"17,865",34.2,"11,303",21.6,"4,677",8.9
540,GATUNDU SOUTH,Female,"57,941","19,470 33.6","21,209 36.6","11,408 19.7","5,490 9.5",339,0.6,25,"19,470",33.6,"21,209",36.6,"11,408",19.7,"5,490",9.5
543,GITHUNGURI,Female,"78,164","26,515 33.9","30,916 39.6","14,538 18.6","5,884 7.5",302,0.4,9,"26,515",33.9,"30,916",39.6,"14,538",18.6,"5,884",7.5
546,JUJA,Female,"140,658","50,944 36.2","64,483 45.8","19,268 13.7","5,238 3.7",689,0.5,36,"50,944",36.2,"64,483",45.8,"19,268",13.7,"5,238",3.7
549,KABETE,Female,"94,478","31,246 33.1","44,969 47.6","13,819 14.6","3,893 4.1",527,0.6,24,"31,246",33.1,"44,969",47.6,"13,819",14.6,"3,893",4.1
552,KIAMBAA,Female,"111,530","36,121 32.4","52,372 47.0","16,658 14.9","5,636 5.1",704,0.6,39,"36,121",32.4,"52,372",47.0,"16,658",14.9,"5,636",5.1
555,KIAMBU,Female,"70,464","22,402 31.8","34,013 48.3","10,203 14.5","3,392 4.8",425,0.6,29,"22,402",31.8,"34,013",48.3,"10,203",14.5,"3,392",4.8
558,KIKUYU,Female,"89,226","29,957 33.6","42,129 47.2","12,681 14.2","4,098 4.6",353,0.4,8,"29,957",33.6,"42,129",47.2,"12,681",14.2,"4,098",4.6
561,LARI,Female,"63,454","23,410 36.9","22,329 35.2","12,661 20.0","4,730 7.5",319,0.5,5,"23,410",36.9,"22,329",35.2,"12,661",20.0,"4,730",7.5
564,LIMURU,Female,"73,559","26,323 35.8","30,355 41.3","11,985 16.3","4,607 6.3",280,0.4,9,"26,323",35.8,"30,355",41.3,"11,985",16.3,"4,607",6.3
567,RUIRU,Female,"175,406","59,195 33.7","86,158 49.1","23,108 13.2","5,730 3.3","1,180",0.7,35,"59,195",33.7,"86,158",49.1,"23,108",13.2,"5,730",3.3
570,THIKA EAST,Female,"17,743","6,410 36.1","6,456 36.4","3,583 20.2","1,231 6.9",58,0.3,5,"6,410",36.1,"6,456",36.4,"3,583",20.2,"1,231",6.9
573,THIKA WEST,Female,"114,110","39,597 34.7","55,694 48.8","14,595 12.8","3,817 3.3",381,0.3,26,"39,597",34.7,"55,694",48.8,"14,595",12.8,"3,817",3.3
576,TURKANA,Female,"412,311","85,746 20.8","11,986 2.9","14,409 3.5","290,531 70.5","9,282",2.3,357,"85,746",20.8,"11,986",2.9,"14,409",3.5,"290,531",70.5
579,KIBISH,Female,"16,564","1,060 6.4",58 0.4,148 0.9,"15,086 91.1",212,1.3,-,"1,060",6.4,58,0.4,148,0.9,"15,086",91.1
582,LOIMA,Female,"48,743","6,920 14.2",347 0.7,"1,006 2.1","39,350 80.7","1,067",2.2,53,"6,920",14.2,347,0.7,"1,006",2.1,"39,350",80.7
585,TURKANA CENTRAL,Female,"83,229","25,906 31.1","6,338 7.6","6,404 7.7","43,705 52.5",849,1,27,"25,906",31.1,"6,338",7.6,"6,404",7.7,"43,705",52.5
588,TURKANA EAST,Female,"57,908","7,424 12.8",955 1.6,845 1.5,"46,730 80.7","1,889",3.3,65,"7,424",12.8,955,1.6,845,1.5,"46,730",80.7
591,TURKANA NORTH,Female,"29,608","4,440 15.0",278 0.9,424 1.4,"23,770 80.3",694,2.3,2,"4,440",15.0,278,0.9,424,1.4,"23,770",80.3
594,TURKANA SOUTH,Female,"69,688","15,526 22.3","1,692 2.4","2,416 3.5","48,472 69.6","1,537",2.2,45,"15,526",22.3,"1,692",2.4,"2,416",3.5,"48,472",69.6
597,TURKANA WEST,Female,"106,571","24,470 23.0","2,318 2.2","3,166 3.0","73,418 68.9","3,034",2.8,165,"24,470",23.0,"2,318",2.2,"3,166",3.0,"73,418",68.9
600,WEST POKOT,Female,"280,844","115,287 41.1","16,108 5.7","28,666 10.2","117,846 42.0","2,882",1,55,"115,287",41.1,"16,108",5.7,"28,666",10.2,"117,846",42.0
603,KIPKOMO,Female,"46,268","23,865 51.6","2,841 6.1","6,287 13.6","12,902 27.9",373,0.8,-,"23,865",51.6,"2,841",6.1,"6,287",13.6,"12,902",27.9
606,POKOT CENTRAL,Female,"52,905","20,736 39.2","1,442 2.7","5,400 10.2","24,903 47.1",413,0.8,11,"20,736",39.2,"1,442",2.7,"5,400",10.2,"24,903",47.1
609,POKOT NORTH,Female,"61,672","13,447 21.8","1,152 1.9","1,866 3.0","44,666 72.4",508,0.8,33,"13,447",21.8,"1,152",1.9,"1,866",3.0,"44,666",72.4
612,POKOT SOUTH,Female,"36,775","20,605 56.0","2,218 6.0","5,121 13.9","8,276 22.5",555,1.5,-,"20,605",56.0,"2,218",6.0,"5,121",13.9,"8,276",22.5
615,WEST POKOT,Female,"83,224","36,634 44.0","8,455 10.2","9,992 12.0","27,099 32.6","1,033",1.2,11,"36,634",44.0,"8,455",10.2,"9,992",12.0,"27,099",32.6
618,SAMBURU,Female,"138,814","40,515 29.2","8,482 6.1","6,141 4.4","82,661 59.5",999,0.7,16,"40,515",29.2,"8,482",6.1,"6,141",4.4,"82,661",59.5
621,SAMBURU CENTRAL,Female,"73,618","25,920 35.2","5,696 7.7","4,078 5.5","37,241 50.6",672,0.9,11,"25,920",35.2,"5,696",7.7,"4,078",5.5,"37,241",50.6
624,SAMBURU EAST,Female,"35,896","8,301 23.1","1,976 5.5","1,322 3.7","24,129 67.2",167,0.5,1,"8,301",23.1,"1,976",5.5,"1,322",3.7,"24,129",67.2
627,SAMBURU NORTH,Female,"29,300","6,294 21.5",810 2.8,741 2.5,"21,291 72.7",160,0.5,4,"6,294",21.5,810,2.8,741,2.5,"21,291",72.7
630,TRANS NZOIA,Female,"462,701","216,747 46.8","85,175 18.4","105,011 22.7","51,537 11.1","4,195",0.9,36,"216,747",46.8,"85,175",18.4,"105,011",22.7,"51,537",11.1
633,TRANS NZOIA WEST,Female,"92,883","43,011 46.3","17,666 19.0","22,187 23.9","9,072 9.8",928,1,19,"43,011",46.3,"17,666",19.0,"22,187",23.9,"9,072",9.8
636,TRANS NZOIA EAST,Female,"107,693","51,600 47.9","19,973 18.5","22,770 21.1","12,102 11.2","1,240",1.2,8,"51,600",47.9,"19,973",18.5,"22,770",21.1,"12,102",11.2
639,KWANZA,Female,"95,931","44,758 46.7","17,071 17.8","20,718 21.6","12,314 12.8","1,067",1.1,3,"44,758",46.7,"17,071",17.8,"20,718",21.6,"12,314",12.8
642,ENDEBESS,Female,"50,999","24,361 47.8","5,378 10.5","13,417 26.3","7,610 14.9",232,0.5,1,"24,361",47.8,"5,378",10.5,"13,417",26.3,"7,610",14.9
645,KIMININI,Female,"115,195","53,017 46.0","25,087 21.8","25,919 22.5","10,439 9.1",728,0.6,5,"53,017",46.0,"25,087",21.8,"25,919",22.5,"10,439",9.1
648,UASIN GISHU,Female,"538,543","238,555 44.3","157,748 29.3","94,766 17.6","43,731 8.1","3,673",0.7,70,"238,555",44.3,"157,748",29.3,"94,766",17.6,"43,731",8.1
651,AINABKOI,Female,"64,683","28,931 44.7","20,782 32.1","9,222 14.3","5,416 8.4",326,0.5,6,"28,931",44.7,"20,782",32.1,"9,222",14.3,"5,416",8.4
654,KAPSERET,Female,"91,436","39,017 42.7","31,080 34.0","15,551 17.0","5,180 5.7",583,0.6,25,"39,017",42.7,"31,080",34.0,"15,551",17.0,"5,180",5.7
657,KESSES,Female,"69,000","31,962 46.3","18,242 26.4","11,974 17.4","6,533 9.5",283,0.4,6,"31,962",46.3,"18,242",26.4,"11,974",17.4,"6,533",9.5
660,MOIBEN,Female,"83,737","36,672 43.8","27,310 32.6","12,798 15.3","6,362 7.6",586,0.7,9,"36,672",43.8,"27,310",32.6,"12,798",15.3,"6,362",7.6
663,SOY,Female,"106,521","49,326 46.3","24,251 22.8","22,259 20.9","9,816 9.2",859,0.8,10,"49,326",46.3,"24,251",22.8,"22,259",20.9,"9,816",9.2
666,TURBO,Female,"123,166","52,647 42.7","36,083 29.3","22,962 18.6","10,424 8.5","1,036",0.8,14,"52,647",42.7,"36,083",29.3,"22,962",18.6,"10,424",8.5
669,ELGEYO/MARAKWET,Female,"209,602","100,663 48.0","44,886 21.4","33,847 16.1","28,423 13.6","1,751",0.8,32,"100,663",48.0,"44,886",21.4,"33,847",16.1,"28,423",13.6
672,KEIYO NORTH,Female,"45,863","21,128 46.1","13,640 29.7","6,642 14.5","4,205 9.2",239,0.5,9,"21,128",46.1,"13,640",29.7,"6,642",14.5,"4,205",9.2
675,KEIYO SOUTH,Female,"55,639","26,348 47.4","14,264 25.6","8,650 15.5","5,515 9.9",851,1.5,11,"26,348",47.4,"14,264",25.6,"8,650",15.5,"5,515",9.9
678,MARAKWET EAST,Female,"45,188","22,878 50.6","5,569 12.3","6,702 14.8","9,874 21.9",165,0.4,-,"22,878",50.6,"5,569",12.3,"6,702",14.8,"9,874",21.9
681,MARAKWET WEST,Female,"62,912","30,309 48.2","11,413 18.1","11,853 18.8","8,829 14.0",496,0.8,12,"30,309",48.2,"11,413",18.1,"11,853",18.8,"8,829",14.0
684,NANDI,Female,"413,163","191,303 46.3","81,621 19.8","97,879 23.7","39,007 9.4","3,321",0.8,32,"191,303",46.3,"81,621",19.8,"97,879",23.7,"39,007",9.4
687,CHESUMEI,Female,"77,221","34,308 44.4","18,921 24.5","17,223 22.3","6,146 8.0",622,0.8,1,"34,308",44.4,"18,921",24.5,"17,223",22.3,"6,146",8.0
690,NANDI CENTRAL,Female,"69,013","30,860 44.7","15,816 22.9","15,237 22.1","6,625 9.6",475,0.7,-,"30,860",44.7,"15,816",22.9,"15,237",22.1,"6,625",9.6
693,NANDI EAST,Female,"55,155","25,492 46.2","11,241 20.4","13,143 23.8","5,058 9.2",201,0.4,20,"25,492",46.2,"11,241",20.4,"13,143",23.8,"5,058",9.2
696,NANDI NORTH,Female,"77,867","36,809 47.3","13,325 17.1","19,305 24.8","7,344 9.4","1,079",1.4,5,"36,809",47.3,"13,325",17.1,"19,305",24.8,"7,344",9.4
699,NANDI SOUTH,Female,"81,151","38,127 47.0","15,040 18.5","19,465 24.0","8,136 10.0",379,0.5,4,"38,127",47.0,"15,040",18.5,"19,465",24.0,"8,136",10.0
702,TINDERET,Female,"52,756","25,707 48.7","7,278 13.8","13,506 25.6","5,698 10.8",565,1.1,2,"25,707",48.7,"7,278",13.8,"13,506",25.6,"5,698",10.8
705,BARINGO,Female,"302,842","123,075 40.6","59,832 19.8","34,871 11.5","81,964 27.1","3,074",1,26,"123,075",40.6,"59,832",19.8,"34,871",11.5,"81,964",27.1
708,BARINGO CENTRAL,Female,"45,096","21,030 46.6","14,451 32.0","5,154 11.4","4,192 9.3",268,0.6,1,"21,030",46.6,"14,451",32.0,"5,154",11.4,"4,192",9.3
711,BARINGO NORTH,Female,"48,459","23,087 47.6","10,390 21.4","6,794 14.0","7,538 15.6",648,1.3,2,"23,087",47.6,"10,390",21.4,"6,794",14.0,"7,538",15.6
714,EAST POKOT,Female,"36,182","5,829 16.1",657 1.8,501 1.4,"28,590 79.0",602,1.7,3,"5,829",16.1,657,1.8,501,1.4,"28,590",79.0
717,KOIBATEK,Female,"59,523","27,484 46.2","17,992 30.2","9,420 15.8","4,206 7.1",416,0.7,5,"27,484",46.2,"17,992",30.2,"9,420",15.8,"4,206",7.1
720,MARIGAT,Female,"40,502","19,792 48.9","6,394 15.8","6,187 15.3","7,747 19.1",378,0.9,4,"19,792",48.9,"6,394",15.8,"6,187",15.3,"7,747",19.1
723,MOGOTIO,Female,"41,520","20,199 48.6","9,349 22.5","6,076 14.6","5,505 13.3",391,0.9,-,"20,199",48.6,"9,349",22.5,"6,076",14.6,"5,505",13.3
726,TIATY EAST,Female,"31,560","5,654 17.9",599 1.9,739 2.3,"24,186 76.6",371,1.2,11,"5,654",17.9,599,1.9,739,2.3,"24,186",76.6
729,LAIKIPIA,Female,"239,042","89,858 37.6","73,979 30.9","30,981 13.0","42,891 17.9","1,314",0.5,19,"89,858",37.6,"73,979",30.9,"30,981",13.0,"42,891",17.9
732,LAIKIPIA CENTRAL,Female,"44,623","16,484 36.9","17,381 39.0","7,169 16.1","3,266 7.3",313,0.7,10,"16,484",36.9,"17,381",39.0,"7,169",16.1,"3,266",7.3
735,LAIKIPIA EAST,Female,"46,726","16,694 35.7","17,245 36.9","5,899 12.6","6,693 14.3",194,0.4,1,"16,694",35.7,"17,245",36.9,"5,899",12.6,"6,693",14.3
738,LAIKIPIA NORTH,Female,"16,202","5,433 33.5","1,107 6.8",819 5.1,"8,784 54.2",58,0.4,1,"5,433",33.5,"1,107",6.8,819,5.1,"8,784",54.2
741,LAIKIPIA WEST,Female,"58,695","21,642 36.9","13,059 22.2","6,551 11.2","17,056 29.1",382,0.7,5,"21,642",36.9,"13,059",22.2,"6,551",11.2,"17,056",29.1
744,NYAHURURU,Female,"72,796","29,605 40.7","25,187 34.6","10,543 14.5","7,092 9.7",367,0.5,2,"29,605",40.7,"25,187",34.6,"10,543",14.5,"7,092",9.7
747,NAKURU,Female,"998,603","413,397 41.4","322,148 32.3","171,948 17.2","83,897 8.4","7,058",0.7,155,"413,397",41.4,"322,148",32.3,"171,948",17.2,"83,897",8.4
750,GILGIL,Female,"84,581","34,837 41.2","27,974 33.1","13,695 16.2","7,608 9.0",454,0.5,13,"34,837",41.2,"27,974",33.1,"13,695",16.2,"7,608",9.0
753,KURESOI NORTH,Female,"80,843","38,216 47.3","16,121 19.9","17,243 21.3","8,541 10.6",712,0.9,10,"38,216",47.3,"16,121",19.9,"17,243",21.3,"8,541",10.6
756,KURESOI SOUTH,Female,"70,897","33,896 47.8","14,341 20.2","14,617 20.6","7,321 10.3",721,1,1,"33,896",47.8,"14,341",20.2,"14,617",20.6,"7,321",10.3
759,MOLO,Female,"72,743","31,795 43.7","19,625 27.0","14,282 19.6","6,469 8.9",569,0.8,3,"31,795",43.7,"19,625",27.0,"14,282",19.6,"6,469",8.9
762,NAIVASHA,Female,"161,617","60,415 37.4","59,961 37.1","26,687 16.5","13,299 8.2","1,222",0.8,33,"60,415",37.4,"59,961",37.1,"26,687",16.5,"13,299",8.2
765,NAKURU EAST,Female,"92,556","34,210 37.0","41,122 44.4","12,206 13.2","4,405 4.8",588,0.6,25,"34,210",37.0,"41,122",44.4,"12,206",13.2,"4,405",4.8
768,NAKURU NORTH,Female,"103,602","40,543 39.1","38,313 37.0","16,380 15.8","7,659 7.4",680,0.7,27,"40,543",39.1,"38,313",37.0,"16,380",15.8,"7,659",7.4
771,NAKURU WEST,Female,"88,159","33,758 38.3","34,391 39.0","14,120 16.0","4,969 5.6",918,1,3,"33,758",38.3,"34,391",39.0,"14,120",16.0,"4,969",5.6
774,NJORO,Female,"111,005","49,198 44.3","28,971 26.1","21,816 19.7","10,546 9.5",459,0.4,15,"49,198",44.3,"28,971",26.1,"21,816",19.7,"10,546",9.5
777,RONGAI,Female,"92,417","39,428 42.7","29,108 31.5","14,564 15.8","8,809 9.5",496,0.5,12,"39,428",42.7,"29,108",31.5,"14,564",15.8,"8,809",9.5
780,SUBUKIA,Female,"40,183","17,101 42.6","12,221 30.4","6,338 15.8","4,271 10.6",239,0.6,13,"17,101",42.6,"12,221",30.4,"6,338",15.8,"4,271",10.6
783,NAROK,Female,"524,419","232,941 44.4","53,583 10.2","78,513 15.0","154,686 29.5","4,620",0.9,76,"232,941",44.4,"53,583",10.2,"78,513",15.0,"154,686",29.5
786,NAROK EAST,Female,"51,513","22,531 43.7","5,222 10.1","5,541 10.8","17,945 34.8",271,0.5,3,"22,531",43.7,"5,222",10.1,"5,541",10.8,"17,945",34.8
789,NAROK NORTH,Female,"112,188","48,746 43.5","20,047 17.9","14,207 12.7","27,824 24.8","1,343",1.2,21,"48,746",43.5,"20,047",17.9,"14,207",12.7,"27,824",24.8
792,NAROK SOUTH,Female,"108,609","45,378 41.8","8,882 8.2","15,064 13.9","38,434 35.4",840,0.8,11,"45,378",41.8,"8,882",8.2,"15,064",13.9,"38,434",35.4
795,NAROK WEST,Female,"87,696","34,604 39.5","5,373 6.1","11,424 13.0","35,348 40.3",935,1.1,12,"34,604",39.5,"5,373",6.1,"11,424",13.0,"35,348",40.3
798,TRANS MARA EAST,Female,"52,324","27,320 52.2","3,565 6.8","11,106 21.2","10,083 19.3",243,0.5,7,"27,320",52.2,"3,565",6.8,"11,106",21.2,"10,083",19.3
801,TRANS MARA WEST,Female,"112,085","54,361 48.5","10,491 9.4","21,171 18.9","25,052 22.4",988,0.9,22,"54,361",48.5,"10,491",9.4,"21,171",18.9,"25,052",22.4
804,MAU FOREST,Female,4,1 25.0,3 75.0,- -,- -,-,-,-,1,25.0,3,75.0,-,-,-,-
807,KAJIADO,Female,"512,004","193,153 37.7","155,610 30.4","57,359 11.2","99,870 19.5","5,824",1.1,188,"193,153",37.7,"155,610",30.4,"57,359",11.2,"99,870",19.5
810,ISINYA,Female,"95,900","31,962 33.3","44,362 46.3","11,551 12.0","5,574 5.8","2,356",2.5,95,"31,962",33.3,"44,362",46.3,"11,551",12.0,"5,574",5.8
813,KAJIADO CENTRAL,Female,"72,580","31,107 42.9","11,334 15.6","5,558 7.7","23,688 32.6",882,1.2,11,"31,107",42.9,"11,334",15.6,"5,558",7.7,"23,688",32.6
816,KAJIADO NORTH,Female,"144,354","51,740 35.8","65,639 45.5","19,816 13.7","6,019 4.2","1,095",0.8,45,"51,740",35.8,"65,639",45.5,"19,816",13.7,"6,019",4.2
819,KAJIADO WEST,Female,"82,618","31,673 38.3","14,278 17.3","7,290 8.8","28,760 34.8",592,0.7,25,"31,673",38.3,"14,278",17.3,"7,290",8.8,"28,760",34.8
822,LOITOKITOK,Female,"87,927","34,612 39.4","13,473 15.3","9,363 10.6","29,901 34.0",569,0.6,9,"34,612",39.4,"13,473",15.3,"9,363",10.6,"29,901",34.0
825,MASHUURU,Female,"28,625","12,059 42.1","6,524 22.8","3,781 13.2","5,928 20.7",330,1.2,3,"12,059",42.1,"6,524",22.8,"3,781",13.2,"5,928",20.7
828,KERICHO,Female,"418,300","189,513 45.3","96,187 23.0","91,489 21.9","39,089 9.3","1,913",0.5,109,"189,513",45.3,"96,187",23.0,"91,489",21.9,"39,089",9.3
831,BELGUT,Female,"68,018","29,820 43.8","17,616 25.9","15,194 22.3","5,117 7.5",265,0.4,6,"29,820",43.8,"17,616",25.9,"15,194",22.3,"5,117",7.5
834,BURETI,Female,"93,587","42,621 45.5","19,874 21.2","22,696 24.3","7,744 8.3",644,0.7,8,"42,621",45.5,"19,874",21.2,"22,696",24.3,"7,744",8.3
837,KERICHO EAST,Female,"77,766","33,482 43.1","22,550 29.0","14,965 19.2","6,459 8.3",275,0.4,35,"33,482",43.1,"22,550",29.0,"14,965",19.2,"6,459",8.3
840,KIPKELION,Female,"56,321","26,872 47.7","10,403 18.5","11,738 20.8","7,093 12.6",186,0.3,29,"26,872",47.7,"10,403",18.5,"11,738",20.8,"7,093",12.6
843,LONDIANI,Female,"63,808","29,325 46.0","15,265 23.9","12,906 20.2","6,137 9.6",155,0.2,20,"29,325",46.0,"15,265",23.9,"12,906",20.2,"6,137",9.6
846,SOIN SIGOWET,Female,"58,800","27,393 46.6","10,479 17.8","13,990 23.8","6,539 11.1",388,0.7,11,"27,393",46.6,"10,479",17.8,"13,990",23.8,"6,539",11.1
849,BOMET,Female,"409,407","194,390 47.5","80,911 19.8","88,369 21.6","42,545 10.4","3,158",0.8,34,"194,390",47.5,"80,911",19.8,"88,369",21.6,"42,545",10.4
852,BOMET EAST,Female,"67,541","31,590 46.8","11,992 17.8","14,771 21.9","8,411 12.5",766,1.1,11,"31,590",46.8,"11,992",17.8,"14,771",21.9,"8,411",12.5
855,CHEPALUNGU,Female,"78,767","39,321 49.9","11,498 14.6","17,537 22.3","10,044 12.8",364,0.5,3,"39,321",49.9,"11,498",14.6,"17,537",22.3,"10,044",12.8
858,KONOIN,Female,"74,747","34,646 46.4","15,449 20.7","17,674 23.6","6,080 8.1",894,1.2,4,"34,646",46.4,"15,449",20.7,"17,674",23.6,"6,080",8.1
861,SOTIK,Female,"107,415","52,029 48.4","22,166 20.6","21,885 20.4","10,696 10.0",632,0.6,7,"52,029",48.4,"22,166",20.6,"21,885",20.4,"10,696",10.0
864,BOMET CENTRAL,Female,"80,937","36,804 45.5","19,806 24.5","16,502 20.4","7,314 9.0",502,0.6,9,"36,804",45.5,"19,806",24.5,"16,502",20.4,"7,314",9.0
867,KAKAMEGA,Female,"903,166","424,667 47.0","171,796 19.0","195,111 21.6","105,797 11.7","5,583",0.6,212,"424,667",47.0,"171,796",19.0,"195,111",21.6,"105,797",11.7
870,BUTERE,Female,"75,019","34,818 46.4","13,449 17.9","16,158 21.5","10,190 13.6",398,0.5,6,"34,818",46.4,"13,449",17.9,"16,158",21.5,"10,190",13.6
873,KAKAMEGA CENTRAL,Female,"88,477","39,260 44.4","24,964 28.2","17,022 19.2","6,720 7.6",485,0.5,26,"39,260",44.4,"24,964",28.2,"17,022",19.2,"6,720",7.6
876,KAKAMEGA EAST,Female,"80,963","36,695 45.3","15,622 19.3","18,252 22.5","9,923 12.3",380,0.5,91,"36,695",45.3,"15,622",19.3,"18,252",22.5,"9,923",12.3
879,KAKAMEGA NORTH,Female,"114,188","55,734 48.8","21,844 19.1","25,106 22.0","10,957 9.6",523,0.5,24,"55,734",48.8,"21,844",19.1,"25,106",22.0,"10,957",9.6
882,KAKAMEGA SOUTH,Female,"54,793","25,209 46.0","10,588 19.3","11,952 21.8","6,736 12.3",300,0.5,8,"25,209",46.0,"10,588",19.3,"11,952",21.8,"6,736",12.3
885,KHWISERO,Female,"56,041","25,645 45.8","10,459 18.7","12,854 22.9","6,888 12.3",189,0.3,6,"25,645",45.8,"10,459",18.7,"12,854",22.9,"6,888",12.3
888,LIKUYANI,Female,"72,998","34,041 46.6","15,162 20.8","15,518 21.3","7,353 10.1",920,1.3,4,"34,041",46.6,"15,162",20.8,"15,518",21.3,"7,353",10.1
891,LUGARI,Female,"59,192","27,425 46.3","13,921 23.5","12,088 20.4","5,471 9.2",283,0.5,4,"27,425",46.3,"13,921",23.5,"12,088",20.4,"5,471",9.2
894,MATETE,Female,"31,979","15,380 48.1","5,678 17.8","6,684 20.9","3,694 11.6",543,1.7,-,"15,380",48.1,"5,678",17.8,"6,684",20.9,"3,694",11.6
897,MATUNGU,Female,"81,724","39,387 48.2","10,226 12.5","17,537 21.5","13,896 17.0",668,0.8,10,"39,387",48.2,"10,226",12.5,"17,537",21.5,"13,896",17.0
900,MATUNGU,Female,"56,714","27,388 48.3","8,685 15.3","13,082 23.1","7,278 12.8",278,0.5,3,"27,388",48.3,"8,685",15.3,"13,082",23.1,"7,278",12.8
903,MUMIAS WEST,Female,"55,943","26,490 47.4","10,332 18.5","11,499 20.6","7,323 13.1",283,0.5,16,"26,490",47.4,"10,332",18.5,"11,499",20.6,"7,323",13.1
906,NAVAKHOLO,Female,"75,135","37,195 49.5","10,866 14.5","17,359 23.1","9,368 12.5",333,0.4,14,"37,195",49.5,"10,866",14.5,"17,359",23.1,"9,368",12.5
909,VIHIGA,Female,"286,112","128,556 44.9","67,055 23.4","63,154 22.1","25,496 8.9","1,808",0.6,43,"128,556",44.9,"67,055",23.4,"63,154",22.1,"25,496",8.9
912,EMUHAYA,Female,"47,430","21,383 45.1","9,813 20.7","11,062 23.3","4,839 10.2",325,0.7,8,"21,383",45.1,"9,813",20.7,"11,062",23.3,"4,839",10.2
915,VIHIGA,Female,"46,207","20,475 44.3","12,089 26.2","9,895 21.4","3,395 7.3",344,0.7,9,"20,475",44.3,"12,089",26.2,"9,895",21.4,"3,395",7.3
918,SABATIA,Female,"64,116","28,782 44.9","16,812 26.2","13,437 21.0","4,615 7.2",461,0.7,9,"28,782",44.9,"16,812",26.2,"13,437",21.0,"4,615",7.2
921,LUANDA,Female,"51,127","22,568 44.1","12,401 24.3","11,032 21.6","4,808 9.4",305,0.6,13,"22,568",44.1,"12,401",24.3,"11,032",21.6,"4,808",9.4
924,HAMISI,Female,"77,228","35,347 45.8","15,938 20.6","17,727 23.0","7,839 10.2",373,0.5,4,"35,347",45.8,"15,938",20.6,"17,727",23.0,"7,839",10.2
927,KAKAMEGA FOREST,Female,4,1 25.0,2 50.0,1 25.0,- -,-,-,-,1,25.0,2,50.0,1,25.0,-,-
930,BUNGOMA,Female,"792,851","386,512 48.7","130,817 16.5","183,372 23.1","84,612 10.7","7,473",0.9,65,"386,512",48.7,"130,817",16.5,"183,372",23.1,"84,612",10.7
933,BUMULA,Female,"104,186","51,010 49.0","11,789 11.3","26,099 25.1","14,173 13.6","1,115",1.1,-,"51,010",49.0,"11,789",11.3,"26,099",25.1,"14,173",13.6
936,BUNGOMA CENTRAL,Female,"84,477","41,319 48.9","14,529 17.2","20,017 23.7","7,871 9.3",740,0.9,1,"41,319",48.9,"14,529",17.2,"20,017",23.7,"7,871",9.3
939,BUNGOMA EAST,Female,"54,623","26,916 49.3","10,564 19.3","12,682 23.2","4,081 7.5",369,0.7,11,"26,916",49.3,"10,564",19.3,"12,682",23.2,"4,081",7.5
942,BUNGOMA NORTH,Female,"57,792","28,868 50.0","11,106 19.2","12,948 22.4","4,562 7.9",302,0.5,6,"28,868",50.0,"11,106",19.2,"12,948",22.4,"4,562",7.9
945,BUNGOMA SOUTH,Female,"136,427","63,836 46.8","29,524 21.6","26,011 19.1","15,569 11.4","1,478",1.1,9,"63,836",46.8,"29,524",21.6,"26,011",19.1,"15,569",11.4
948,CHEPTAIS,Female,"62,363","31,205 50.0","5,811 9.3","16,182 25.9","8,190 13.1",970,1.6,5,"31,205",50.0,"5,811",9.3,"16,182",25.9,"8,190",13.1
951,KIMILILI,Female,"77,424","37,097 47.9","13,104 16.9","17,413 22.5","8,807 11.4","1,000",1.3,3,"37,097",47.9,"13,104",16.9,"17,413",22.5,"8,807",11.4
954,MT. ELGON,Female,"36,802","18,532 50.4","4,757 12.9","8,829 24.0","4,566 12.4",116,0.3,2,"18,532",50.4,"4,757",12.9,"8,829",24.0,"4,566",12.4
957,BUNGOMA WEST,Female,"57,027","28,180 49.4","7,604 13.3","14,353 25.2","6,284 11.0",589,1,17,"28,180",49.4,"7,604",13.3,"14,353",25.2,"6,284",11.0
960,TONGAREN,Female,"47,930","23,323 48.7","9,061 18.9","10,586 22.1","4,777 10.0",175,0.4,8,"23,323",48.7,"9,061",18.9,"10,586",22.1,"4,777",10.0
963,WEBUYE WEST,Female,"72,234","35,511 49.2","12,893 17.8","17,835 24.7","5,379 7.4",613,0.8,3,"35,511",49.2,"12,893",17.8,"17,835",24.7,"5,379",7.4
966,MT. ELGON FOREST,Female,"1,566",715 45.7,75 4.8,417 26.6,353 22.5,6,0.4,-,715,45.7,75,4.8,417,26.6,353,22.5
969,BUSIA,Female,"432,013","202,061 46.8","66,760 15.5","96,713 22.4","63,919 14.8","2,521",0.6,39,"202,061",46.8,"66,760",15.5,"96,713",22.4,"63,919",14.8
972,BUNYALA,Female,"41,391","18,926 45.7","5,681 13.7","10,485 25.3","5,940 14.4",356,0.9,3,"18,926",45.7,"5,681",13.7,"10,485",25.3,"5,940",14.4
975,BUSIA,Female,"67,093","30,475 45.4","12,413 18.5","14,525 21.6","9,202 13.7",460,0.7,18,"30,475",45.4,"12,413",18.5,"14,525",21.6,"9,202",13.7
978,BUTULA,Female,"69,880","32,695 46.8","10,328 14.8","13,872 19.9","12,595 18.0",389,0.6,1,"32,695",46.8,"10,328",14.8,"13,872",19.9,"12,595",18.0
981,NAMBALE,Female,"54,523","26,509 48.6","8,343 15.3","11,757 21.6","7,456 13.7",452,0.8,6,"26,509",48.6,"8,343",15.3,"11,757",21.6,"7,456",13.7
984,SAMIA,Female,"52,275","23,739 45.4","7,508 14.4","12,327 23.6","8,586 16.4",115,0.2,-,"23,739",45.4,"7,508",14.4,"12,327",23.6,"8,586",16.4
987,TESO NORTH,Female,"65,842","31,506 47.9","10,617 16.1","16,207 24.6","7,275 11.0",235,0.4,2,"31,506",47.9,"10,617",16.1,"16,207",24.6,"7,275",11.0
990,TESO SOUTH,Female,"81,009","38,211 47.2","11,870 14.7","17,540 21.7","12,865 15.9",514,0.6,9,"38,211",47.2,"11,870",14.7,"17,540",21.7,"12,865",15.9
993,SIAYA,Female,"484,814","218,250 45.0","100,315 20.7","106,377 21.9","55,942 11.5","3,771",0.8,159,"218,250",45.0,"100,315",20.7,"106,377",21.9,"55,942",11.5
996,SIAYA SUBCOUNTY,Female,"110,142","48,691 44.2","22,046 20.0","23,907 21.7","14,605 13.3",840,0.8,53,"48,691",44.2,"22,046",20.0,"23,907",21.7,"14,605",13.3
999,GEM,Female,"87,525","39,306 44.9","17,567 20.1","20,247 23.1","9,712 11.1",659,0.8,34,"39,306",44.9,"17,567",20.1,"20,247",23.1,"9,712",11.1
1002,UGENYA,Female,"67,132","29,777 44.4","12,335 18.4","14,099 21.0","10,561 15.7",356,0.5,4,"29,777",44.4,"12,335",18.4,"14,099",21.0,"10,561",15.7
1005,UGUNJA,Female,"51,657","23,005 44.5","11,004 21.3","10,687 20.7","6,597 12.8",361,0.7,3,"23,005",44.5,"11,004",21.3,"10,687",20.7,"6,597",12.8
1008,BONDO,Female,"93,928","43,148 45.9","21,991 23.4","20,652 22.0","7,379 7.9",727,0.8,31,"43,148",45.9,"21,991",23.4,"20,652",22.0,"7,379",7.9
1011,RARIEDA,Female,"74,430","34,323 46.1","15,372 20.7","16,785 22.6","7,088 9.5",828,1.1,34,"34,323",46.1,"15,372",20.7,"16,785",22.6,"7,088",9.5
1014,RARIEDA,Female,"549,465","251,209 45.7","139,457 25.4","108,379 19.7","46,977 8.5","3,290",0.6,153,"251,209",45.7,"139,457",25.4,"108,379",19.7,"46,977",8.5
1017,KISUMU EAST,Female,"103,318","45,429 44.0","30,818 29.8","19,977 19.3","6,585 6.4",469,0.5,40,"45,429",44.0,"30,818",29.8,"19,977",19.3,"6,585",6.4
1020,KISUMU CENTRAL,Female,"82,465","35,601 43.2","30,911 37.5","12,132 14.7","3,296 4.0",494,0.6,31,"35,601",43.2,"30,911",37.5,"12,132",14.7,"3,296",4.0
1023,KISUMU WEST,Female,"80,548","37,077 46.0","20,361 25.3","16,027 19.9","6,657 8.3",407,0.5,19,"37,077",46.0,"20,361",25.3,"16,027",19.9,"6,657",8.3
1026,SEME,Female,"59,495","27,628 46.4","12,039 20.2","12,432 20.9","7,179 12.1",211,0.4,6,"27,628",46.4,"12,039",20.2,"12,432",20.9,"7,179",12.1
1029,MUHORONI,Female,"71,376","33,716 47.2","13,452 18.8","16,019 22.4","7,597 10.6",579,0.8,13,"33,716",47.2,"13,452",18.8,"16,019",22.4,"7,597",10.6
1032,NYANDO,Female,"78,383","36,521 46.6","17,136 21.9","16,013 20.4","8,034 10.2",658,0.8,21,"36,521",46.6,"17,136",21.9,"16,013",20.4,"8,034",10.2
1035,NYAKACH,Female,"73,880","35,237 47.7","14,740 20.0","15,779 21.4","7,629 10.3",472,0.6,23,"35,237",47.7,"14,740",20.0,"15,779",21.4,"7,629",10.3
1038,HOMA BAY,Female,"545,768","264,796 48.5","97,920 17.9","120,311 22.0","59,526 10.9","3,174",0.6,41,"264,796",48.5,"97,920",17.9,"120,311",22.0,"59,526",10.9
1041,HOMA BAY SUBCOUNTY,Female,"56,661","27,207 48.0","13,303 23.5","10,928 19.3","4,861 8.6",356,0.6,6,"27,207",48.0,"13,303",23.5,"10,928",19.3,"4,861",8.6
1044,NDHIWA,Female,"104,539","51,403 49.2","13,745 13.1","25,977 24.8","12,877 12.3",531,0.5,6,"51,403",49.2,"13,745",13.1,"25,977",24.8,"12,877",12.3
1047,RACHUONYO NORTH,Female,"86,679","41,382 47.7","16,359 18.9","19,640 22.7","8,928 10.3",361,0.4,9,"41,382",47.7,"16,359",18.9,"19,640",22.7,"8,928",10.3
1050,RACHUONYO EAST,Female,"59,353","29,390 49.5","10,508 17.7","12,956 21.8","6,174 10.4",324,0.5,1,"29,390",49.5,"10,508",17.7,"12,956",21.8,"6,174",10.4
1053,RACHUONYO SOUTH,Female,"63,947","31,328 49.0","13,546 21.2","13,129 20.5","5,644 8.8",299,0.5,1,"31,328",49.0,"13,546",21.2,"13,129",20.5,"5,644",8.8
1056,RANGWE,Female,"57,689","28,197 48.9","9,075 15.7","12,663 22.0","6,973 12.1",772,1.3,9,"28,197",48.9,"9,075",15.7,"12,663",22.0,"6,973",12.1
1059,SUBA NORTH,Female,"59,137","27,991 47.3","11,652 19.7","13,190 22.3","5,984 10.1",318,0.5,2,"27,991",47.3,"11,652",19.7,"13,190",22.3,"5,984",10.1
1062,SUBA SOUTH,Female,"57,763","27,898 48.3","9,732 16.8","11,828 20.5","8,085 14.0",213,0.4,7,"27,898",48.3,"9,732",16.8,"11,828",20.5,"8,085",14.0
1065,MIGORI,Female,"530,012","257,326 48.6","83,455 15.7","115,706 21.8","68,559 12.9","4,849",0.9,117,"257,326",48.6,"83,455",15.7,"115,706",21.8,"68,559",12.9
1068,AWENDO,Female,"55,743","27,836 49.9","9,799 17.6","13,437 24.1","4,455 8.0",200,0.4,16,"27,836",49.9,"9,799",17.6,"13,437",24.1,"4,455",8.0
1071,KURIA EAST,Female,"45,385","21,375 47.1","5,171 11.4","7,469 16.5","10,920 24.1",432,1,18,"21,375",47.1,"5,171",11.4,"7,469",16.5,"10,920",24.1
1074,KURIA WEST,Female,"97,947","46,886 47.9","13,140 13.4","19,015 19.4","18,188 18.6",689,0.7,29,"46,886",47.9,"13,140",13.4,"19,015",19.4,"18,188",18.6
1077,NYATIKE,Female,"84,130","40,267 47.9","12,194 14.5","20,694 24.6","9,764 11.6","1,199",1.4,12,"40,267",47.9,"12,194",14.5,"20,694",24.6,"9,764",11.6
1080,RONGO,Female,"60,218","29,757 49.4","11,483 19.1","12,603 20.9","5,864 9.7",503,0.8,8,"29,757",49.4,"11,483",19.1,"12,603",20.9,"5,864",9.7
1083,SUNA EAST,Female,"58,428","28,385 48.6","11,452 19.6","12,802 21.9","5,145 8.8",630,1.1,14,"28,385",48.6,"11,452",19.6,"12,802",21.9,"5,145",8.8
1086,SUNA WEST,Female,"60,823","29,243 48.1","9,747 16.0","13,153 21.6","8,139 13.4",539,0.9,2,"29,243",48.1,"9,747",16.0,"13,153",21.6,"8,139",13.4
1089,URIRI,Female,"67,338","33,577 49.9","10,469 15.5","16,533 24.6","6,084 9.0",657,1,18,"33,577",49.9,"10,469",15.5,"16,533",24.6,"6,084",9.0
1092,KISII,Female,"617,793","274,662 44.5","123,540 20.0","144,048 23.3","72,471 11.7","2,995",0.5,77,"274,662",44.5,"123,540",20.0,"144,048",23.3,"72,471",11.7
1095,ETAGO,Female,"40,785","19,604 48.1","5,030 12.3","10,144 24.9","5,897 14.5",107,0.3,3,"19,604",48.1,"5,030",12.3,"10,144",24.9,"5,897",14.5
1098,GUCHA,Female,"41,082","18,663 45.4","7,739 18.8","9,621 23.4","4,682 11.4",365,0.9,12,"18,663",45.4,"7,739",18.8,"9,621",23.4,"4,682",11.4
1101,GUCHA SOUTH,Female,"40,779","18,682 45.8","6,640 16.3","9,652 23.7","5,480 13.4",310,0.8,15,"18,682",45.8,"6,640",16.3,"9,652",23.7,"5,480",13.4
1104,KENYENYA,Female,"64,434","29,356 45.6","11,593 18.0","15,335 23.8","7,818 12.1",327,0.5,5,"29,356",45.6,"11,593",18.0,"15,335",23.8,"7,818",12.1
1107,KISII CENTRAL,Female,"79,226","33,599 42.4","21,631 27.3","16,633 21.0","6,989 8.8",368,0.5,6,"33,599",42.4,"21,631",27.3,"16,633",21.0,"6,989",8.8
1110,KISII SOUTH,Female,"66,034","29,702 45.0","12,473 18.9","14,273 21.6","9,386 14.2",200,0.3,-,"29,702",45.0,"12,473",18.9,"14,273",21.6,"9,386",14.2
1113,KITUTU CENTRAL,Female,"74,154","31,889 43.0","19,094 25.7","16,029 21.6","6,832 9.2",298,0.4,12,"31,889",43.0,"19,094",25.7,"16,029",21.6,"6,832",9.2
1116,MARANI,Female,"53,345","23,064 43.2","8,912 16.7","13,911 26.1","7,271 13.6",175,0.3,12,"23,064",43.2,"8,912",16.7,"13,911",26.1,"7,271",13.6
1119,MASABA SOUTH,Female,"60,442","26,444 43.8","12,840 21.2","14,743 24.4","5,989 9.9",423,0.7,3,"26,444",43.8,"12,840",21.2,"14,743",24.4,"5,989",9.9
1122,NYAMACHE,Female,"64,547","28,862 44.7","11,662 18.1","15,546 24.1","8,184 12.7",285,0.4,8,"28,862",44.7,"11,662",18.1,"15,546",24.1,"8,184",12.7
1125,SAMETA,Female,"32,965","14,797 44.9","5,926 18.0","8,161 24.8","3,943 12.0",137,0.4,1,"14,797",44.9,"5,926",18.0,"8,161",24.8,"3,943",12.0
1128,NYAMIRA,Female,"295,385","127,840 43.3","64,433 21.8","64,258 21.8","37,091 12.6","1,730",0.6,33,"127,840",43.3,"64,433",21.8,"64,258",21.8,"37,091",12.6
1131,BORABU,Female,"34,333","14,846 43.2","8,868 25.8","6,702 19.5","3,639 10.6",273,0.8,5,"14,846",43.2,"8,868",25.8,"6,702",19.5,"3,639",10.6
1134,MANGA,Female,"46,428","19,828 42.7","11,089 23.9","8,765 18.9","6,536 14.1",202,0.4,8,"19,828",42.7,"11,089",23.9,"8,765",18.9,"6,536",14.1
1137,MASABA NORTH,Female,"55,254","23,550 42.6","12,444 22.5","11,825 21.4","7,252 13.1",179,0.3,4,"23,550",42.6,"12,444",22.5,"11,825",21.4,"7,252",13.1
1140,NYAMIRA NORTH,Female,"81,693","36,233 44.4","15,554 19.0","18,663 22.8","10,694 13.1",548,0.7,1,"36,233",44.4,"15,554",19.0,"18,663",22.8,"10,694",13.1
1143,NYAMIRA SOUTH,Female,"77,677","33,383 43.0","16,478 21.2","18,303 23.6","8,970 11.5",528,0.7,15,"33,383",43.0,"16,478",21.2,"18,303",23.6,"8,970",11.5
1146,NAIROBI CITY,Female,"2,023,404","687,064 34.0","937,410 46.3","277,670 13.7","104,255 5.2","16,211",0.8,794,"687,064",34.0,"937,410",46.3,"277,670",13.7,"104,255",5.2
1149,DAGORETTI,Female,"198,804","67,984 34.2","88,093 44.3","33,342 16.8","7,945 4.0","1,354",0.7,86,"67,984",34.2,"88,093",44.3,"33,342",16.8,"7,945",4.0
1152,EMBAKASI,Female,"454,540","152,044 33.5","227,255 50.0","54,303 11.9","17,344 3.8","3,452",0.8,142,"152,044",33.5,"227,255",50.0,"54,303",11.9,"17,344",3.8
1155,KAMUKUNJI,Female,"120,369","37,427 31.1","40,499 33.6","16,840 14.0","24,569 20.4",961,0.8,73,"37,427",31.1,"40,499",33.6,"16,840",14.0,"24,569",20.4
1158,KASARANI,Female,"366,478","124,669 34.0","178,266 48.6","46,851 12.8","13,174 3.6","3,405",0.9,113,"124,669",34.0,"178,266",48.6,"46,851",12.8,"13,174",3.6
1161,KIBRA,Female,"83,687","32,828 39.2","32,146 38.4","14,320 17.1","3,594 4.3",771,0.9,28,"32,828",39.2,"32,146",38.4,"14,320",17.1,"3,594",4.3
1164,LANG'ATA,Female,"93,081","32,294 34.7","43,692 46.9","11,335 12.2","4,908 5.3",810,0.9,42,"32,294",34.7,"43,692",46.9,"11,335",12.2,"4,908",5.3
1167,MAKADARA,Female,"86,991","28,105 32.3","44,353 51.0","10,970 12.6","2,995 3.4",550,0.6,18,"28,105",32.3,"44,353",51.0,"10,970",12.6,"2,995",3.4
1170,MATHARE,Female,"91,465","30,888 33.8","35,234 38.5","18,293 20.0","6,268 6.9",730,0.8,52,"30,888",33.8,"35,234",38.5,"18,293",20.0,"6,268",6.9
1173,NJIRU,Female,"293,137","104,534 35.7","134,687 45.9","41,793 14.3","10,376 3.5","1,634",0.6,113,"104,534",35.7,"134,687",45.9,"41,793",14.3,"10,376",3.5
1176,STAREHE,Female,"91,660","31,593 34.5","39,820 43.4","11,447 12.5","7,614 8.3","1,112",1.2,74,"31,593",34.5,"39,820",43.4,"11,447",12.5,"7,614",8.3
1179,WESTLANDS,Female,"143,192","44,698 31.2","73,365 51.2","18,176 12.7","5,468 3.8","1,432",1,53,"44,698",31.2,"73,365",51.2,"18,176",12.7,"5,468",3.8
