County_slash_Sub_County,mo_phone_population_above_3_Total_Male_Female,mo_phone_population_above_3_Total,mo_phone_population_above_3_Male,mo_phone_population_above_3_Female,mobile_phone_Total,mobile_phone_Total_pct,mobile_phone_Male_and_pct,mobile_phone_Male,mobile_phone_Male_pct,mobile_phone_Female,mobile_phone_Female_pct
MOMBASA,"1,100,173 552,476 547,681",,,,"679,402",61.8,"353,192 63.9",,,"326,200",59.6
CHANGAMWE,"121,334 63,184 58,150",,,,"79,248",65.3,"42,684 67.6",,,"36,564",62.9
JOMVU,"149,699 75,931 73,765",,,,"88,469",59.1,"46,928 61.8",,,"41,539",56.3
KISAUNI,"263,742 131,351 132,388",,,,"154,731",58.7,"80,185 61.0",,,"74,544",56.3
LIKONI,"228,472 115,784 112,685",,,,"134,590",58.9,"72,030 62.2",,,"62,559",55.5
MVITA,"138,927 66,589 72,336",,,,"92,190",66.4,"44,154 66.3",,,"48,036",66.4
NYALI,"197,999 99,637 98,357",,,,"130,174",65.7,"67,211 67.5",,,"62,958",64
KWALE,"783,189 382,538 400,636",,,,"287,765",36.7,"151,386 39.6",,,"136,374",34
KINANGO,"84,534 40,445 44,088",,,,"24,431",28.9,"12,455 30.8",,,"11,976",27.2
LUNGALUNGA,"180,056 87,893 92,161",,,,"54,913",30.5,"29,413 33.5",,,"25,500",27.7
MATUGA,"177,675 87,377 90,296",,,,"70,107",39.5,"36,575 41.9",,,"33,531",37.1
MSAMBWENI,"159,936 80,181 79,752",,,,"80,641",50.4,"42,969 53.6",,,"37,670",47.2
SAMBURU SUBCOUNTY,"180,988 86,642 94,339",,,,"57,673",31.9,"29,974 34.6",,,"27,697",29.4
KILIFI,"1,323,664 636,891 686,754",,,,"520,866",39.4,"268,321 42.1",,,"252,540",36.8
CHONYI,"57,246 26,917 30,328",,,,"17,874",31.2,"8,923 33.2",,,"8,951",29.5
GANZE,"131,101 60,552 70,546",,,,"39,293",30,"18,317 30.3",,,"20,976",29.7
KALOLENI,"176,734 83,996 92,733",,,,"62,072",35.1,"31,581 37.6",,,"30,491",32.9
KAUMA,"20,821 10,054 10,767",,,,"6,666",32,"3,492 34.7",,,"3,174",29.5
KILIFI NORTH,"162,990 78,763 84,225",,,,"72,985",44.8,"37,368 47.4",,,"35,617",42.3
KILIFI SOUTH,"187,663 91,863 95,799",,,,"90,113",48,"46,750 50.9",,,"43,362",45.3
MAGARINI,"174,553 84,429 90,124",,,,"53,914",30.9,"28,957 34.3",,,"24,957",27.7
MALINDI,"301,205 146,545 154,653",,,,"134,437",44.6,"69,612 47.5",,,"64,821",41.9
RABAI,"111,351 53,772 57,579",,,,"43,512",39.1,"23,321 43.4",,,"20,191",35.1
TANA RIVER,"284,605 142,087 142,516",,,,"90,043",31.6,"50,282 35.4",,,"39,761",27.9
TANA DELTA,"99,792 50,066 49,726",,,,"30,558",30.6,"17,206 34.4",,,"13,352",26.9
TANA NORTH,"105,495 53,199 52,294",,,,"34,954",33.1,"19,076 35.9",,,"15,878",30.4
TANA RIVER SUBCOUNTY,"79,318 38,822 40,496",,,,"24,531",30.9,"14,000 36.1",,,"10,531",26
LAMU,"130,991 69,111 61,877",,,,"59,256",45.2,"33,849 49.0",,,"25,406",41.1
LAMU EAST,"20,637 10,805 9,832",,,,"7,913",38.3,"4,616 42.7",,,"3,297",33.5
LAMU WEST,"110,354 58,306 52,045",,,,"51,343",46.5,"29,233 50.1",,,"22,109",42.5
TAITA/TAVETA,"312,593 158,230 154,357",,,,"171,763",54.9,"88,074 55.7",,,"83,685",54.2
MWATATE,"76,078 38,672 37,404",,,,"41,998",55.2,"21,648 56.0",,,"20,350",54.4
TAITA,"52,345 26,495 25,850",,,,"29,374",56.1,"14,950 56.4",,,"14,424",55.8
TAVETA,"82,789 42,548 40,241",,,,"41,736",50.4,"21,994 51.7",,,"19,742",49.1
VOI,"101,381 50,515 50,862",,,,"58,655",57.9,"29,482 58.4",,,"29,169",57.3
GARISSA,"778,006 425,411 352,563",,,,"235,692",30.3,"125,700 29.5",,,"109,984",31.2
BALAMBALA,"30,885 19,392 11,492",,,,"7,045",22.8,"4,328 22.3",,,"2,717",23.6
DADAAB,"171,529 91,581 79,942",,,,"46,627",27.2,"24,379 26.6",,,"22,246",27.8
FAFI,"123,861 67,143 56,708",,,,"27,445",22.2,"14,751 22.0",,,"12,692",22.4
GARISSA SUBCOUNTY,"148,891 75,234 73,652",,,,"60,270",40.5,"29,841 39.7",,,"30,427",41.3
HULUGHO,"124,947 73,417 51,525",,,,"44,304",35.5,"25,250 34.4",,,"19,053",37
IJARA,"131,571 75,484 56,083",,,,"36,814",28,"20,397 27.0",,,"16,417",29.3
LAGDERA,"46,322 23,160 23,161",,,,"13,187",28.5,"6,754 29.2",,,"6,432",27.8
WAJIR,"711,571 379,557 331,969",,,,"198,693",27.9,"105,559 27.8",,,"93,128",28.1
BUNA,"44,083 23,847 20,234",,,,"9,894",22.4,"5,300 22.2",,,"4,594",22.7
ELDAS,"82,187 41,866 40,314",,,,"21,286",25.9,"11,302 27.0",,,"9,982",24.8
HABASWEIN,"158,790 86,244 72,531",,,,"55,778",35.1,"29,614 34.3",,,"26,164",36.1
TARBAJ,"50,653 24,262 26,386",,,,"9,359",18.5,"4,710 19.4",,,"4,649",17.6
WAJIR EAST,"101,247 54,136 47,109",,,,"33,610",33.2,"17,987 33.2",,,"15,622",33.2
WAJIR NORTH,"55,799 28,905 26,888",,,,"14,282",25.6,"7,446 25.8",,,"6,835",25.4
WAJIR SOUTH,"107,634 60,030 47,602",,,,"30,221",28.1,"16,533 27.5",,,"13,688",28.8
WAJIR WEST,"111,178 60,267 50,905",,,,"24,263",21.8,"12,667 21.0",,,"11,594",22.8
MANDERA,"775,085 391,182 383,873",,,,"196,119",25.3,"98,094 25.1",,,"98,018",25.5
MANDERA WEST,"86,713 42,666 44,045",,,,"18,341",21.2,"8,963 21.0",,,"9,378",21.3
BANISA,"135,664 70,366 65,291",,,,"27,866",20.5,"14,124 20.1",,,"13,741",21
KOTULO,"63,722 31,894 31,826",,,,"18,955",29.7,"9,601 30.1",,,"9,352",29.4
LAFEY,"74,593 36,424 38,164",,,,"19,447",26.1,"9,564 26.3",,,"9,883",25.9
MANDERA CENTRAL,"140,725 64,682 76,039",,,,"38,536",27.4,"18,360 28.4",,,"20,175",26.5
MANDERA EAST,"144,168 75,335 68,829",,,,"46,607",32.3,"23,984 31.8",,,"22,620",32.9
MANDERA NORTH,"129,500 69,815 59,679",,,,"26,367",20.4,"13,498 19.3",,,"12,869",21.6
MARSABIT,"409,629 215,220 194,392",,,,"118,593",29,"62,775 29.2",,,"55,815",28.7
LOIYANGALANI,"31,574 15,401 16,171",,,,"7,210",22.8,"3,531 22.9",,,"3,678",22.7
MARSABIT CENTRAL,"71,619 36,892 34,716",,,,"27,841",38.9,"14,913 40.4",,,"12,928",37.2
MARSABIT NORTH,"45,650 24,849 20,800",,,,"15,360",33.6,"8,352 33.6",,,"7,008",33.7
MARSABIT SOUTH,"59,493 30,146 29,347",,,,"14,936",25.1,"7,268 24.1",,,"7,668",26.1
MOYALE,"97,766 50,613 47,152",,,,"30,148",30.8,"15,904 31.4",,,"14,243",30.2
NORTH HORR,"62,863 35,980 26,881",,,,"14,025",22.3,"7,842 21.8",,,"6,182",23
SOLOLO,"40,664 21,339 19,325",,,,"9,073",22.3,"4,965 23.3",,,"4,108",21.3
ISIOLO,"245,462 128,141 117,317",,,,"93,772",38.2,"49,650 38.7",,,"44,122",37.6
GARBATULLA,"92,227 50,808 41,418",,,,"28,619",31,"15,983 31.5",,,"12,636",30.5
ISIOLO SUBCOUNTY,"110,631 55,148 55,483",,,,"51,064",46.2,"26,035 47.2",,,"25,029",45.1
MERTI,"42,604 22,185 20,416",,,,"14,089",33.1,"7,632 34.4",,,"6,457",31.6
MERU,"1,436,400 711,224 725,139",,,,"723,173",50.3,"364,131 51.2",,,"359,025",49.5
BUURI EAST,"71,784 35,691 36,093",,,,"42,922",59.8,"21,216 59.4",,,"21,706",60.1
BUURI WEST,"75,344 37,726 37,616",,,,"45,598",60.5,"22,927 60.8",,,"22,669",60.3
IGEMBE CENTRAL,"204,412 102,059 102,349",,,,"86,229",42.2,"45,004 44.1",,,"41,224",40.3
IGEMBE NORTH,"156,536 76,912 79,620",,,,"59,260",37.9,"30,937 40.2",,,"28,322",35.6
IGEMBE SOUTH,"149,522 74,030 75,484",,,,"68,964",46.1,"35,519 48.0",,,"33,443",44.3
IMENTI NORTH,"162,829 80,497 82,328",,,,"104,428",64.1,"51,268 63.7",,,"53,157",64.6
IMENTI SOUTH,"193,742 96,744 96,993",,,,"114,730",59.2,"57,067 59.0",,,"57,659",59.4
MERU CENTRAL,"125,670 62,757 62,910",,,,"71,605",57,"35,980 57.3",,,"35,623",56.6
TIGANIA CENTRAL,"97,405 48,073 49,332",,,,"39,876",40.9,"20,704 43.1",,,"19,172",38.9
TIGANIA EAST,"67,622 32,914 34,705",,,,"27,824",41.1,"13,628 41.4",,,"14,196",40.9
TIGANIA WEST,"130,798 63,209 67,585",,,,"61,200",46.8,"29,433 46.6",,,"31,765",47
MERU NATIONAL PARK,294 219 75,,,,251,85.4,197 90.0,,,54,72
MT. KENYA FOREST ,442 393 49,,,,286,64.7,251 63.9,,,35,71.4
THARAKA-NITHI,"367,574 180,692 186,875",,,,"188,394",51.3,"93,265 51.6",,,"95,125",50.9
IGAMBANG'OMBE,"49,368 24,367 25,000",,,,"23,138",46.9,"11,566 47.5",,,"11,571",46.3
MAARA,"108,517 54,491 54,026",,,,"62,921",58,"31,246 57.3",,,"31,675",58.6
MERU SOUTH,"85,236 41,988 43,246",,,,"51,994",61,"25,381 60.4",,,"26,612",61.5
THARAKA NORTH,"54,321 26,290 28,029",,,,"20,006",36.8,"10,344 39.3",,,"9,661",34.5
THARAKA SOUTH,"69,972 33,482 36,488",,,,"30,200",43.2,"14,668 43.8",,,"15,531",42.6
MT. KENYA FOREST,160 74 86,,,,135,84.4,60 81.1,,,75,87.2
EMBU,"568,228 283,024 285,182",,,,"323,700",57,"159,715 56.4",,,"163,970",57.5
EMBU EAST,"122,079 60,807 61,270",,,,"70,942",58.1,"34,622 56.9",,,"36,318",59.3
EMBU NORTH,"75,194 37,443 37,748",,,,"44,732",59.5,"21,931 58.6",,,"22,799",60.4
EMBU WEST,"116,797 57,297 59,491",,,,"76,974",65.9,"37,269 65.0",,,"39,697",66.7
MBEERE SOUTH,"152,697 77,699 74,993",,,,"80,789",52.9,"41,124 52.9",,,"39,662",52.9
MBEERE NORTH,"101,440 49,760 51,677",,,,"50,242",49.5,"24,751 49.7",,,"25,491",49.3
MT. KENYA FOREST,21 18 3,,,,21,100,18 100.0,,,3,100
KITUI,"1,056,907 508,247 548,634",,,,"452,948",42.9,"210,760 41.5",,,"242,178",44.1
IKUTHA,"77,563 37,282 40,281",,,,"28,363",36.6,"13,056 35.0",,,"15,307",38
KATULANI,"44,328 21,770 22,557",,,,"21,392",48.3,"10,100 46.4",,,"11,291",50.1
KISASI,"43,226 21,140 22,086",,,,"18,824",43.5,"8,707 41.2",,,"10,117",45.8
KITUI CENTRAL,"97,406 47,435 49,968",,,,"53,137",54.6,"25,179 53.1",,,"27,955",55.9
KITUI WEST,"66,202 31,558 34,643",,,,"32,561",49.2,"14,822 47.0",,,"17,739",51.2
KYUSO,"71,052 33,864 37,187",,,,"27,089",38.1,"12,630 37.3",,,"14,459",38.9
LOWER YATTA,"59,184 29,535 29,649",,,,"27,203",46,"13,333 45.1",,,"13,870",46.8
MATINYANI,"44,779 21,869 22,909",,,,"21,678",48.4,"10,140 46.4",,,"11,538",50.4
MIGWANI,"73,803 34,807 38,993",,,,"35,851",48.6,"16,067 46.2",,,"19,782",50.7
MUMONI,"27,319 12,732 14,587",,,,"10,778",39.5,"4,910 38.6",,,"5,868",40.2
MUTITU,"51,464 24,422 27,040",,,,"17,394",33.8,"7,976 32.7",,,"9,418",34.8
MUTITU NORTH,"19,815 9,620 10,194",,,,"8,288",41.8,"3,832 39.8",,,"4,456",43.7
MUTOMO,"105,422 50,656 54,761",,,,"36,746",34.9,"17,104 33.8",,,"19,640",35.9
MWINGI CENTRAL,"100,501 48,132 52,369",,,,"46,029",45.8,"21,262 44.2",,,"24,767",47.3
MWINGI EAST,"79,205 37,382 41,818",,,,"29,666",37.5,"13,296 35.6",,,"16,368",39.1
NZAMBANI,"43,682 21,356 22,324",,,,"19,950",45.7,"9,479 44.4",,,"10,471",46.9
THAGICU,"14,025 6,591 7,433",,,,"4,857",34.6,"2,407 36.5",,,"2,450",33
TSEIKURU,"37,931 18,096 19,835",,,,"13,142",34.6,"6,460 35.7",,,"6,682",33.7
MACHAKOS,"1,327,172 661,982 665,162",,,,"748,673",56.4,"366,764 55.4",,,"381,894",57.4
ATHI RIVER,"295,790 150,511 145,277",,,,"204,354",69.1,"105,551 70.1",,,"98,802",68
KALAMA,"51,542 25,273 26,264",,,,"26,890",52.2,"12,743 50.4",,,"14,144",53.9
KANGUNDO,"92,505 45,935 46,569",,,,"48,955",52.9,"23,248 50.6",,,"25,706",55.2
KATHIANI,"105,562 51,709 53,849",,,,"52,849",50.1,"24,824 48.0",,,"28,023",52
MACHAKOS SUBCOUNTY,"158,036 78,763 79,267",,,,"97,746",61.9,"47,906 60.8",,,"49,837",62.9
MASINGA,"138,933 68,657 70,274",,,,"66,702",48,"31,700 46.2",,,"35,001",49.8
MATUNGULU,"151,535 76,123 75,408",,,,"81,182",53.6,"39,864 52.4",,,"41,316",54.8
MWALA,"171,999 85,399 86,597",,,,"88,158",51.3,"41,675 48.8",,,"46,482",53.7
YATTA,"161,270 79,612 81,657",,,,"81,837",50.7,"39,253 49.3",,,"42,583",52.1
MAKUENI,"921,168 453,946 467,204",,,,"451,528",49,"217,271 47.9",,,"234,251",50.1
KATHONZWENI,"74,893 36,846 38,044",,,,"36,271",48.4,"17,312 47.0",,,"18,957",49.8
KIBWEZI,"182,688 90,350 92,334",,,,"83,492",45.7,"40,466 44.8",,,"43,024",46.6
KILUNGU,"57,412 27,241 30,170",,,,"26,387",46,"12,116 44.5",,,"14,271",47.3
MAKINDU,"78,427 38,462 39,965",,,,"38,603",49.2,"18,435 47.9",,,"20,168",50.5
MAKUENI SUBCOUNTY,"121,484 60,589 60,893",,,,"66,350",54.6,"32,712 54.0",,,"33,638",55.2
MBOONI EAST,"92,210 45,311 46,896",,,,"45,517",49.4,"21,318 47.0",,,"24,199",51.6
MBOONI WEST,"96,464 46,405 50,058",,,,"45,536",47.2,"20,880 45.0",,,"24,655",49.3
MUKAA,"100,143 50,574 49,569",,,,"52,311",52.2,"26,394 52.2",,,"25,917",52.3
NZAUI,"117,447 58,168 59,275",,,,"57,061",48.6,"27,638 47.5",,,"29,422",49.6
NYANDARUA,"594,649 292,917 301,715",,,,"327,013",55,"158,844 54.2",,,"168,160",55.7
KINANGOP,"103,793 50,836 52,953",,,,"56,632",54.6,"27,314 53.7",,,"29,315",55.4
NYANDARUA SOUTH,"87,189 42,802 44,384",,,,"48,101",55.2,"23,287 54.4",,,"24,811",55.9
MIRANGINE,"62,731 31,220 31,510",,,,"32,150",51.3,"15,958 51.1",,,"16,192",51.4
KIPIPIRI,"87,881 43,161 44,718",,,,"45,878",52.2,"22,316 51.7",,,"23,561",52.7
NYANDARUA CENTRAL,"69,596 34,508 35,087",,,,"39,309",56.5,"19,249 55.8",,,"20,060",57.2
NYANDARUA WEST,"91,217 45,240 45,973",,,,"52,899",58,"25,734 56.9",,,"27,164",59.1
NYANDARUA NORTH,"92,228 45,140 47,086",,,,"52,030",56.4,"24,976 55.3",,,"27,053",57.5
ABERDARE NATIONAL PARK,14 10 4,,,,14,100,10 100.0,,,4,100
NYERI,"709,353 348,266 361,061",,,,"454,881",64.1,"220,124 63.2",,,"234,736",65
TETU,"75,931 37,083 38,846",,,,"48,081",63.3,"23,044 62.1",,,"25,035",64.4
KIENI EAST,"102,812 51,442 51,366",,,,"65,100",63.3,"32,554 63.3",,,"32,542",63.4
KIENI WEST,"82,829 41,026 41,798",,,,"49,810",60.1,"24,457 59.6",,,"25,348",60.6
MATHIRA EAST,"93,027 44,995 48,029",,,,"61,687",66.3,"29,394 65.3",,,"32,290",67.2
MATHIRA WEST,"56,676 27,860 28,813",,,,"35,719",63,"17,067 61.3",,,"18,649",64.7
NYERI SOUTH,"85,827 41,443 44,383",,,,"54,067",63,"25,610 61.8",,,"28,457",64.1
MUKURWE-INI,"83,933 41,386 42,541",,,,"51,594",61.5,"24,717 59.7",,,"26,873",63.2
NYERI CENTRAL,"128,041 62,843 65,196",,,,"88,599",69.2,"43,125 68.6",,,"45,474",69.7
MT. KENYA FOREST,178 118 60,,,,132,74.2,92 78.0,,,40,66.7
ABERDARE FOREST,99 70 29,,,,92,92.9,64 91.4,,,28,96.6
KIRINYAGA,"571,312 281,556 289,729",,,,"350,182",61.3,"171,114 60.8",,,"179,053",61.8
KIRINYAGA CENTRAL,"114,807 55,919 58,884",,,,"73,218",63.8,"35,262 63.1",,,"37,954",64.5
KIRINYAGA EAST,"127,964 63,267 64,689",,,,"79,263",61.9,"38,951 61.6",,,"40,306",62.3
KIRINYAGA WEST,"107,763 52,630 55,129",,,,"66,314",61.5,"31,850 60.5",,,"34,463",62.5
MWEA EAST,"122,344 60,740 61,598",,,,"74,416",60.8,"36,804 60.6",,,"37,608",61.1
MWEA WEST,"98,400 48,976 49,419",,,,"56,940",57.9,"28,224 57.6",,,"28,714",58.1
MT. KENYA FOREST,34 24 10,,,,31,91.2,23 95.8,,,8,80
MURANG'A,"988,224 488,689 499,505",,,,"567,538",57.4,"274,225 56.1",,,"293,301",58.7
MURANG'A EAST,"101,606 49,826 51,779",,,,"62,035",61.1,"29,618 59.4",,,"32,417",62.6
KANGEMA,"75,668 37,165 38,500",,,,"45,821",60.6,"21,719 58.4",,,"24,101",62.6
MATHIOYA,"87,438 42,738 44,699",,,,"50,686",58,"23,916 56.0",,,"26,770",59.9
KAHURO,"83,338 40,864 42,467",,,,"48,925",58.7,"23,155 56.7",,,"25,767",60.7
MURANG'A SOUTH,"172,158 85,252 86,901",,,,"97,115",56.4,"47,344 55.5",,,"49,768",57.3
GATANGA,"175,723 88,134 87,586",,,,"99,119",56.4,"49,053 55.7",,,"50,064",57.2
KIGUMO,"128,481 63,728 64,750",,,,"72,183",56.2,"35,047 55.0",,,"37,135",57.4
KANDARA,"163,770 80,952 82,811",,,,"91,619",55.9,"44,347 54.8",,,"47,270",57.1
ABERDARE FOREST,42 30 12,,,,35,83.3,26 86.7,,,9,75
KIAMBU,"2,231,514 1,092,380 1,139,012",,,,"1,473,583",66,"716,399 65.6",,,"757,094",66.5
GATUNDU NORTH,"102,915 50,634 52,279",,,,"59,090",57.4,"28,435 56.2",,,"30,653",58.6
GATUNDU SOUTH,"114,575 56,630 57,941",,,,"67,388",58.8,"32,708 57.8",,,"34,678",59.9
GITHUNGURI,"155,046 76,874 78,164",,,,"94,071",60.7,"45,966 59.8",,,"48,100",61.5
JUJA,"277,171 136,491 140,658",,,,"188,618",68.1,"92,961 68.1",,,"95,637",68
KABETE,"184,688 90,196 94,478",,,,"126,101",68.3,"60,993 67.6",,,"65,095",68.9
KIAMBAA,"218,165 106,623 111,530",,,,"147,894",67.8,"71,868 67.4",,,"76,019",68.2
KIAMBU SUBCOUNTY,"133,949 63,471 70,464",,,,"92,466",69,"43,173 68.0",,,"49,283",69.9
KIKUYU,"172,833 83,603 89,226",,,,"118,008",68.3,"56,334 67.4",,,"61,670",69.1
LARI,"125,884 62,427 63,454",,,,"72,101",57.3,"35,597 57.0",,,"36,504",57.5
LIMURU,"147,004 73,445 73,559",,,,"91,077",62,"45,490 61.9",,,"45,587",62
RUIRU,"340,681 165,256 175,406",,,,"238,845",70.1,"115,925 70.1",,,"122,906",70.1
THIKA EAST,"35,971 18,224 17,743",,,,"21,836",60.7,"11,114 61.0",,,"10,719",60.4
THIKA WEST,"222,632 108,506 114,110",,,,"156,088",70.1,"75,835 69.9",,,"80,243",70.3
TURKANA,"851,797 439,467 412,311",,,,"141,432",16.6,"79,015 18.0",,,"62,417",15.1
KIBISH,"33,611 17,046 16,564",,,,"1,984",5.9,"1,114 6.5",,,870,5.3
LOIMA,"98,183 49,440 48,743",,,,"10,405",10.6,"5,991 12.1",,,"4,414",9.1
TURKANA CENTRAL,"166,135 82,906 83,229",,,,"46,066",27.7,"25,155 30.3",,,"20,911",25.1
TURKANA EAST,"130,834 72,914 57,908",,,,"17,271",13.2,"9,787 13.4",,,"7,484",12.9
TURKANA NORTH,"59,378 29,770 29,608",,,,"7,427",12.5,"4,280 14.4",,,"3,147",10.6
TURKANA SOUTH,"142,538 72,846 69,688",,,,"26,076",18.3,"14,437 19.8",,,"11,639",16.7
TURKANA WEST,"221,118 114,545 106,571",,,,"32,203",14.6,"18,251 15.9",,,"13,952",13.1
WEST POKOT,"553,584 272,728 280,844",,,,"116,990",21.1,"67,674 24.8",,,"49,315",17.6
KIPKOMO,"91,581 45,307 46,268",,,,"20,782",22.7,"12,001 26.5",,,"8,780",19
POKOT CENTRAL,"106,071 53,164 52,905",,,,"16,135",15.2,"10,306 19.4",,,"5,829",11
POKOT NORTH,"118,673 56,999 61,672",,,,"17,472",14.7,"10,912 19.1",,,"6,560",10.6
POKOT SOUTH,"72,458 35,681 36,775",,,,"18,526",25.6,"10,205 28.6",,,"8,321",22.6
WEST POKOT SUBCOUNTY,"164,801 81,577 83,224",,,,"44,075",26.7,"24,250 29.7",,,"19,825",23.8
SAMBURU,"279,891 141,072 138,814",,,,"76,156",27.2,"39,751 28.2",,,"36,404",26.2
SAMBURU CENTRAL,"149,358 75,738 73,618",,,,"44,521",29.8,"23,407 30.9",,,"21,113",28.7
SAMBURU EAST,"69,944 34,048 35,896",,,,"18,787",26.9,"9,676 28.4",,,"9,111",25.4
SAMBURU NORTH,"60,589 31,286 29,300",,,,"12,848",21.2,"6,668 21.3",,,"6,180",21.1
TRANS NZOIA,"911,209 448,487 462,701",,,,"367,752",40.4,"184,029 41.0",,,"183,716",39.7
TRANS NZOIA WEST,"184,140 91,254 92,883",,,,"76,724",41.7,"39,466 43.2",,,"37,257",40.1
TRANS NZOIA EAST,"212,422 104,721 107,693",,,,"85,493",40.2,"42,115 40.2",,,"43,376",40.3
KWANZA,"188,466 92,532 95,931",,,,"73,829",39.2,"36,704 39.7",,,"37,123",38.7
ENDEBESS,"102,457 51,455 50,999",,,,"31,396",30.6,"17,335 33.7",,,"14,061",27.6
KIMININI,"223,724 108,525 115,195",,,,"100,310",44.8,"48,409 44.6",,,"51,899",45.1
UASIN GISHU,"1,070,335 531,769 538,543",,,,"549,746",51.4,"274,986 51.7",,,"274,746",51
AINABKOI,"127,533 62,850 64,683",,,,"67,016",52.5,"33,157 52.8",,,"33,859",52.3
KAPSERET,"182,852 91,412 91,436",,,,"108,149",59.1,"54,903 60.1",,,"53,243",58.2
KESSES,"137,814 68,811 69,000",,,,"65,210",47.3,"32,655 47.5",,,"32,553",47.2
MOIBEN,"165,378 81,639 83,737",,,,"85,679",51.8,"42,523 52.1",,,"43,155",51.5
SOY,"211,662 105,136 106,521",,,,"96,027",45.4,"47,995 45.7",,,"48,029",45.1
TURBO,"245,096 121,921 123,166",,,,"127,665",52.1,"63,753 52.3",,,"63,907",51.9
ELGEYO/MARAKWET,"418,765 209,151 209,602",,,,"157,287",37.6,"80,892 38.7",,,"76,391",36.4
KEIYO NORTH,"91,430 45,566 45,863",,,,"38,134",41.7,"19,471 42.7",,,"18,663",40.7
KEIYO SOUTH,"112,236 56,593 55,639",,,,"46,433",41.4,"24,089 42.6",,,"22,341",40.2
MARAKWET EAST,"88,986 43,796 45,188",,,,"26,787",30.1,"13,644 31.2",,,"13,142",29.1
MARAKWET WEST,"126,113 63,196 62,912",,,,"45,933",36.4,"23,688 37.5",,,"22,245",35.4
NANDI,"822,163 408,980 413,163",,,,"349,824",42.5,"177,222 43.3",,,"172,595",41.8
CHESUMEI,"152,235 75,011 77,221",,,,"72,442",47.6,"35,685 47.6",,,"36,755",47.6
NANDI CENTRAL,"136,533 67,514 69,013",,,,"60,345",44.2,"30,134 44.6",,,"30,208",43.8
NANDI EAST,"110,834 55,676 55,155",,,,"50,026",45.1,"26,147 47.0",,,"23,879",43.3
NANDI NORTH,"154,455 76,585 77,867",,,,"63,310",41,"31,664 41.3",,,"31,646",40.6
NANDI SOUTH,"160,898 79,744 81,151",,,,"64,435",40,"32,198 40.4",,,"32,235",39.7
TINDERET,"107,208 54,450 52,756",,,,"39,266",36.6,"21,394 39.3",,,"17,872",33.9
BARINGO,"609,555 306,702 302,842",,,,"213,483",35,"110,090 35.9",,,"103,390",34.1
BARINGO CENTRAL,"89,180 44,084 45,096",,,,"40,878",45.8,"20,233 45.9",,,"20,645",45.8
BARINGO NORTH,"96,670 48,209 48,459",,,,"35,400",36.6,"17,780 36.9",,,"17,619",36.4
EAST POKOT,"73,135 36,951 36,182",,,,"8,107",11.1,"4,877 13.2",,,"3,230",8.9
KOIBATEK,"119,478 59,953 59,523",,,,"56,506",47.3,"28,589 47.7",,,"27,917",46.9
MARIGAT,"80,968 40,463 40,502",,,,"28,457",35.1,"14,825 36.6",,,"13,630",33.7
MOGOTIO,"83,716 42,194 41,520",,,,"34,111",40.7,"17,560 41.6",,,"16,551",39.9
TIATY EAST,"66,408 34,848 31,560",,,,"10,024",15.1,"6,226 17.9",,,"3,798",12
LAIKIPIA,"475,756 236,702 239,042",,,,"245,189",51.5,"122,502 51.8",,,"122,681",51.3
LAIKIPIA CENTRAL,"89,229 44,606 44,623",,,,"53,589",60.1,"26,486 59.4",,,"27,103",60.7
LAIKIPIA EAST,"93,683 46,952 46,726",,,,"55,501",59.2,"28,290 60.3",,,"27,208",58.2
LAIKIPIA NORTH,"32,310 16,107 16,202",,,,"9,188",28.4,"4,899 30.4",,,"4,289",26.5
LAIKIPIA WEST,"117,836 59,138 58,695",,,,"49,603",42.1,"25,448 43.0",,,"24,153",41.2
NYAHURURU,"142,698 69,899 72,796",,,,"77,308",54.2,"37,379 53.5",,,"39,928",54.8
NAKURU,"1,981,598 982,910 998,603",,,,"1,044,389",52.7,"519,165 52.8",,,"525,173",52.6
GILGIL,"169,516 84,928 84,581",,,,"93,348",55.1,"46,805 55.1",,,"46,538",55
KURESOI NORTH,"161,409 80,563 80,843",,,,"62,506",38.7,"31,985 39.7",,,"30,520",37.8
KURESOI SOUTH,"142,631 71,731 70,897",,,,"55,559",39,"29,092 40.6",,,"26,466",37.3
MOLO,"144,889 72,141 72,743",,,,"69,282",47.8,"34,264 47.5",,,"35,015",48.1
NAIVASHA,"322,714 161,071 161,617",,,,"191,464",59.3,"96,400 59.8",,,"95,046",58.8
NAKURU EAST,"176,055 83,491 92,556",,,,"113,710",64.6,"52,983 63.5",,,"60,720",65.6
NAKURU NORTH,"201,190 97,573 103,602",,,,"113,833",56.6,"53,994 55.3",,,"59,832",57.8
NAKURU WEST,"179,490 91,321 88,159",,,,"109,704",61.1,"57,235 62.7",,,"52,463",59.5
NJORO,"220,036 109,028 111,005",,,,"100,517",45.7,"49,721 45.6",,,"50,794",45.8
RONGAI,"184,553 92,132 92,417",,,,"95,905",52,"48,049 52.2",,,"47,855",51.8
SUBUKIA,"79,115 38,931 40,183",,,,"38,561",48.7,"18,637 47.9",,,"19,924",49.6
NAROK,"1,044,966 520,523 524,419",,,,"358,031",34.3,"188,267 36.2",,,"169,753",32.4
NAROK EAST,"104,856 53,336 51,513",,,,"36,567",34.9,"19,864 37.2",,,"16,701",32.4
NAROK NORTH,"227,649 115,452 112,188",,,,"96,519",42.4,"51,329 44.5",,,"45,185",40.3
NAROK SOUTH,"215,493 106,882 108,609",,,,"64,675",30,"33,929 31.7",,,"30,745",28.3
NAROK WEST,"171,981 84,283 87,696",,,,"52,837",30.7,"26,532 31.5",,,"26,304",30
TRANS MARA EAST,"102,459 50,134 52,324",,,,"28,492",27.8,"14,891 29.7",,,"13,601",26
TRANS MARA WEST,"222,496 110,408 112,085",,,,"78,909",35.5,"41,694 37.8",,,"37,213",33.2
MAU FOREST,32 28 4,,,,32,100,28 100.0,,,4,100
KAJIADO,"1,016,058 504,023 512,004",,,,"554,416",54.6,"280,391 55.6",,,"274,007",53.5
ISINYA,"191,272 95,366 95,900",,,,"129,437",67.7,"65,588 68.8",,,"63,843",66.6
KAJIADO CENTRAL,"145,212 72,629 72,580",,,,"61,449",42.3,"31,943 44.0",,,"29,506",40.7
KAJIADO NORTH,"282,534 138,169 144,354",,,,"194,776",68.9,"95,675 69.2",,,"99,092",68.6
KAJIADO WEST,"165,055 82,432 82,618",,,,"71,451",43.3,"37,198 45.1",,,"34,252",41.5
LOITOKITOK,"173,159 85,227 87,927",,,,"67,674",39.1,"34,380 40.3",,,"33,292",37.9
MASHUURU,"58,826 30,200 28,625",,,,"29,629",50.4,"15,607 51.7",,,"14,022",49
KERICHO,"834,061 415,734 418,300",,,,"362,367",43.4,"187,336 45.1",,,"175,019",41.8
BELGUT,"135,941 67,923 68,018",,,,"63,341",46.6,"32,471 47.8",,,"30,870",45.4
BURETI,"185,127 91,535 93,587",,,,"80,362",43.4,"40,855 44.6",,,"39,505",42.2
KERICHO EAST,"156,786 79,013 77,766",,,,"77,548",49.5,"40,799 51.6",,,"36,745",47.3
KIPKELION,"112,279 55,954 56,321",,,,"41,504",37,"22,063 39.4",,,"19,440",34.5
LONDIANI,"126,773 62,955 63,808",,,,"54,905",43.3,"27,819 44.2",,,"27,082",42.4
SOIN SIGOWET,"117,155 58,354 58,800",,,,"44,707",38.2,"23,329 40.0",,,"21,377",36.4
BOMET,"810,122 400,694 409,407",,,,"331,415",40.9,"166,746 41.6",,,"164,663",40.2
BOMET EAST,"132,732 65,185 67,541",,,,"50,286",37.9,"24,535 37.6",,,"25,750",38.1
CHEPALUNGU,"152,423 73,652 78,767",,,,"57,580",37.8,"27,485 37.3",,,"30,094",38.2
KONOIN,"152,161 77,411 74,747",,,,"66,620",43.8,"35,439 45.8",,,"31,180",41.7
SOTIK,"211,301 103,882 107,415",,,,"87,112",41.2,"43,427 41.8",,,"43,684",40.7
BOMET CENTRAL,"161,505 80,564 80,937",,,,"69,817",43.2,"35,860 44.5",,,"33,955",42
KAKAMEGA,"1,732,145 828,945 903,166",,,,"708,904",40.9,"334,786 40.4",,,"374,106",41.4
BUTERE,"143,388 68,366 75,019",,,,"57,206",39.9,"26,531 38.8",,,"30,674",40.9
KAKAMEGA CENTRAL,"173,048 84,569 88,477",,,,"92,062",53.2,"45,545 53.9",,,"46,516",52.6
KAKAMEGA EAST,"155,365 74,398 80,963",,,,"65,785",42.3,"30,431 40.9",,,"35,351",43.7
KAKAMEGA NORTH,"221,048 106,855 114,188",,,,"87,449",39.6,"42,499 39.8",,,"44,950",39.4
KAKAMEGA SOUTH,"104,341 49,548 54,793",,,,"44,340",42.5,"20,085 40.5",,,"24,255",44.3
KHWISERO,"106,001 49,957 56,041",,,,"43,719",41.2,"19,481 39.0",,,"24,237",43.2
LIKUYANI,"141,338 68,337 72,998",,,,"60,025",42.5,"28,184 41.2",,,"31,841",43.6
LUGARI,"114,040 54,848 59,192",,,,"48,533",42.6,"22,774 41.5",,,"25,759",43.5
MATETE,"61,383 29,404 31,979",,,,"22,543",36.7,"10,695 36.4",,,"11,848",37
MATUNGU,"154,460 72,733 81,724",,,,"52,927",34.3,"25,003 34.4",,,"27,923",34.2
MUMIAS EAST,"108,468 51,751 56,714",,,,"41,226",38,"19,660 38.0",,,"21,565",38
MUMIAS WEST,"106,473 50,529 55,943",,,,"43,070",40.5,"20,175 39.9",,,"22,894",40.9
NAVAKHOLO,"142,792 67,650 75,135",,,,"50,019",35,"23,723 35.1",,,"26,293",35
VIHIGA,"550,070 263,949 286,112",,,,"237,122",43.1,"107,137 40.6",,,"129,981",45.4
EMUHAYA,"90,814 43,383 47,430",,,,"37,743",41.6,"16,835 38.8",,,"20,907",44.1
VIHIGA SUBCOUNTY,"88,664 42,455 46,207",,,,"39,796",44.9,"17,984 42.4",,,"21,811",47.2
SABATIA,"122,708 58,591 64,116",,,,"54,759",44.6,"24,706 42.2",,,"30,053",46.9
LUANDA,"98,821 47,692 51,127",,,,"42,679",43.2,"19,496 40.9",,,"23,181",45.3
HAMISI,"149,047 71,816 77,228",,,,"62,129",41.7,"28,104 39.1",,,"34,025",44.1
KAKAMEGA FOREST,16 12 4,,,,16,100,12 100.0,,,4,100
BUNGOMA,"1,538,767 745,883 792,851",,,,"566,662",36.8,"279,377 37.5",,,"287,279",36.2
BUMULA,"199,499 95,312 104,186",,,,"66,127",33.1,"32,213 33.8",,,"33,914",32.6
BUNGOMA CENTRAL,"163,799 79,315 84,477",,,,"60,206",36.8,"29,858 37.6",,,"30,346",35.9
BUNGOMA EAST,"106,122 51,497 54,623",,,,"41,818",39.4,"20,200 39.2",,,"21,618",39.6
BUNGOMA NORTH,"111,891 54,098 57,792",,,,"42,855",38.3,"20,312 37.5",,,"22,543",39
BUNGOMA SOUTH,"263,411 126,979 136,427",,,,"114,051",43.3,"56,434 44.4",,,"57,615",42.2
CHEPTAIS,"124,273 61,904 62,363",,,,"33,782",27.2,"18,500 29.9",,,"15,281",24.5
KIMILILI,"149,814 72,387 77,424",,,,"56,147",37.5,"27,121 37.5",,,"29,025",37.5
MT. ELGON,"72,721 35,916 36,802",,,,"22,492",30.9,"11,818 32.9",,,"10,674",29
BUNGOMA WEST,"110,636 53,608 57,027",,,,"37,875",34.2,"18,841 35.1",,,"19,034",33.4
TONGAREN,"92,891 44,960 47,930",,,,"36,289",39.1,"17,123 38.1",,,"19,166",40
WEBUYE WEST,"140,446 68,209 72,234",,,,"54,406",38.7,"26,541 38.9",,,"27,865",38.6
MT. ELGON FOREST,"3,264 1,698 1,566",,,,614,18.8,416 24.5,,,198,12.6
BUSIA,"820,788 388,748 432,013",,,,"315,440",38.4,"152,005 39.1",,,"163,428",37.8
BUNYALA,"79,588 38,196 41,391",,,,"31,819",40,"15,534 40.7",,,"16,284",39.3
BUSIA SUBCOUNTY,"128,002 60,908 67,093",,,,"54,250",42.4,"26,484 43.5",,,"27,766",41.4
BUTULA,"129,739 59,856 69,880",,,,"47,956",37,"21,260 35.5",,,"26,693",38.2
NAMBALE,"103,180 48,653 54,523",,,,"38,074",36.9,"18,040 37.1",,,"20,032",36.7
SAMIA,"99,108 46,819 52,275",,,,"39,683",40,"19,015 40.6",,,"20,668",39.5
TESO NORTH,"126,387 60,543 65,842",,,,"46,335",36.7,"23,115 38.2",,,"23,220",35.3
TESO SOUTH,"154,784 73,773 81,009",,,,"57,323",37,"28,557 38.7",,,"28,765",35.5
SIAYA,"919,461 434,630 484,814",,,,"405,688",44.1,"184,736 42.5",,,"220,943",45.6
SIAYA SUBCOUNTY,"207,196 97,050 110,142",,,,"92,051",44.4,"41,490 42.8",,,"50,558",45.9
GEM,"166,766 79,237 87,525",,,,"72,586",43.5,"33,012 41.7",,,"39,573",45.2
UGENYA,"125,274 58,138 67,132",,,,"52,181",41.7,"22,497 38.7",,,"29,681",44.2
UGUNJA,"96,903 45,246 51,657",,,,"42,988",44.4,"19,163 42.4",,,"23,825",46.1
BONDO,"181,834 87,903 93,928",,,,"84,976",46.7,"40,768 46.4",,,"44,207",47.1
RARIEDA,"141,488 67,056 74,430",,,,"60,906",43,"27,806 41.5",,,"33,099",44.5
KISUMU,"1,061,224 511,739 549,465",,,,"524,515",49.4,"252,715 49.4",,,"271,786",49.5
KISUMU EAST,"202,479 99,157 103,318",,,,"109,698",54.2,"54,850 55.3",,,"54,845",53.1
KISUMU CENTRAL,"158,191 75,722 82,465",,,,"97,762",61.8,"47,358 62.5",,,"50,402",61.1
KISUMU WEST,"157,473 76,922 80,548",,,,"78,440",49.8,"38,598 50.2",,,"39,839",49.5
SEME,"112,594 53,097 59,495",,,,"48,931",43.5,"22,024 41.5",,,"26,906",45.2
MUHORONI,"141,120 69,743 71,376",,,,"61,248",43.4,"31,037 44.5",,,"30,211",42.3
NYANDO,"149,436 71,048 78,383",,,,"67,104",44.9,"31,157 43.9",,,"35,943",45.9
NYAKACH,"139,931 66,050 73,880",,,,"61,332",43.8,"27,691 41.9",,,"33,640",45.5
HOMA BAY,"1,037,468 491,680 545,768",,,,"426,084",41.1,"199,666 40.6",,,"226,407",41.5
HOMA BAY SUBCOUNTY,"106,961 50,299 56,661",,,,"50,211",46.9,"23,654 47.0",,,"26,556",46.9
NDHIWA,"198,409 93,863 104,539",,,,"72,567",36.6,"34,973 37.3",,,"37,591",36
RACHUONYO NORTH,"165,147 78,464 86,679",,,,"71,012",43,"32,653 41.6",,,"38,356",44.3
RACHUONYO EAST,"112,267 52,912 59,353",,,,"45,922",40.9,"20,829 39.4",,,"25,092",42.3
RACHUONYO SOUTH,"120,330 56,383 63,947",,,,"52,276",43.4,"23,768 42.2",,,"28,508",44.6
RANGWE,"108,345 50,653 57,689",,,,"42,482",39.2,"19,103 37.7",,,"23,379",40.5
SUBA NORTH,"114,461 55,323 59,137",,,,"49,131",42.9,"23,822 43.1",,,"25,308",42.8
SUBA SOUTH,"111,548 53,783 57,763",,,,"42,483",38.1,"20,864 38.8",,,"21,617",37.4
MIGORI,"1,016,399 486,357 530,012",,,,"381,265",37.5,"187,805 38.6",,,"193,454",36.5
AWENDO,"107,090 51,345 55,743",,,,"44,514",41.6,"21,823 42.5",,,"22,690",40.7
KURIA EAST,"88,045 42,653 45,385",,,,"26,355",29.9,"13,306 31.2",,,"13,049",28.8
KURIA WEST,"189,956 92,003 97,947",,,,"61,391",32.3,"32,022 34.8",,,"29,368",30
NYATIKE,"159,883 75,746 84,130",,,,"59,957",37.5,"28,909 38.2",,,"31,047",36.9
RONGO,"114,373 54,154 60,218",,,,"48,385",42.3,"22,916 42.3",,,"25,469",42.3
SUNA EAST,"111,811 53,380 58,428",,,,"47,096",42.1,"22,924 42.9",,,"24,171",41.4
SUNA WEST,"115,745 54,921 60,823",,,,"45,983",39.7,"22,498 41.0",,,"23,484",38.6
URIRI,"129,496 62,155 67,338",,,,"47,584",36.7,"23,407 37.7",,,"24,176",35.9
KISII,"1,179,067 561,241 617,793",,,,"516,635",43.8,"240,834 42.9",,,"275,786",44.6
ETAGO,"78,104 37,316 40,785",,,,"29,794",38.1,"14,188 38.0",,,"15,605",38.3
GUCHA,"77,635 36,552 41,082",,,,"33,000",42.5,"15,085 41.3",,,"17,915",43.6
GUCHA SOUTH,"77,984 37,202 40,779",,,,"31,460",40.3,"14,687 39.5",,,"16,772",41.1
KENYENYA,"122,925 58,489 64,434",,,,"51,866",42.2,"23,700 40.5",,,"28,166",43.7
KISII CENTRAL,"153,169 73,940 79,226",,,,"77,633",50.7,"37,051 50.1",,,"40,579",51.2
KISII SOUTH,"126,037 59,998 66,034",,,,"51,323",40.7,"24,594 41.0",,,"26,728",40.5
KITUTU CENTRAL,"143,117 68,958 74,154",,,,"69,863",48.8,"33,839 49.1",,,"36,020",48.6
MARANI,"100,436 47,090 53,345",,,,"42,225",42,"18,873 40.1",,,"23,352",43.8
MASABA SOUTH,"114,613 54,167 60,442",,,,"50,230",43.8,"22,627 41.8",,,"27,602",45.7
NYAMACHE,"122,459 57,910 64,547",,,,"52,642",43,"23,878 41.2",,,"28,762",44.6
SAMETA,"62,588 29,619 32,965",,,,"26,599",42.5,"12,312 41.6",,,"14,285",43.3
NYAMIRA,"566,741 271,344 295,385",,,,"257,227",45.4,"119,533 44.1",,,"137,692",46.6
BORABU,"68,779 34,446 34,333",,,,"33,826",49.2,"16,692 48.5",,,"17,134",49.9
MANGA,"88,406 41,976 46,428",,,,"40,638",46,"18,738 44.6",,,"21,900",47.2
MASABA NORTH,"104,344 49,088 55,254",,,,"47,862",45.9,"21,623 44.0",,,"26,239",47.5
NYAMIRA NORTH,"156,770 75,072 81,693",,,,"67,996",43.4,"31,590 42.1",,,"36,405",44.6
NYAMIRA SOUTH,"148,442 70,762 77,677",,,,"66,905",45.1,"30,890 43.7",,,"36,014",46.4
NAIROBI CITY,"4,010,447 1,986,852 2,023,404",,,,"2,772,719",69.1,"1,392,497 70.1",,,"1,380,088",68.2
DAGORETTI,"398,369 199,539 198,804",,,,"270,753",68,"138,103 69.2",,,"132,632",66.7
EMBAKASI,"904,247 449,669 454,540",,,,"634,778",70.2,"321,225 71.4",,,"313,532",69
KAMUKUNJI,"242,507 122,131 120,369",,,,"157,219",64.8,"80,627 66.0",,,"76,586",63.6
KASARANI,"710,889 344,378 366,478",,,,"491,651",69.2,"239,367 69.5",,,"252,263",68.8
KIBRA,"169,509 85,815 83,687",,,,"111,720",65.9,"58,062 67.7",,,"53,652",64.1
LANG'ATA,"180,488 87,399 93,081",,,,"134,897",74.7,"65,416 74.8",,,"69,476",74.6
MAKADARA,"176,283 89,283 86,991",,,,"126,251",71.6,"64,996 72.8",,,"61,248",70.4
MATHARE,"188,625 97,147 91,465",,,,"122,056",64.7,"65,520 67.4",,,"56,524",61.8
NJIRU,"573,474 280,310 293,137",,,,"377,259",65.8,"185,710 66.3",,,"191,531",65.3
STAREHE,"182,149 90,480 91,660",,,,"131,259",72.1,"65,980 72.9",,,"65,270",71.2
WESTLANDS,"283,907 140,701 143,192",,,,"214,876",75.7,"107,491 76.4",,,"107,374",75