County_slash_Sub_County,internet_population_above3_Total_Male_Female,internet_population_above3_Total,internet_population_above3_Male,internet_population_above3_Female,Use_of_Internet_Total,Use_of_Internet_pct,Use_of_Internet_Male_pct,Use_of_Internet_Male,Use_of_Internet_pct,Use_of_Internet_Female,Use_of_Internet_pct,Use_of_Desktop_Computer_slash_Laptop_slash_Tablet_Total,pct_male_pct_female_pct,Use_of_Desktop_Computer_slash_Laptop_slash_Tablet_Total_pct,Use_of_Desktop_Computer_slash_Laptop_slash_Tablet_Male,Use_of_Desktop_Computer_slash_Laptop_slash_Tablet_Male_pct,Use_of_Desktop_Computer_slash_Laptop_slash_Tablet_Female,Use_of_Desktop_Computer_slash_Laptop_slash_Tablet_Female_pct
MOMBASA,"1,100,173 552,476 547,681",,,,"431,327",39.2,"232,526 42.1",,,"198,792",36.3,"184,713","16.8 104,805 19.0 79,904",,,,,14.6
CHANGAMWE,"121,334 63,184 58,150",,,,"48,368",39.9,"27,252 43.1",,,"21,116",36.3,"18,986","15.6 11,455 18.1 7,531",,,,,13
JOMVU,"149,699 75,931 73,765",,,,"48,246",32.2,"27,583 36.3",,,"20,662",28,"19,386","12.9 11,739 15.5 7,646",,,,,10.4
KISAUNI,"263,742 131,351 132,388",,,,"93,781",35.6,"50,503 38.4",,,"43,275",32.7,"40,374","15.3 22,737 17.3 17,636",,,,,13.3
LIKONI,"228,472 115,784 112,685",,,,"75,298",33,"43,018 37.2",,,"32,279",28.6,"27,252","11.9 16,461 14.2 10,791",,,,,9.6
MVITA,"138,927 66,589 72,336",,,,"76,664",55.2,"37,260 56.0",,,"39,404",54.5,"35,671","25.7 18,957 28.5 16,714",,,,,23.1
NYALI,"197,999 99,637 98,357",,,,"88,970",44.9,"46,910 47.1",,,"42,056",42.8,"43,044","21.7 23,456 23.5 19,586",,,,,19.9
KWALE,"783,189 382,538 400,636",,,,"97,240",12.4,"57,487 15.0",,,"39,749",9.9,"35,746","4.6 21,196 5.5 14,547",,,,,3.6
KINANGO,"84,534 40,445 44,088",,,,"5,279",6.2,"3,195 7.9",,,"2,084",4.7,"2,240","2.6 1,372 3.4 868",,,,,2
LUNGALUNGA,"180,056 87,893 92,161",,,,"12,948",7.2,"8,218 9.4",,,"4,730",5.1,"4,324","2.4 2,715 3.1 1,609",,,,,1.7
MATUGA,"177,675 87,377 90,296",,,,"23,507",13.2,"13,660 15.6",,,"9,847",10.9,"7,769","4.4 4,609 5.3 3,160",,,,,3.5
MSAMBWENI,"159,936 80,181 79,752",,,,"40,774",25.5,"23,161 28.9",,,"17,610",22.1,"16,176","10.1 9,245 11.5 6,928",,,,,8.7
SAMBURU SUBCOUNTY,"180,988 86,642 94,339",,,,"14,732",8.1,"9,253 10.7",,,"5,478",5.8,"5,237","2.9 3,255 3.8 1,982",,,,,2.1
KILIFI,"1,323,664 636,891 686,754",,,,"200,190",15.1,"118,420 18.6",,,"81,770",11.9,"87,064","6.6 50,667 8.0 36,397",,,,,5.3
CHONYI,"57,246 26,917 30,328",,,,"3,965",6.9,"2,642 9.8",,,"1,323",4.4,"1,419",2.5 916 3.4 503,,,,,1.7
GANZE,"131,101 60,552 70,546",,,,"8,884",6.8,"5,497 9.1",,,"3,387",4.8,"4,319","3.3 2,597 4.3 1,722",,,,,2.4
KALOLENI,"176,734 83,996 92,733",,,,"20,300",11.5,"12,198 14.5",,,"8,102",8.7,"9,086","5.1 5,455 6.5 3,631",,,,,3.9
KAUMA,"20,821 10,054 10,767",,,,"1,289",6.2,846 8.4,,,443,4.1,462,2.2 293 2.9 169,,,,,1.6
KILIFI NORTH,"162,990 78,763 84,225",,,,"32,694",20.1,"19,053 24.2",,,"13,641",16.2,"16,090","9.9 9,274 11.8 6,816",,,,,8.1
KILIFI SOUTH,"187,663 91,863 95,799",,,,"41,751",22.2,"23,511 25.6",,,"18,240",19,"17,051","9.1 9,659 10.5 7,392",,,,,7.7
MAGARINI,"174,553 84,429 90,124",,,,"14,916",8.5,"9,722 11.5",,,"5,194",5.8,"6,580","3.8 4,032 4.8 2,548",,,,,2.8
MALINDI,"301,205 146,545 154,653",,,,"62,682",20.8,"36,360 24.8",,,"26,322",17,"26,991","9.0 15,364 10.5 11,627",,,,,7.5
RABAI,"111,351 53,772 57,579",,,,"13,709",12.3,"8,591 16.0",,,"5,118",8.9,"5,066","4.5 3,077 5.7 1,989",,,,,3.5
TANA RIVER,"284,605 142,087 142,516",,,,"25,256",8.9,"16,523 11.6",,,"8,733",6.1,"8,985","3.2 5,689 4.0 3,296",,,,,2.3
TANA DELTA,"99,792 50,066 49,726",,,,"8,398",8.4,"5,557 11.1",,,"2,841",5.7,"3,055","3.1 1,945 3.9 1,110",,,,,2.2
TANA NORTH,"105,495 53,199 52,294",,,,"8,825",8.4,"5,795 10.9",,,"3,030",5.8,"2,153","2.0 1,359 2.6 794",,,,,1.5
TANA RIVER SUBCOUNTY,"79,318 38,822 40,496",,,,"8,033",10.1,"5,171 13.3",,,"2,862",7.1,"3,777","4.8 2,385 6.1 1,392",,,,,3.4
LAMU,"130,991 69,111 61,877",,,,"25,473",19.4,"16,171 23.4",,,"9,301",15,"8,101","6.2 5,276 7.6 2,825",,,,,4.6
LAMU EAST,"20,637 10,805 9,832",,,,"3,385",16.4,"2,232 20.7",,,"1,153",11.7,844,4.1 633 5.9 211,,,,,2.1
LAMU WEST,"110,354 58,306 52,045",,,,"22,088",20,"13,939 23.9",,,"8,148",15.7,"7,257","6.6 4,643 8.0 2,614",,,,,5
TAITA/TAVETA,"312,593 158,230 154,357",,,,"74,588",23.9,"42,034 26.6",,,"32,553",21.1,"29,983","9.6 17,099 10.8 12,884",,,,,8.3
MWATATE,"76,078 38,672 37,404",,,,"15,742",20.7,"9,222 23.8",,,"6,520",17.4,"5,994","7.9 3,467 9.0 2,527",,,,,6.8
TAITA,"52,345 26,495 25,850",,,,"11,713",22.4,"6,617 25.0",,,"5,096",19.7,"4,999","9.6 2,793 10.5 2,206",,,,,8.5
TAVETA,"82,789 42,548 40,241",,,,"17,693",21.4,"10,116 23.8",,,"7,577",18.8,"6,875","8.3 4,015 9.4 2,860",,,,,7.1
VOI,"101,381 50,515 50,862",,,,"29,440",29,"16,079 31.8",,,"13,360",26.3,"12,115","11.9 6,824 13.5 5,291",,,,,10.4
GARISSA,"778,006 425,411 352,563",,,,"94,786",12.2,"56,148 13.2",,,"38,634",11,"35,766","4.6 22,310 5.2 13,453",,,,,3.8
BALAMBALA,"30,885 19,392 11,492",,,,"2,737",8.9,"1,845 9.5",,,891,7.8,"1,135",3.7 724 3.7 411,,,,,3.6
DADAAB,"171,529 91,581 79,942",,,,"17,569",10.2,"10,186 11.1",,,"7,382",9.2,"6,285","3.7 3,775 4.1 2,509",,,,,3.1
FAFI,"123,861 67,143 56,708",,,,"9,641",7.8,"5,633 8.4",,,"4,008",7.1,"2,660","2.1 1,582 2.4 1,078",,,,,1.9
GARISSA SUBCOUNTY,"148,891 75,234 73,652",,,,"28,763",19.3,"16,129 21.4",,,"12,632",17.2,"9,552","6.4 5,857 7.8 3,694",,,,,5
HULUGHO,"124,947 73,417 51,525",,,,"15,747",12.6,"10,002 13.6",,,"5,745",11.1,"7,114","5.7 4,631 6.3 2,483",,,,,4.8
IJARA,"131,571 75,484 56,083",,,,"17,596",13.4,"10,924 14.5",,,"6,672",11.9,"7,743","5.9 5,054 6.7 2,689",,,,,4.8
LAGDERA,"46,322 23,160 23,161",,,,"2,733",5.9,"1,429 6.2",,,"1,304",5.6,"1,277",2.8 687 3.0 589,,,,,2.5
WAJIR,"711,571 379,557 331,969",,,,"58,976",8.3,"35,013 9.2",,,"23,958",7.2,"20,745","2.9 12,632 3.3 8,108",,,,,2.4
BUNA,"44,083 23,847 20,234",,,,"2,526",5.7,"1,483 6.2",,,"1,043",5.2,940,2.1 570 2.4 370,,,,,1.8
ELDAS,"82,187 41,866 40,314",,,,"7,299",8.9,"4,133 9.9",,,"3,165",7.9,"3,181","3.9 1,865 4.5 1,314",,,,,3.3
HABASWEIN,"158,790 86,244 72,531",,,,"15,607",9.8,"9,328 10.8",,,"6,277",8.7,"4,956","3.1 3,111 3.6 1,844",,,,,2.5
TARBAJ,"50,653 24,262 26,386",,,,"1,954",3.9,"1,113 4.6",,,841,3.2,788,1.6 460 1.9 328,,,,,1.2
WAJIR EAST,"101,247 54,136 47,109",,,,"13,681",13.5,"8,358 15.4",,,"5,322",11.3,"5,076","5.0 3,166 5.8 1,909",,,,,4.1
WAJIR NORTH,"55,799 28,905 26,888",,,,"4,029",7.2,"2,357 8.2",,,"1,671",6.2,"1,307",2.3 768 2.7 538,,,,,2
WAJIR SOUTH,"107,634 60,030 47,602",,,,"7,479",6.9,"4,389 7.3",,,"3,090",6.5,"2,037","1.9 1,227 2.0 810",,,,,1.7
WAJIR WEST,"111,178 60,267 50,905",,,,"6,401",5.8,"3,852 6.4",,,"2,549",5,"2,460","2.2 1,465 2.4 995",,,,,2
MANDERA,"775,085 391,182 383,873",,,,"60,710",7.8,"34,564 8.8",,,"26,142",6.8,"21,044","2.7 12,207 3.1 8,833",,,,,2.3
MANDERA WEST,"86,713 42,666 44,045",,,,"5,246",6,"2,954 6.9",,,"2,292",5.2,"2,100","2.4 1,189 2.8 911",,,,,2.1
BANISA,"135,664 70,366 65,291",,,,"7,283",5.4,"4,169 5.9",,,"3,113",4.8,"2,557","1.9 1,498 2.1 1,059",,,,,1.6
KOTULO,"63,722 31,894 31,826",,,,"5,182",8.1,"2,863 9.0",,,"2,317",7.3,"2,568","4.0 1,435 4.5 1,131",,,,,3.6
LAFEY,"74,593 36,424 38,164",,,,"5,873",7.9,"3,113 8.5",,,"2,760",7.2,"2,583","3.5 1,313 3.6 1,270",,,,,3.3
MANDERA CENTRAL,"140,725 64,682 76,039",,,,"14,099",10,"7,466 11.5",,,"6,633",8.7,"4,509","3.2 2,436 3.8 2,073",,,,,2.7
MANDERA EAST,"144,168 75,335 68,829",,,,"16,132",11.2,"9,938 13.2",,,"6,193",9,"4,733","3.3 3,143 4.2 1,588",,,,,2.3
MANDERA NORTH,"129,500 69,815 59,679",,,,"6,895",5.3,"4,061 5.8",,,"2,834",4.7,"1,994","1.5 1,193 1.7 801",,,,,1.3
MARSABIT,"409,629 215,220 194,392",,,,"34,149",8.3,"21,250 9.9",,,"12,898",6.6,"12,435","3.0 8,050 3.7 4,384",,,,,2.3
LOIYANGALANI,"31,574 15,401 16,171",,,,"1,468",4.6,933 6.1,,,535,3.3,559,1.8 363 2.4 196,,,,,1.2
MARSABIT CENTRAL,"71,619 36,892 34,716",,,,"11,293",15.8,"6,781 18.4",,,"4,512",13,"4,452","6.2 2,800 7.6 1,652",,,,,4.8
MARSABIT NORTH,"45,650 24,849 20,800",,,,"2,543",5.6,"1,575 6.3",,,968,4.7,815,1.8 553 2.2 262,,,,,1.3
MARSABIT SOUTH,"59,493 30,146 29,347",,,,"3,417",5.7,"2,118 7.0",,,"1,299",4.4,"1,215",2.0 811 2.7 404,,,,,1.4
MOYALE,"97,766 50,613 47,152",,,,"9,977",10.2,"6,295 12.4",,,"3,682",7.8,"3,294","3.4 2,099 4.1 1,195",,,,,2.5
NORTH HORR,"62,863 35,980 26,881",,,,"3,071",4.9,"1,983 5.5",,,"1,087",4,"1,307",2.1 882 2.5 424,,,,,1.6
SOLOLO,"40,664 21,339 19,325",,,,"2,380",5.9,"1,565 7.3",,,815,4.2,793,2.0 542 2.5 251,,,,,1.3
ISIOLO,"245,462 128,141 117,317",,,,"34,780",14.2,"20,665 16.1",,,"14,114",12,"12,860","5.2 8,036 6.3 4,824",,,,,4.1
GARBATULLA,"92,227 50,808 41,418",,,,"7,781",8.4,"4,844 9.5",,,"2,936",7.1,"2,537","2.8 1,551 3.1 986",,,,,2.4
ISIOLO SUBCOUNTY,"110,631 55,148 55,483",,,,"24,135",21.8,"13,964 25.3",,,"10,171",18.3,"9,383","8.5 5,873 10.6 3,510",,,,,6.3
MERTI,"42,604 22,185 20,416",,,,"2,864",6.7,"1,857 8.4",,,"1,007",4.9,940,2.2 612 2.8 328,,,,,1.6
MERU,"1,436,400 711,224 725,139",,,,"277,161",19.3,"152,727 21.5",,,"124,427",17.2,"102,691","7.1 56,339 7.9 46,347",,,,,6.4
BUURI EAST,"71,784 35,691 36,093",,,,"15,420",21.5,"8,403 23.5",,,"7,017",19.4,"6,132","8.5 3,296 9.2 2,836",,,,,7.9
BUURI WEST,"75,344 37,726 37,616",,,,"18,801",25,"10,704 28.4",,,"8,096",21.5,"6,008","8.0 3,423 9.1 2,585",,,,,6.9
IGEMBE CENTRAL,"204,412 102,059 102,349",,,,"30,624",15,"17,977 17.6",,,"12,646",12.4,"7,607","3.7 4,239 4.2 3,367",,,,,3.3
IGEMBE NORTH,"156,536 76,912 79,620",,,,"21,500",13.7,"12,648 16.4",,,"8,852",11.1,"6,231","4.0 3,517 4.6 2,713",,,,,3.4
IGEMBE SOUTH,"149,522 74,030 75,484",,,,"24,765",16.6,"13,519 18.3",,,"11,246",14.9,"7,657","5.1 4,202 5.7 3,455",,,,,4.6
IMENTI NORTH,"162,829 80,497 82,328",,,,"55,301",34,"28,704 35.7",,,"26,594",32.3,"26,579","16.3 14,075 17.5 12,503",,,,,15.2
IMENTI SOUTH,"193,742 96,744 96,993",,,,"44,896",23.2,"23,908 24.7",,,"20,987",21.6,"17,772","9.2 9,525 9.8 8,246",,,,,8.5
MERU CENTRAL,"125,670 62,757 62,910",,,,"25,495",20.3,"14,042 22.4",,,"11,453",18.2,"10,038","8.0 5,468 8.7 4,570",,,,,7.3
TIGANIA CENTRAL,"97,405 48,073 49,332",,,,"11,279",11.6,"6,518 13.6",,,"4,761",9.7,"3,957","4.1 2,266 4.7 1,691",,,,,3.4
TIGANIA EAST,"67,622 32,914 34,705",,,,"9,323",13.8,"5,258 16.0",,,"4,065",11.7,"3,143","4.6 1,868 5.7 1,275",,,,,3.7
TIGANIA WEST,"130,798 63,209 67,585",,,,"19,485",14.9,"10,827 17.1",,,"8,657",12.8,"7,495","5.7 4,406 7.0 3,088",,,,,4.6
MERU NATIONAL PARK,294 219 75,,,,214,72.8,172 78.5,,,42,56,51,17.3 38 17.4 13,,,,,17.3
MT. KENYA FOREST,442 393 49,,,,58,13.1,47 12.0,,,11,22.4,21,4.8 16 4.1 5,,,,,10.2
THARAKA-NITHI,"367,574 180,692 186,875",,,,"69,154",18.8,"36,971 20.5",,,"32,180",17.2,"29,987","8.2 16,260 9.0 13,727",,,,,7.3
IGAMBANG'OMBE,"49,368 24,367 25,000",,,,"6,112",12.4,"3,457 14.2",,,"2,654",10.6,"2,152","4.4 1,217 5.0 935",,,,,3.7
MAARA,"108,517 54,491 54,026",,,,"24,682",22.7,"12,842 23.6",,,"11,840",21.9,"9,977","9.2 5,274 9.7 4,703",,,,,8.7
MERU SOUTH,"85,236 41,988 43,246",,,,"23,125",27.1,"12,006 28.6",,,"11,118",25.7,"11,605","13.6 6,199 14.8 5,406",,,,,12.5
THARAKA NORTH,"54,321 26,290 28,029",,,,"5,073",9.3,"3,013 11.5",,,"2,060",7.3,"1,707","3.1 1,013 3.9 694",,,,,2.5
THARAKA SOUTH,"69,972 33,482 36,488",,,,"10,053",14.4,"5,610 16.8",,,"4,442",12.2,"4,486","6.4 2,532 7.6 1,954",,,,,5.4
MT. KENYA FOREST,160 74 86,,,,109,68.1,43 58.1,,,66,76.7,60,37.5 25 33.8 35,,,,,40.7
EMBU,"568,228 283,024 285,182",,,,"125,572",22.1,"66,829 23.6",,,"58,737",20.6,"53,649","9.4 28,913 10.2 24,733",,,,,8.7
EMBU EAST,"122,079 60,807 61,270",,,,"25,056",20.5,"13,406 22.0",,,"11,650",19,"10,935","9.0 5,940 9.8 4,995",,,,,8.2
EMBU NORTH,"75,194 37,443 37,748",,,,"16,268",21.6,"8,939 23.9",,,"7,329",19.4,"7,232","9.6 4,045 10.8 3,187",,,,,8.4
EMBU WEST,"116,797 57,297 59,491",,,,"40,813",34.9,"20,467 35.7",,,"20,340",34.2,"20,627","17.7 10,684 18.6 9,940",,,,,16.7
MBEERE SOUTH,"152,697 77,699 74,993",,,,"27,340",17.9,"15,139 19.5",,,"12,201",16.3,"8,782","5.8 4,872 6.3 3,910",,,,,5.2
MBEERE NORTH,"101,440 49,760 51,677",,,,"16,080",15.9,"8,865 17.8",,,"7,215",14,"6,066","6.0 3,367 6.8 2,699",,,,,5.2
MT. KENYA FOREST,21 18 3,,,,15,71.4,13 72.2,,,2,66.7,7,33.3 5 27.8 2,,,,,66.7
KITUI,"1,056,907 508,247 548,634",,,,"143,340",13.6,"76,701 15.1",,,"66,636",12.1,"51,579","4.9 28,643 5.6 22,934",,,,,4.2
IKUTHA,"77,563 37,282 40,281",,,,"7,569",9.8,"4,211 11.3",,,"3,358",8.3,"2,527","3.3 1,446 3.9 1,081",,,,,2.7
KATULANI,"44,328 21,770 22,557",,,,"6,951",15.7,"3,691 17.0",,,"3,260",14.5,"2,418","5.5 1,349 6.2 1,069",,,,,4.7
KISASI,"43,226 21,140 22,086",,,,"5,124",11.9,"2,767 13.1",,,"2,357",10.7,"1,409",3.3 811 3.8 598,,,,,2.7
KITUI CENTRAL,"97,406 47,435 49,968",,,,"24,129",24.8,"12,224 25.8",,,"11,905",23.8,"10,163","10.4 5,350 11.3 4,813",,,,,9.6
KITUI WEST,"66,202 31,558 34,643",,,,"11,587",17.5,"6,010 19.0",,,"5,577",16.1,"4,063","6.1 2,236 7.1 1,827",,,,,5.3
KYUSO,"71,052 33,864 37,187",,,,"6,949",9.8,"3,894 11.5",,,"3,055",8.2,"2,443","3.4 1,385 4.1 1,058",,,,,2.8
LOWER YATTA,"59,184 29,535 29,649",,,,"8,568",14.5,"4,804 16.3",,,"3,764",12.7,"2,816","4.8 1,631 5.5 1,185",,,,,4
MATINYANI,"44,779 21,869 22,909",,,,"7,011",15.7,"3,807 17.4",,,"3,204",14,"2,454","5.5 1,381 6.3 1,073",,,,,4.7
MIGWANI,"73,803 34,807 38,993",,,,"11,547",15.6,"6,105 17.5",,,"5,441",14,"4,047","5.5 2,217 6.4 1,829",,,,,4.7
MUMONI,"27,319 12,732 14,587",,,,"3,126",11.4,"1,711 13.4",,,"1,415",9.7,960,3.5 570 4.5 390,,,,,2.7
MUTITU,"51,464 24,422 27,040",,,,"4,526",8.8,"2,476 10.1",,,"2,050",7.6,"1,597",3.1 881 3.6 716,,,,,2.6
MUTITU NORTH,"19,815 9,620 10,194",,,,"2,171",11,"1,152 12.0",,,"1,019",10,817,4.1 465 4.8 352,,,,,3.5
MUTOMO,"105,422 50,656 54,761",,,,"10,975",10.4,"5,925 11.7",,,"5,049",9.2,"3,986","3.8 2,284 4.5 1,702",,,,,3.1
MWINGI CENTRAL,"100,501 48,132 52,369",,,,"15,197",15.1,"7,951 16.5",,,"7,246",13.8,"5,672","5.6 3,089 6.4 2,583",,,,,4.9
MWINGI EAST,"79,205 37,382 41,818",,,,"7,304",9.2,"4,005 10.7",,,"3,298",7.9,"2,323","2.9 1,325 3.5 997",,,,,2.4
NZAMBANI,"43,682 21,356 22,324",,,,"6,313",14.5,"3,419 16.0",,,"2,894",13,"2,337","5.4 1,299 6.1 1,038",,,,,4.6
THAGICU,"14,025 6,591 7,433",,,,"1,127",8,683 10.4,,,444,6,450,3.2 261 4.0 189,,,,,2.5
TSEIKURU,"37,931 18,096 19,835",,,,"3,166",8.3,"1,866 10.3",,,"1,300",6.6,"1,097",2.9 663 3.7 434,,,,,2.2
MACHAKOS,"1,327,172 661,982 665,162",,,,"342,005",25.8,"181,709 27.4",,,"160,291",24.1,"156,435","11.8 85,368 12.9 71,065",,,,,10.7
ATHI RIVER,"295,790 150,511 145,277",,,,"142,746",48.3,"75,434 50.1",,,"67,312",46.3,"77,316","26.1 41,515 27.6 35,801",,,,,24.6
KALAMA,"51,542 25,273 26,264",,,,"8,266",16,"4,512 17.9",,,"3,754",14.3,"2,754","5.3 1,578 6.2 1,176",,,,,4.5
KANGUNDO,"92,505 45,935 46,569",,,,"15,904",17.2,"8,680 18.9",,,"7,224",15.5,"6,212","6.7 3,534 7.7 2,678",,,,,5.8
KATHIANI,"105,562 51,709 53,849",,,,"15,883",15,"8,847 17.1",,,"7,035",13.1,"6,570","6.2 3,750 7.3 2,820",,,,,5.2
MACHAKOS SUBCOUNTY,"158,036 78,763 79,267",,,,"49,485",31.3,"25,554 32.4",,,"23,930",30.2,"22,269","14.1 11,932 15.1 10,336",,,,,13
MASINGA,"138,933 68,657 70,274",,,,"20,200",14.5,"10,905 15.9",,,"9,294",13.2,"6,955","5.0 3,957 5.8 2,997",,,,,4.3
MATUNGULU,"151,535 76,123 75,408",,,,"32,446",21.4,"17,059 22.4",,,"15,386",20.4,"13,898","9.2 7,659 10.1 6,239",,,,,8.3
MWALA,"171,999 85,399 86,597",,,,"29,042",16.9,"15,561 18.2",,,"13,481",15.6,"10,350","6.0 5,828 6.8 4,522",,,,,5.2
YATTA,"161,270 79,612 81,657",,,,"28,033",17.4,"15,157 19.0",,,"12,875",15.8,"10,111","6.3 5,615 7.1 4,496",,,,,5.5
MAKUENI,"921,168 453,946 467,204",,,,"148,699",16.1,"81,851 18.0",,,"66,845",14.3,"56,473","6.1 32,092 7.1 24,380",,,,,5.2
KATHONZWENI,"74,893 36,846 38,044",,,,"10,686",14.3,"5,965 16.2",,,"4,721",12.4,"3,722","5.0 2,118 5.7 1,604",,,,,4.2
KIBWEZI,"182,688 90,350 92,334",,,,"26,340",14.4,"14,721 16.3",,,"11,617",12.6,"10,102","5.5 5,862 6.5 4,239",,,,,4.6
KILUNGU,"57,412 27,241 30,170",,,,"8,301",14.5,"4,589 16.8",,,"3,712",12.3,"2,931","5.1 1,701 6.2 1,230",,,,,4.1
MAKINDU,"78,427 38,462 39,965",,,,"12,925",16.5,"6,926 18.0",,,"5,999",15,"5,199","6.6 2,859 7.4 2,340",,,,,5.9
MAKUENI SUBCOUNTY,"121,484 60,589 60,893",,,,"27,646",22.8,"14,765 24.4",,,"12,881",21.2,"11,563","9.5 6,330 10.4 5,233",,,,,8.6
MBOONI EAST,"92,210 45,311 46,896",,,,"13,449",14.6,"7,367 16.3",,,"6,082",13,"4,609","5.0 2,624 5.8 1,985",,,,,4.2
MBOONI WEST,"96,464 46,405 50,058",,,,"12,795",13.3,"7,152 15.4",,,"5,642",11.3,"4,835","5.0 2,774 6.0 2,061",,,,,4.1
MUKAA,"100,143 50,574 49,569",,,,"17,156",17.1,"9,624 19.0",,,"7,532",15.2,"6,558","6.5 3,778 7.5 2,780",,,,,5.6
NZAUI,"117,447 58,168 59,275",,,,"19,401",16.5,"10,742 18.5",,,"8,659",14.6,"6,954","5.9 4,046 7.0 2,908",,,,,4.9
NYANDARUA,"594,649 292,917 301,715",,,,"122,388",20.6,"69,255 23.6",,,"53,132",17.6,"45,701","7.7 25,730 8.8 19,970",,,,,6.6
KINANGOP,"103,793 50,836 52,953",,,,"21,049",20.3,"11,840 23.3",,,"9,209",17.4,"6,258","6.0 3,553 7.0 2,705",,,,,5.1
NYANDARUA SOUTH,"87,189 42,802 44,384",,,,"18,840",21.6,"10,564 24.7",,,"8,275",18.6,"6,918","7.9 3,871 9.0 3,047",,,,,6.9
MIRANGINE,"62,731 31,220 31,510",,,,"10,329",16.5,"6,070 19.4",,,"4,259",13.5,"3,533","5.6 1,995 6.4 1,538",,,,,4.9
KIPIPIRI,"87,881 43,161 44,718",,,,"13,873",15.8,"8,260 19.1",,,"5,613",12.6,"4,958","5.6 2,829 6.6 2,129",,,,,4.8
NYANDARUA CENTRAL,"69,596 34,508 35,087",,,,"16,715",24,"9,345 27.1",,,"7,370",21,"6,955","10.0 3,838 11.1 3,117",,,,,8.9
NYANDARUA WEST,"91,217 45,240 45,973",,,,"22,172",24.3,"12,419 27.5",,,"9,753",21.2,"9,015","9.9 5,201 11.5 3,814",,,,,8.3
NYANDARUA NORTH,"92,228 45,140 47,086",,,,"19,397",21,"10,748 23.8",,,"8,649",18.4,"8,058","8.7 4,438 9.8 3,619",,,,,7.7
ABERDARE NATIONAL PARK,14 10 4,,,,13,92.9,9 90.0,,,4,100,6,42.9 5 50.0 1,,,,,25
NYERI,"709,353 348,266 361,061",,,,"211,807",29.9,"112,479 32.3",,,"99,319",27.5,"97,427","13.7 52,982 15.2 44,443",,,,,12.3
TETU,"75,931 37,083 38,846",,,,"19,846",26.1,"10,663 28.8",,,"9,182",23.6,"8,515","11.2 4,649 12.5 3,866",,,,,10
KIENI EAST,"102,812 51,442 51,366",,,,"30,633",29.8,"16,703 32.5",,,"13,928",27.1,"12,721","12.4 6,967 13.5 5,754",,,,,11.2
KIENI WEST,"82,829 41,026 41,798",,,,"18,395",22.2,"10,330 25.2",,,"8,062",19.3,"6,655","8.0 3,735 9.1 2,920",,,,,7
MATHIRA EAST,"93,027 44,995 48,029",,,,"30,255",32.5,"15,678 34.8",,,"14,576",30.3,"14,589","15.7 7,952 17.7 6,637",,,,,13.8
MATHIRA WEST,"56,676 27,860 28,813",,,,"13,896",24.5,"7,333 26.3",,,"6,562",22.8,"5,599","9.9 3,018 10.8 2,581",,,,,9
NYERI SOUTH,"85,827 41,443 44,383",,,,"22,260",25.9,"11,843 28.6",,,"10,417",23.5,"9,472","11.0 5,166 12.5 4,306",,,,,9.7
MUKURWE-INI,"83,933 41,386 42,541",,,,"19,055",22.7,"10,313 24.9",,,"8,742",20.5,"8,529","10.2 4,840 11.7 3,689",,,,,8.7
NYERI CENTRAL,"128,041 62,843 65,196",,,,"57,316",44.8,"29,512 47.0",,,"27,803",42.6,"31,262","24.4 16,599 26.4 14,661",,,,,22.5
MT. KENYA FOREST,178 118 60,,,,73,41,50 42.4,,,23,38.3,42,23.6 25 21.2 17,,,,,28.3
ABERDARE FOREST,99 70 29,,,,78,78.8,54 77.1,,,24,82.8,43,43.4 31 44.3 12,,,,,41.4
KIRINYAGA,"571,312 281,556 289,729",,,,"137,563",24.1,"73,577 26.1",,,"63,977",22.1,"55,510","9.7 30,794 10.9 24,715",,,,,8.5
KIRINYAGA CENTRAL,"114,807 55,919 58,884",,,,"32,210",28.1,"16,912 30.2",,,"15,297",26,"14,786","12.9 7,974 14.3 6,812",,,,,11.6
KIRINYAGA EAST,"127,964 63,267 64,689",,,,"28,245",22.1,"15,600 24.7",,,"12,642",19.5,"10,917","8.5 6,183 9.8 4,734",,,,,7.3
KIRINYAGA WEST,"107,763 52,630 55,129",,,,"26,981",25,"14,332 27.2",,,"12,649",22.9,"11,750","10.9 6,526 12.4 5,224",,,,,9.5
MWEA EAST,"122,344 60,740 61,598",,,,"30,098",24.6,"15,721 25.9",,,"14,374",23.3,"11,147","9.1 6,141 10.1 5,005",,,,,8.1
MWEA WEST,"98,400 48,976 49,419",,,,"20,009",20.3,"10,996 22.5",,,"9,011",18.2,"6,901","7.0 3,962 8.1 2,939",,,,,5.9
MT. KENYA FOREST,34 24 10,,,,20,58.8,16 66.7,,,4,40,9,26.5 8 33.3 1,,,,,10
MURANG'A,"988,224 488,689 499,505",,,,"204,760",20.7,"111,466 22.8",,,"93,286",18.7,"80,287","8.1 44,903 9.2 35,380",,,,,7.1
MURANG'A EAST,"101,606 49,826 51,779",,,,"27,922",27.5,"14,072 28.2",,,"13,850",26.7,"13,329","13.1 6,933 13.9 6,396",,,,,12.4
KANGEMA,"75,668 37,165 38,500",,,,"15,764",20.8,"8,583 23.1",,,"7,180",18.6,"5,854","7.7 3,241 8.7 2,611",,,,,6.8
MATHIOYA,"87,438 42,738 44,699",,,,"15,896",18.2,"8,626 20.2",,,"7,270",16.3,"6,196","7.1 3,442 8.1 2,754",,,,,6.2
KAHURO,"83,338 40,864 42,467",,,,"15,911",19.1,"8,631 21.1",,,"7,275",17.1,"5,486","6.6 3,138 7.7 2,346",,,,,5.5
MURANG'A SOUTH,"172,158 85,252 86,901",,,,"36,809",21.4,"20,103 23.6",,,"16,706",19.2,"14,629","8.5 8,285 9.7 6,344",,,,,7.3
GATANGA,"175,723 88,134 87,586",,,,"37,930",21.6,"21,157 24.0",,,"16,772",19.1,"15,445","8.8 8,660 9.8 6,785",,,,,7.7
KIGUMO,"128,481 63,728 64,750",,,,"23,144",18,"13,054 20.5",,,"10,089",15.6,"8,139","6.3 4,779 7.5 3,360",,,,,5.2
KANDARA,"163,770 80,952 82,811",,,,"31,359",19.1,"17,219 21.3",,,"14,140",17.1,"11,201","6.8 6,419 7.9 4,782",,,,,5.8
ABERDARE FOREST,42 30 12,,,,25,59.5,21 70.0,,,4,33.3,8,19.0 6 20.0 2,,,,,16.7
KIAMBU,"2,231,514 1,092,380 1,139,012",,,,"952,268",42.7,"486,137 44.5",,,"466,080",40.9,"486,912","21.8 261,359 23.9 225,529",,,,,19.8
GATUNDU NORTH,"102,915 50,634 52,279",,,,"22,795",22.1,"12,306 24.3",,,"10,488",20.1,"7,491","7.3 4,301 8.5 3,190",,,,,6.1
GATUNDU SOUTH,"114,575 56,630 57,941",,,,"26,346",23,"14,104 24.9",,,"12,242",21.1,"8,851","7.7 4,901 8.7 3,950",,,,,6.8
GITHUNGURI,"155,046 76,874 78,164",,,,"42,369",27.3,"22,149 28.8",,,"20,218",25.9,"16,086","10.4 8,839 11.5 7,247",,,,,9.3
JUJA,"277,171 136,491 140,658",,,,"133,777",48.3,"68,981 50.5",,,"64,788",46.1,"71,054","25.6 39,208 28.7 31,842",,,,,22.6
KABETE,"184,688 90,196 94,478",,,,"87,230",47.2,"44,176 49.0",,,"43,047",45.6,"46,746","25.3 25,118 27.8 21,623",,,,,22.9
KIAMBAA,"218,165 106,623 111,530",,,,"101,132",46.4,"50,970 47.8",,,"50,160",45,"51,780","23.7 27,063 25.4 24,714",,,,,22.2
KIAMBU SUBCOUNTY,"133,949 63,471 70,464",,,,"67,815",50.6,"32,488 51.2",,,"35,319",50.1,"40,193","30.0 20,311 32.0 19,881",,,,,28.2
KIKUYU,"172,833 83,603 89,226",,,,"83,951",48.6,"41,613 49.8",,,"42,336",47.4,"49,598","28.7 25,598 30.6 23,999",,,,,26.9
LARI,"125,884 62,427 63,454",,,,"29,719",23.6,"16,394 26.3",,,"13,325",21,"10,661","8.5 5,999 9.6 4,662",,,,,7.3
LIMURU,"147,004 73,445 73,559",,,,"49,957",34,"26,789 36.5",,,"23,168",31.5,"22,425","15.3 12,384 16.9 10,041",,,,,13.7
RUIRU,"340,681 165,256 175,406",,,,"181,536",53.3,"92,193 55.8",,,"89,333",50.9,"97,382","28.6 52,725 31.9 44,652",,,,,25.5
THIKA EAST,"35,971 18,224 17,743",,,,"10,688",29.7,"5,780 31.7",,,"4,905",27.6,"4,157","11.6 2,305 12.6 1,852",,,,,10.4
THIKA WEST,"222,632 108,506 114,110",,,,"114,953",51.6,"58,194 53.6",,,"56,751",49.7,"60,488","27.2 32,607 30.1 27,876",,,,,24.4
TURKANA,"851,797 439,467 412,311",,,,"58,533",6.9,"36,920 8.4",,,"21,613",5.2,"20,541","2.4 13,440 3.1 7,101",,,,,1.7
KIBISH,"33,611 17,046 16,564",,,,890,2.6,591 3.5,,,299,1.8,310,0.9 216 1.3 94,,,,,0.6
LOIMA,"98,183 49,440 48,743",,,,"2,901",3,"1,821 3.7",,,"1,080",2.2,"1,062",1.1 663 1.3 399,,,,,0.8
TURKANA CENTRAL,"166,135 82,906 83,229",,,,"19,585",11.8,"11,961 14.4",,,"7,624",9.2,"7,633","4.6 4,888 5.9 2,745",,,,,3.3
TURKANA EAST,"130,834 72,914 57,908",,,,"7,414",5.7,"4,754 6.5",,,"2,660",4.6,"2,839","2.2 1,792 2.5 1,047",,,,,1.8
TURKANA NORTH,"59,378 29,770 29,608",,,,"2,038",3.4,"1,339 4.5",,,699,2.4,773,1.3 571 1.9 202,,,,,0.7
TURKANA SOUTH,"142,538 72,846 69,688",,,,"9,280",6.5,"5,851 8.0",,,"3,429",4.9,"3,555","2.5 2,300 3.2 1,255",,,,,1.8
TURKANA WEST,"221,118 114,545 106,571",,,,"16,425",7.4,"10,603 9.3",,,"5,822",5.5,"4,369","2.0 3,010 2.6 1,359",,,,,1.3
WEST POKOT,"553,584 272,728 280,844",,,,"44,864",8.1,"28,103 10.3",,,"16,761",6,"16,460","3.0 10,064 3.7 6,396",,,,,2.3
KIPKOMO,"91,581 45,307 46,268",,,,"7,394",8.1,"4,709 10.4",,,"2,685",5.8,"2,760","3.0 1,660 3.7 1,100",,,,,2.4
POKOT CENTRAL,"106,071 53,164 52,905",,,,"4,848",4.6,"3,260 6.1",,,"1,588",3,"1,543","1.5 1,005 1.9 538",,,,,1
POKOT NORTH,"118,673 56,999 61,672",,,,"5,448",4.6,"3,570 6.3",,,"1,878",3,"2,100","1.8 1,352 2.4 748",,,,,1.2
POKOT SOUTH,"72,458 35,681 36,775",,,,"6,461",8.9,"4,310 12.1",,,"2,151",5.8,"1,890","2.6 1,222 3.4 668",,,,,1.8
WEST POKOT SUBCOUNTY,"164,801 81,577 83,224",,,,"20,713",12.6,"12,254 15.0",,,"8,459",10.2,"8,167","5.0 4,825 5.9 3,342",,,,,4
SAMBURU,"279,891 141,072 138,814",,,,"27,282",9.7,"16,768 11.9",,,"10,514",7.6,"11,516","4.1 7,286 5.2 4,230",,,,,3
SAMBURU CENTRAL,"149,358 75,738 73,618",,,,"17,539",11.7,"10,635 14.0",,,"6,904",9.4,"7,519","5.0 4,607 6.1 2,912",,,,,4
SAMBURU EAST,"69,944 34,048 35,896",,,,"6,268",9,"3,870 11.4",,,"2,398",6.7,"2,580","3.7 1,664 4.9 916",,,,,2.6
SAMBURU NORTH,"60,589 31,286 29,300",,,,"3,475",5.7,"2,263 7.2",,,"1,212",4.1,"1,417","2.3 1,015 3.2 402",,,,,1.4
TRANS NZOIA,"911,209 448,487 462,701",,,,"154,412",16.9,"88,098 19.6",,,"66,311",14.3,"64,667","7.1 37,083 8.3 27,583",,,,,6
TRANS NZOIA WEST,"184,140 91,254 92,883",,,,"34,776",18.9,"20,148 22.1",,,"14,627",15.7,"14,441","7.8 8,483 9.3 5,958",,,,,6.4
TRANS NZOIA EAST,"212,422 104,721 107,693",,,,"33,388",15.7,"19,164 18.3",,,"14,224",13.2,"12,132","5.7 6,939 6.6 5,193",,,,,4.8
KWANZA,"188,466 92,532 95,931",,,,"29,556",15.7,"16,790 18.1",,,"12,765",13.3,"11,620","6.2 6,763 7.3 4,857",,,,,5.1
ENDEBESS,"102,457 51,455 50,999",,,,"9,816",9.6,"6,474 12.6",,,"3,342",6.6,"4,019","3.9 2,523 4.9 1,496",,,,,2.9
KIMININI,"223,724 108,525 115,195",,,,"46,876",21,"25,522 23.5",,,"21,353",18.5,"22,455","10.0 12,375 11.4 10,079",,,,,8.7
UASIN GISHU,"1,070,335 531,769 538,543",,,,"299,885",28,"163,826 30.8",,,"136,049",25.3,"144,382","13.5 78,776 14.8 65,601",,,,,12.2
AINABKOI,"127,533 62,850 64,683",,,,"38,066",29.8,"20,320 32.3",,,"17,746",27.4,"20,316","15.9 10,694 17.0 9,622",,,,,14.9
KAPSERET,"182,852 91,412 91,436",,,,"67,976",37.2,"36,693 40.1",,,"31,281",34.2,"34,483","18.9 18,570 20.3 15,912",,,,,17.4
KESSES,"137,814 68,811 69,000",,,,"30,972",22.5,"17,493 25.4",,,"13,477",19.5,"14,226","10.3 7,875 11.4 6,350",,,,,9.2
MOIBEN,"165,378 81,639 83,737",,,,"48,743",29.5,"26,212 32.1",,,"22,531",26.9,"24,837","15.0 13,392 16.4 11,445",,,,,13.7
SOY,"211,662 105,136 106,521",,,,"43,783",20.7,"24,937 23.7",,,"18,843",17.7,"19,192","9.1 10,847 10.3 8,343",,,,,7.8
TURBO,"245,096 121,921 123,166",,,,"70,345",28.7,"38,171 31.3",,,"32,171",26.1,"31,328","12.8 17,398 14.3 13,929",,,,,11.3
ELGEYO/MARAKWET,"418,765 209,151 209,602",,,,"59,627",14.2,"35,299 16.9",,,"24,326",11.6,"22,935","5.5 13,147 6.3 9,786",,,,,4.7
KEIYO NORTH,"91,430 45,566 45,863",,,,"17,270",18.9,"9,822 21.6",,,"7,448",16.2,"7,684","8.4 4,235 9.3 3,449",,,,,7.5
KEIYO SOUTH,"112,236 56,593 55,639",,,,"17,441",15.5,"10,315 18.2",,,"7,124",12.8,"6,676","5.9 3,781 6.7 2,893",,,,,5.2
MARAKWET EAST,"88,986 43,796 45,188",,,,"7,943",8.9,"4,915 11.2",,,"3,028",6.7,"2,866","3.2 1,777 4.1 1,089",,,,,2.4
MARAKWET WEST,"126,113 63,196 62,912",,,,"16,973",13.5,"10,247 16.2",,,"6,726",10.7,"5,709","4.5 3,354 5.3 2,355",,,,,3.7
NANDI,"822,163 408,980 413,163",,,,"140,534",17.1,"81,657 20.0",,,"58,872",14.2,"54,869","6.7 30,800 7.5 24,066",,,,,5.8
CHESUMEI,"152,235 75,011 77,221",,,,"33,312",21.9,"18,383 24.5",,,"14,928",19.3,"13,103","8.6 7,168 9.6 5,934",,,,,7.7
NANDI CENTRAL,"136,533 67,514 69,013",,,,"25,736",18.8,"14,722 21.8",,,"11,011",16,"10,150","7.4 5,662 8.4 4,486",,,,,6.5
NANDI EAST,"110,834 55,676 55,155",,,,"21,288",19.2,"12,891 23.2",,,"8,397",15.2,"8,612","7.8 4,907 8.8 3,705",,,,,6.7
NANDI NORTH,"154,455 76,585 77,867",,,,"23,780",15.4,"13,794 18.0",,,"9,986",12.8,"8,956","5.8 5,102 6.7 3,854",,,,,4.9
NANDI SOUTH,"160,898 79,744 81,151",,,,"22,869",14.2,"13,140 16.5",,,"9,728",12,"9,161","5.7 5,045 6.3 4,116",,,,,5.1
TINDERET,"107,208 54,450 52,756",,,,"13,549",12.6,"8,727 16.0",,,"4,822",9.1,"4,887","4.6 2,916 5.4 1,971",,,,,3.7
BARINGO,"609,555 306,702 302,842",,,,"93,138",15.3,"54,448 17.8",,,"38,687",12.8,"38,025","6.2 21,854 7.1 16,170",,,,,5.3
BARINGO CENTRAL,"89,180 44,084 45,096",,,,"20,343",22.8,"11,373 25.8",,,"8,970",19.9,"9,584","10.7 5,308 12.0 4,276",,,,,9.5
BARINGO NORTH,"96,670 48,209 48,459",,,,"13,187",13.6,"7,960 16.5",,,"5,226",10.8,"5,589","5.8 3,297 6.8 2,292",,,,,4.7
EAST POKOT,"73,135 36,951 36,182",,,,"3,020",4.1,"1,861 5.0",,,"1,159",3.2,"1,259",1.7 785 2.1 474,,,,,1.3
KOIBATEK,"119,478 59,953 59,523",,,,"25,544",21.4,"14,761 24.6",,,"10,783",18.1,"10,108","8.5 5,662 9.4 4,446",,,,,7.5
MARIGAT,"80,968 40,463 40,502",,,,"11,772",14.5,"7,183 17.8",,,"4,588",11.3,"4,181","5.2 2,579 6.4 1,601",,,,,4
MOGOTIO,"83,716 42,194 41,520",,,,"15,244",18.2,"8,804 20.9",,,"6,439",15.5,"5,944","7.1 3,318 7.9 2,626",,,,,6.3
TIATY EAST,"66,408 34,848 31,560",,,,"4,028",6.1,"2,506 7.2",,,"1,522",4.8,"1,360",2.0 905 2.6 455,,,,,1.4
LAIKIPIA,"475,756 236,702 239,042",,,,"107,448",22.6,"59,898 25.3",,,"47,547",19.9,"44,988","9.5 25,358 10.7 19,629",,,,,8.2
LAIKIPIA CENTRAL,"89,229 44,606 44,623",,,,"24,716",27.7,"13,391 30.0",,,"11,325",25.4,"11,004","12.3 5,989 13.4 5,015",,,,,11.2
LAIKIPIA EAST,"93,683 46,952 46,726",,,,"30,485",32.5,"16,946 36.1",,,"13,537",29,"13,108","14.0 7,491 16.0 5,616",,,,,12
LAIKIPIA NORTH,"32,310 16,107 16,202",,,,"2,507",7.8,"1,671 10.4",,,836,5.2,832,2.6 576 3.6 256,,,,,1.6
LAIKIPIA WEST,"117,836 59,138 58,695",,,,"15,147",12.9,"9,199 15.6",,,"5,948",10.1,"5,282","4.5 3,145 5.3 2,137",,,,,3.6
NYAHURURU,"142,698 69,899 72,796",,,,"34,593",24.2,"18,691 26.7",,,"15,901",21.8,"14,762","10.3 8,157 11.7 6,605",,,,,9.1
NAKURU,"1,981,598 982,910 998,603",,,,"531,767",26.8,"293,579 29.9",,,"238,166",23.8,"230,624","11.6 130,385 13.3 100,225",,,,,10
GILGIL,"169,516 84,928 84,581",,,,"47,755",28.2,"26,922 31.7",,,"20,831",24.6,"21,416","12.6 12,457 14.7 8,958",,,,,10.6
KURESOI NORTH,"161,409 80,563 80,843",,,,"19,962",12.4,"12,833 15.9",,,"7,129",8.8,"6,421","4.0 3,998 5.0 2,423",,,,,3
KURESOI SOUTH,"142,631 71,731 70,897",,,,"20,442",14.3,"12,997 18.1",,,"7,445",10.5,"6,734","4.7 4,100 5.7 2,634",,,,,3.7
MOLO,"144,889 72,141 72,743",,,,"28,049",19.4,"16,264 22.5",,,"11,785",16.2,"10,608","7.3 6,199 8.6 4,409",,,,,6.1
NAIVASHA,"322,714 161,071 161,617",,,,"102,716",31.8,"57,251 35.5",,,"45,456",28.1,"40,468","12.5 23,447 14.6 17,014",,,,,10.5
NAKURU EAST,"176,055 83,491 92,556",,,,"85,041",48.3,"41,796 50.1",,,"43,242",46.7,"46,156","26.2 24,437 29.3 21,718",,,,,23.5
NAKURU NORTH,"201,190 97,573 103,602",,,,"61,609",30.6,"31,974 32.8",,,"29,631",28.6,"26,611","13.2 14,771 15.1 11,835",,,,,11.4
NAKURU WEST,"179,490 91,321 88,159",,,,"65,871",36.7,"36,670 40.2",,,"29,198",33.1,"28,001","15.6 15,999 17.5 12,002",,,,,13.6
NJORO,"220,036 109,028 111,005",,,,"38,685",17.6,"22,505 20.6",,,"16,180",14.6,"15,435","7.0 9,109 8.4 6,326",,,,,5.7
RONGAI,"184,553 92,132 92,417",,,,"48,767",26.4,"26,991 29.3",,,"21,775",23.6,"24,138","13.1 13,186 14.3 10,952",,,,,11.9
SUBUKIA,"79,115 38,931 40,183",,,,"12,870",16.3,"7,376 18.9",,,"5,494",13.7,"4,636","5.9 2,682 6.9 1,954",,,,,4.9
NAROK,"1,044,966 520,523 524,419",,,,"125,491",12,"78,467 15.1",,,"47,018",9,"42,546","4.1 25,812 5.0 16,733",,,,,3.2
NAROK EAST,"104,856 53,336 51,513",,,,"11,601",11.1,"7,438 13.9",,,"4,163",8.1,"3,126","3.0 1,962 3.7 1,164",,,,,2.3
NAROK NORTH,"227,649 115,452 112,188",,,,"44,706",19.6,"26,104 22.6",,,"18,598",16.6,"16,234","7.1 9,364 8.1 6,870",,,,,6.1
NAROK SOUTH,"215,493 106,882 108,609",,,,"19,111",8.9,"12,482 11.7",,,"6,628",6.1,"5,659","2.6 3,599 3.4 2,059",,,,,1.9
NAROK WEST,"171,981 84,283 87,696",,,,"16,281",9.5,"10,563 12.5",,,"5,717",6.5,"5,170","3.0 3,265 3.9 1,905",,,,,2.2
TRANS MARA EAST,"102,459 50,134 52,324",,,,"8,237",8,"5,363 10.7",,,"2,874",5.5,"3,415","3.3 2,130 4.2 1,285",,,,,2.5
TRANS MARA WEST,"222,496 110,408 112,085",,,,"25,525",11.5,"16,491 14.9",,,"9,034",8.1,"8,936","4.0 5,487 5.0 3,449",,,,,3.1
MAU FOREST,32 28 4,,,,30,93.8,26 92.9,,,4,100,6,18.8 5 17.9 1,,,,,25
KAJIADO,"1,016,058 504,023 512,004",,,,"336,468",33.1,"179,615 35.6",,,"156,840",30.6,"164,967","16.2 89,944 17.8 75,014",,,,,14.7
ISINYA,"191,272 95,366 95,900",,,,"89,948",47,"46,985 49.3",,,"42,958",44.8,"40,373","21.1 21,682 22.7 18,688",,,,,19.5
KAJIADO CENTRAL,"145,212 72,629 72,580",,,,"27,228",18.8,"15,778 21.7",,,"11,450",15.8,"10,431","7.2 6,161 8.5 4,270",,,,,5.9
KAJIADO NORTH,"282,534 138,169 144,354",,,,"148,583",52.6,"75,963 55.0",,,"72,613",50.3,"87,772","31.1 46,769 33.8 40,998",,,,,28.4
KAJIADO WEST,"165,055 82,432 82,618",,,,"34,050",20.6,"19,137 23.2",,,"14,912",18,"14,691","8.9 8,353 10.1 6,337",,,,,7.7
LOITOKITOK,"173,159 85,227 87,927",,,,"24,417",14.1,"14,489 17.0",,,"9,928",11.3,"7,934","4.6 4,766 5.6 3,168",,,,,3.6
MASHUURU,"58,826 30,200 28,625",,,,"12,242",20.8,"7,263 24.0",,,"4,979",17.4,"3,766","6.4 2,213 7.3 1,553",,,,,5.4
KERICHO,"834,061 415,734 418,300",,,,"158,104",19,"95,506 23.0",,,"62,594",15,"69,075","8.3 40,364 9.7 28,710",,,,,6.9
BELGUT,"135,941 67,923 68,018",,,,"28,758",21.2,"17,196 25.3",,,"11,562",17,"12,694","9.3 7,309 10.8 5,385",,,,,7.9
BURETI,"185,127 91,535 93,587",,,,"34,550",18.7,"20,757 22.7",,,"13,792",14.7,"14,889","8.0 8,711 9.5 6,178",,,,,6.6
KERICHO EAST,"156,786 79,013 77,766",,,,"42,000",26.8,"24,553 31.1",,,"17,446",22.4,"20,465","13.1 11,819 15.0 8,646",,,,,11.1
KIPKELION,"112,279 55,954 56,321",,,,"14,684",13.1,"9,578 17.1",,,"5,106",9.1,"5,817","5.2 3,591 6.4 2,226",,,,,4
LONDIANI,"126,773 62,955 63,808",,,,"21,376",16.9,"13,179 20.9",,,"8,196",12.8,"7,717","6.1 4,564 7.2 3,153",,,,,4.9
SOIN SIGOWET,"117,155 58,354 58,800",,,,"16,736",14.3,"10,243 17.6",,,"6,492",11,"7,493","6.4 4,370 7.5 3,122",,,,,5.3
BOMET,"810,122 400,694 409,407",,,,"134,885",16.6,"83,163 20.8",,,"51,721",12.6,"53,643","6.6 31,930 8.0 21,712",,,,,5.3
BOMET EAST,"132,732 65,185 67,541",,,,"17,556",13.2,"10,829 16.6",,,"6,727",10,"6,100","4.6 3,741 5.7 2,359",,,,,3.5
CHEPALUNGU,"152,423 73,652 78,767",,,,"19,724",12.9,"12,480 16.9",,,"7,244",9.2,"9,179","6.0 5,540 7.5 3,639",,,,,4.6
KONOIN,"152,161 77,411 74,747",,,,"29,201",19.2,"18,570 24.0",,,"10,631",14.2,"10,151","6.7 6,146 7.9 4,005",,,,,5.4
SOTIK,"211,301 103,882 107,415",,,,"35,958",17,"21,781 21.0",,,"14,177",13.2,"15,078","7.1 8,936 8.6 6,142",,,,,5.7
BOMET CENTRAL,"161,505 80,564 80,937",,,,"32,446",20.1,"19,503 24.2",,,"12,942",16,"13,135","8.1 7,567 9.4 5,567",,,,,6.9
KAKAMEGA,"1,732,145 828,945 903,166",,,,"250,964",14.5,"139,101 16.8",,,"111,859",12.4,"109,715","6.3 61,397 7.4 48,318",,,,,5.3
BUTERE,"143,388 68,366 75,019",,,,"17,915",12.5,"10,077 14.7",,,"7,838",10.4,"7,238","5.0 4,174 6.1 3,064",,,,,4.1
KAKAMEGA CENTRAL,"173,048 84,569 88,477",,,,"52,016",30.1,"27,947 33.0",,,"24,068",27.2,"28,835","16.7 15,689 18.6 13,146",,,,,14.9
KAKAMEGA EAST,"155,365 74,398 80,963",,,,"20,737",13.3,"11,428 15.4",,,"9,308",11.5,"8,934","5.8 4,945 6.6 3,989",,,,,4.9
KAKAMEGA NORTH,"221,048 106,855 114,188",,,,"27,593",12.5,"15,809 14.8",,,"11,784",10.3,"10,621","4.8 6,015 5.6 4,606",,,,,4
KAKAMEGA SOUTH,"104,341 49,548 54,793",,,,"13,893",13.3,"7,528 15.2",,,"6,365",11.6,"5,254","5.0 2,889 5.8 2,365",,,,,4.3
KHWISERO,"106,001 49,957 56,041",,,,"12,490",11.8,"6,916 13.8",,,"5,574",9.9,"5,765","5.4 3,292 6.6 2,473",,,,,4.4
LIKUYANI,"141,338 68,337 72,998",,,,"22,255",15.7,"12,118 17.7",,,"10,137",13.9,"8,537","6.0 4,707 6.9 3,830",,,,,5.2
LUGARI,"114,040 54,848 59,192",,,,"16,347",14.3,"9,107 16.6",,,"7,240",12.2,"6,691","5.9 3,715 6.8 2,976",,,,,5
MATETE,"61,383 29,404 31,979",,,,"7,382",12,"4,000 13.6",,,"3,382",10.6,"3,165","5.2 1,748 5.9 1,417",,,,,4.4
MATUNGU,"154,460 72,733 81,724",,,,"15,479",10,"8,804 12.1",,,"6,674",8.2,"5,764","3.7 3,387 4.7 2,377",,,,,2.9
MUMIAS EAST,"108,468 51,751 56,714",,,,"14,066",13,"8,059 15.6",,,"6,007",10.6,"5,844","5.4 3,446 6.7 2,398",,,,,4.2
MUMIAS WEST,"106,473 50,529 55,943",,,,"16,207",15.2,"8,912 17.6",,,"7,295",13,"7,192","6.8 4,014 7.9 3,178",,,,,5.7
NAVAKHOLO,"142,792 67,650 75,135",,,,"14,584",10.2,"8,396 12.4",,,"6,187",8.2,"5,875","4.1 3,376 5.0 2,499",,,,,3.3
VIHIGA,"550,070 263,949 286,112",,,,"77,622",14.1,"41,756 15.8",,,"35,864",12.5,"36,123","6.6 19,879 7.5 16,243",,,,,5.7
EMUHAYA,"90,814 43,383 47,430",,,,"10,609",11.7,"5,741 13.2",,,"4,867",10.3,"4,935","5.4 2,731 6.3 2,204",,,,,4.6
VIHIGA SUBCOUNTY,"88,664 42,455 46,207",,,,"14,412",16.3,"7,716 18.2",,,"6,695",14.5,"7,174","8.1 3,870 9.1 3,303",,,,,7.1
SABATIA,"122,708 58,591 64,116",,,,"18,891",15.4,"10,084 17.2",,,"8,807",13.7,"8,140","6.6 4,450 7.6 3,690",,,,,5.8
LUANDA,"98,821 47,692 51,127",,,,"14,055",14.2,"7,577 15.9",,,"6,478",12.7,"7,082","7.2 3,940 8.3 3,142",,,,,6.1
HAMISI,"149,047 71,816 77,228",,,,"19,653",13.2,"10,637 14.8",,,"9,016",11.7,"8,790","5.9 4,887 6.8 3,903",,,,,5.1
KAKAMEGA FOREST,16 12 4,,,,2,12.5,1 8.3,,,1,25,2,12.5 1 8.3 1,,,,,25
BUNGOMA,"1,538,767 745,883 792,851",,,,"212,520",13.8,"119,213 16.0",,,"93,303",11.8,"93,169","6.1 52,712 7.1 40,456",,,,,5.1
BUMULA,"199,499 95,312 104,186",,,,"19,349",9.7,"11,097 11.6",,,"8,252",7.9,"7,352","3.7 4,332 4.5 3,020",,,,,2.9
BUNGOMA CENTRAL,"163,799 79,315 84,477",,,,"21,310",13,"12,282 15.5",,,"9,026",10.7,"9,217","5.6 5,342 6.7 3,875",,,,,4.6
BUNGOMA EAST,"106,122 51,497 54,623",,,,"17,213",16.2,"9,468 18.4",,,"7,745",14.2,"7,633","7.2 4,146 8.1 3,487",,,,,6.4
BUNGOMA NORTH,"111,891 54,098 57,792",,,,"14,858",13.3,"8,346 15.4",,,"6,512",11.3,"6,662","6.0 3,790 7.0 2,872",,,,,5
BUNGOMA SOUTH,"263,411 126,979 136,427",,,,"56,612",21.5,"30,427 24.0",,,"26,184",19.2,"27,162","10.3 15,017 11.8 12,145",,,,,8.9
CHEPTAIS,"124,273 61,904 62,363",,,,"10,373",8.3,"6,441 10.4",,,"3,932",6.3,"3,779","3.0 2,336 3.8 1,443",,,,,2.3
KIMILILI,"149,814 72,387 77,424",,,,"20,753",13.9,"11,379 15.7",,,"9,373",12.1,"8,582","5.7 4,783 6.6 3,798",,,,,4.9
MT. ELGON,"72,721 35,916 36,802",,,,"7,725",10.6,"4,725 13.2",,,"3,000",8.2,"3,231","4.4 1,957 5.4 1,274",,,,,3.5
BUNGOMA WEST,"110,636 53,608 57,027",,,,"11,471",10.4,"6,769 12.6",,,"4,702",8.2,"5,041","4.6 2,926 5.5 2,115",,,,,3.7
TONGAREN,"92,891 44,960 47,930",,,,"12,671",13.6,"7,112 15.8",,,"5,559",11.6,"5,214","5.6 2,960 6.6 2,254",,,,,4.7
WEBUYE WEST,"140,446 68,209 72,234",,,,"20,026",14.3,"11,059 16.2",,,"8,967",12.4,"9,249","6.6 5,091 7.5 4,158",,,,,5.8
Mt. ELGON FOREST,"3,264 1,698 1,566",,,,159,4.9,108 6.4,,,51,3.3,47,1.4 32 1.9 15,,,,,1
BUSIA,"820,788 388,748 432,013",,,,"110,560",13.5,"63,352 16.3",,,"47,207",10.9,"48,050","5.9 27,819 7.2 20,231",,,,,4.7
BUNYALA,"79,588 38,196 41,391",,,,"11,179",14,"6,972 18.3",,,"4,207",10.2,"4,713","5.9 2,918 7.6 1,795",,,,,4.3
BUSIA SUBCOUNTY,"128,002 60,908 67,093",,,,"22,258",17.4,"12,254 20.1",,,"10,004",14.9,"9,208","7.2 5,254 8.6 3,954",,,,,5.9
BUTULA,"129,739 59,856 69,880",,,,"13,519",10.4,"7,491 12.5",,,"6,027",8.6,"6,056","4.7 3,465 5.8 2,591",,,,,3.7
NAMBALE,"103,180 48,653 54,523",,,,"12,317",11.9,"6,882 14.1",,,"5,435",10,"5,358","5.2 2,991 6.1 2,367",,,,,4.3
SAMIA,"99,108 46,819 52,275",,,,"12,910",13,"7,744 16.5",,,"5,166",9.9,"5,298","5.3 3,140 6.7 2,158",,,,,4.1
TESO NORTH,"126,387 60,543 65,842",,,,"17,790",14.1,"10,258 16.9",,,"7,532",11.4,"8,129","6.4 4,748 7.8 3,381",,,,,5.1
TESO SOUTH,"154,784 73,773 81,009",,,,"20,587",13.3,"11,751 15.9",,,"8,836",10.9,"9,288","6.0 5,303 7.2 3,985",,,,,4.9
SIAYA,"919,461 434,630 484,814",,,,"137,402",14.9,"76,966 17.7",,,"60,433",12.5,"62,273","6.8 35,574 8.2 26,695",,,,,5.5
SIAYA SUBCOUNTY,"207,196 97,050 110,142",,,,"31,733",15.3,"17,490 18.0",,,"14,243",12.9,"14,474","7.0 8,218 8.5 6,255",,,,,5.7
GEM,"166,766 79,237 87,525",,,,"22,169",13.3,"12,537 15.8",,,"9,631",11,"10,946","6.6 6,213 7.8 4,732",,,,,5.4
UGENYA,"125,274 58,138 67,132",,,,"15,551",12.4,"8,709 15.0",,,"6,840",10.2,"6,241","5.0 3,567 6.1 2,672",,,,,4
UGUNJA,"96,903 45,246 51,657",,,,"14,677",15.1,"8,093 17.9",,,"6,584",12.7,"6,331","6.5 3,622 8.0 2,709",,,,,5.2
BONDO,"181,834 87,903 93,928",,,,"33,258",18.3,"18,933 21.5",,,"14,325",15.3,"15,445","8.5 8,974 10.2 6,471",,,,,6.9
RARIEDA,"141,488 67,056 74,430",,,,"20,014",14.1,"11,204 16.7",,,"8,810",11.8,"8,836","6.2 4,980 7.4 3,856",,,,,5.2
KISUMU,"1,061,224 511,739 549,465",,,,"253,426",23.9,"139,088 27.2",,,"114,331",20.8,"133,434","12.6 74,969 14.6 58,463",,,,,10.6
KISUMU EAST,"202,479 99,157 103,318",,,,"58,879",29.1,"32,495 32.8",,,"26,383",25.5,"29,987","14.8 16,911 17.1 13,076",,,,,12.7
KISUMU CENTRAL,"158,191 75,722 82,465",,,,"69,939",44.2,"35,949 47.5",,,"33,988",41.2,"41,096","26.0 22,008 29.1 19,087",,,,,23.1
KISUMU WEST,"157,473 76,922 80,548",,,,"37,566",23.9,"21,267 27.6",,,"16,298",20.2,"21,037","13.4 12,148 15.8 8,889",,,,,11
SEME,"112,594 53,097 59,495",,,,"16,203",14.4,"9,129 17.2",,,"7,073",11.9,"7,583","6.7 4,352 8.2 3,230",,,,,5.4
MUHORONI,"141,120 69,743 71,376",,,,"21,854",15.5,"13,071 18.7",,,"8,783",12.3,"10,428","7.4 6,190 8.9 4,238",,,,,5.9
NYANDO,"149,436 71,048 78,383",,,,"26,699",17.9,"14,708 20.7",,,"11,989",15.3,"12,813","8.6 7,301 10.3 5,512",,,,,7
NYAKACH,"139,931 66,050 73,880",,,,"22,286",15.9,"12,469 18.9",,,"9,817",13.3,"10,490","7.5 6,059 9.2 4,431",,,,,6
HOMA BAY,"1,037,468 491,680 545,768",,,,"157,625",15.2,"90,677 18.4",,,"66,942",12.3,"70,162","6.8 41,789 8.5 28,371",,,,,5.2
HOMA BAY SUBCOUNTY,"106,961 50,299 56,661",,,,"23,393",21.9,"12,944 25.7",,,"10,448",18.4,"12,197","11.4 6,989 13.9 5,207",,,,,9.2
NDHIWA,"198,409 93,863 104,539",,,,"22,435",11.3,"13,601 14.5",,,"8,833",8.4,"8,868","4.5 5,500 5.9 3,367",,,,,3.2
RACHUONYO NORTH,"165,147 78,464 86,679",,,,"24,220",14.7,"13,944 17.8",,,"10,274",11.9,"11,072","6.7 6,663 8.5 4,409",,,,,5.1
RACHUONYO EAST,"112,267 52,912 59,353",,,,"16,195",14.4,"9,144 17.3",,,"7,050",11.9,"7,065","6.3 4,167 7.9 2,898",,,,,4.9
RACHUONYO SOUTH,"120,330 56,383 63,947",,,,"20,941",17.4,"11,513 20.4",,,"9,428",14.7,"9,248","7.7 5,407 9.6 3,841",,,,,6
RANGWE,"108,345 50,653 57,689",,,,"15,654",14.4,"8,826 17.4",,,"6,828",11.8,"6,691","6.2 3,927 7.8 2,764",,,,,4.8
SUBA NORTH,"114,461 55,323 59,137",,,,"20,600",18,"12,091 21.9",,,"8,508",14.4,"9,533","8.3 5,765 10.4 3,768",,,,,6.4
SUBA SOUTH,"111,548 53,783 57,763",,,,"14,187",12.7,"8,614 16.0",,,"5,573",9.6,"5,488","4.9 3,371 6.3 2,117",,,,,3.7
MIGORI,"1,016,399 486,357 530,012",,,,"145,208",14.3,"85,341 17.5",,,"59,865",11.3,"62,426","6.1 37,031 7.6 25,395",,,,,4.8
AWENDO,"107,090 51,345 55,743",,,,"17,002",15.9,"10,180 19.8",,,"6,822",12.2,"7,904","7.4 4,774 9.3 3,130",,,,,5.6
KURIA EAST,"88,045 42,653 45,385",,,,"9,524",10.8,"5,787 13.6",,,"3,737",8.2,"3,877","4.4 2,373 5.6 1,504",,,,,3.3
KURIA WEST,"189,956 92,003 97,947",,,,"24,267",12.8,"14,421 15.7",,,"9,846",10.1,"9,958","5.2 5,917 6.4 4,041",,,,,4.1
NYATIKE,"159,883 75,746 84,130",,,,"19,558",12.2,"12,035 15.9",,,"7,523",8.9,"7,365","4.6 4,572 6.0 2,793",,,,,3.3
RONGO,"114,373 54,154 60,218",,,,"20,094",17.6,"11,293 20.9",,,"8,801",14.6,"9,875","8.6 5,655 10.4 4,220",,,,,7
SUNA EAST,"111,811 53,380 58,428",,,,"19,636",17.6,"11,257 21.1",,,"8,378",14.3,"9,081","8.1 5,191 9.7 3,890",,,,,6.7
SUNA WEST,"115,745 54,921 60,823",,,,"19,051",16.5,"10,745 19.6",,,"8,305",13.7,"8,317","7.2 4,829 8.8 3,488",,,,,5.7
URIRI,"129,496 62,155 67,338",,,,"16,076",12.4,"9,623 15.5",,,"6,453",9.6,"6,049","4.7 3,720 6.0 2,329",,,,,3.5
KISII,"1,179,067 561,241 617,793",,,,"188,888",16,"107,428 19.1",,,"81,453",13.2,"92,025","7.8 53,238 9.5 38,782",,,,,6.3
ETAGO,"78,104 37,316 40,785",,,,"8,625",11,"5,200 13.9",,,"3,424",8.4,"3,725","4.8 2,261 6.1 1,463",,,,,3.6
GUCHA,"77,635 36,552 41,082",,,,"12,159",15.7,"6,815 18.6",,,"5,344",13,"6,367","8.2 3,620 9.9 2,747",,,,,6.7
GUCHA SOUTH,"77,984 37,202 40,779",,,,"10,281",13.2,"6,051 16.3",,,"4,229",10.4,"5,085","6.5 2,995 8.1 2,090",,,,,5.1
KENYENYA,"122,925 58,489 64,434",,,,"15,998",13,"9,279 15.9",,,"6,719",10.4,"6,857","5.6 3,995 6.8 2,862",,,,,4.4
KISII CENTRAL,"153,169 73,940 79,226",,,,"36,585",23.9,"20,230 27.4",,,"16,354",20.6,"19,583","12.8 11,113 15.0 8,469",,,,,10.7
KISII SOUTH,"126,037 59,998 66,034",,,,"18,760",14.9,"10,792 18.0",,,"7,968",12.1,"8,678","6.9 5,024 8.4 3,654",,,,,5.5
KITUTU CENTRAL,"143,117 68,958 74,154",,,,"35,265",24.6,"19,207 27.9",,,"16,055",21.7,"18,562","13.0 10,307 14.9 8,253",,,,,11.1
MARANI,"100,436 47,090 53,345",,,,"11,969",11.9,"7,021 14.9",,,"4,948",9.3,"5,634","5.6 3,351 7.1 2,282",,,,,4.3
MASABA SOUTH,"114,613 54,167 60,442",,,,"14,865",13,"8,656 16.0",,,"6,208",10.3,"6,857","6.0 4,105 7.6 2,752",,,,,4.6
NYAMACHE,"122,459 57,910 64,547",,,,"16,225",13.2,"9,353 16.2",,,"6,872",10.6,"7,046","5.8 4,269 7.4 2,777",,,,,4.3
SAMETA,"62,588 29,619 32,965",,,,"8,156",13,"4,824 16.3",,,"3,332",10.1,"3,631","5.8 2,198 7.4 1,433",,,,,4.3
NYAMIRA,"566,741 271,344 295,385",,,,"90,354",15.9,"51,409 18.9",,,"38,945",13.2,"42,183","7.4 24,562 9.1 17,621",,,,,6
BORABU,"68,779 34,446 34,333",,,,"13,648",19.8,"7,801 22.6",,,"5,847",17,"6,632","9.6 3,857 11.2 2,775",,,,,8.1
MANGA,"88,406 41,976 46,428",,,,"13,535",15.3,"7,792 18.6",,,"5,743",12.4,"5,992","6.8 3,480 8.3 2,512",,,,,5.4
MASABA NORTH,"104,344 49,088 55,254",,,,"16,755",16.1,"9,583 19.5",,,"7,172",13,"7,588","7.3 4,420 9.0 3,168",,,,,5.7
NYAMIRA NORTH,"156,770 75,072 81,693",,,,"21,089",13.5,"12,178 16.2",,,"8,911",10.9,"10,319","6.6 6,065 8.1 4,254",,,,,5.2
NYAMIRA SOUTH,"148,442 70,762 77,677",,,,"25,327",17.1,"14,055 19.9",,,"11,272",14.5,"11,652","7.8 6,740 9.5 4,912",,,,,6.3
NAIROBI CITY,"4,010,447 1,986,852 2,023,404",,,,"2,100,763",52.4,"1,098,800 55.3",,,"1,001,864",49.5,"1,124,363","28.0 612,850 30.8 511,455",,,,,25.3
DAGORETTI,"398,369 199,539 198,804",,,,"188,630",47.4,"101,942 51.1",,,"86,674",43.6,"93,735","23.5 52,886 26.5 40,841",,,,,20.5
EMBAKASI,"904,247 449,669 454,540",,,,"502,164",55.5,"263,960 58.7",,,"238,186",52.4,"272,166","30.1 149,225 33.2 122,932",,,,,27
KAMUKUNJI,"242,507 122,131 120,369",,,,"115,467",47.6,"61,739 50.6",,,"53,724",44.6,"41,640","17.2 24,208 19.8 17,430",,,,,14.5
KASARANI,"710,889 344,378 366,478",,,,"379,562",53.4,"193,203 56.1",,,"186,343",50.8,"205,007","28.8 111,229 32.3 93,767",,,,,25.6
KIBRA,"169,509 85,815 83,687",,,,"75,392",44.5,"41,154 48.0",,,"34,233",40.9,"42,385","25.0 23,261 27.1 19,121",,,,,22.8
LANG'ATA,"180,488 87,399 93,081",,,,"118,899",65.9,"58,595 67.0",,,"60,302",64.8,"86,477","47.9 43,504 49.8 42,972",,,,,46.2
MAKADARA,"176,283 89,283 86,991",,,,"92,196",52.3,"49,033 54.9",,,"43,160",49.6,"47,544","27.0 26,262 29.4 21,280",,,,,24.5
MATHARE,"188,625 97,147 91,465",,,,"70,295",37.3,"41,412 42.6",,,"28,877",31.6,"23,989","12.7 14,838 15.3 9,147",,,,,10
NJIRU,"573,474 280,310 293,137",,,,"269,869",47.1,"139,682 49.8",,,"130,174",44.4,"128,093","22.3 70,897 25.3 57,190",,,,,19.5
STAREHE,"182,149 90,480 91,660",,,,"107,513",59,"55,484 61.3",,,"52,021",56.8,"59,704","32.8 32,417 35.8 27,282",,,,,29.8
WESTLANDS,"283,907 140,701 143,192",,,,"180,776",63.7,"92,596 65.8",,,"88,170",61.6,"123,623","43.5 64,123 45.6 59,493",,,,,41.5