"",,Persons in the Labour Force,,
"",,,Persons outside,
"",,Seeking Work/ No,the Labour,
"",,,1,
Broad Age Groups/County,Total,Working Work Available,Force,Not Stated
KENYA,"41,235,190","19,677,401 2,621,158","18,927,688","8,943"
5 - 14,"12,505,987","969,868 -","11,534,179","1,940"
15 - 17,"3,360,980","379,497 127,428","2,853,492",563
18 - 24,"6,288,095","2,891,426 708,167","2,687,184","1,318"
25 - 34,"7,333,397","5,544,992 939,317","847,376","1,712"
35 - 64,"9,886,139","8,371,755 791,492","720,494","2,398"
65 +,"1,860,021","1,519,863 54,754","284,963",441
Not Stated,571,- -,-,571
MOMBASA,"1,043,603","423,439 141,942","477,965",257
5 - 14,"243,191","3,289 -","239,864",38
15 - 17,"56,896","2,823 2,632","51,432",9
18 - 24,"179,599","64,289 38,583","76,691",36
25 - 34,"260,491","158,840 53,967","47,620",64
35 - 64,"280,908","186,702 44,595","49,532",79
65 +,"22,494","7,496 2,165","12,826",7
Not Stated,24,- -,-,24
KWALE,"728,767","333,587 44,175","350,840",165
5 - 14,"255,799","24,000 -","231,756",43
15 - 17,"60,598","8,881 1,418","50,290",9
18 - 24,"106,584","55,440 11,314","39,807",23
25 - 34,"116,234","89,047 15,303","11,863",21
35 - 64,"156,787","129,684 14,669","12,385",49
65 +,"32,755","26,535 1,471","4,739",10
Not Stated,10,- -,-,10
KILIFI,"1,240,674","534,420 77,211","628,808",235
5 - 14,"410,494","21,201 -","389,237",56
15 - 17,"106,780","7,783 1,733","97,249",15
18 - 24,"197,338","89,307 21,155","86,852",24
25 - 34,"205,386","154,294 27,712","23,339",41
35 - 64,"265,114","217,054 24,601","23,395",64
65 +,"55,546","44,781 2,010","8,736",19
Not Stated,16,- -,-,16
TANA RIVER,"261,570","118,026 25,851","117,572",121
5 - 14,"99,420","24,158 -","75,226",36
15 - 17,"20,986","5,593 1,653","13,732",8
18 - 24,"38,818","19,475 6,746","12,580",17
25 - 34,"39,780","25,745 7,804","6,211",20
35 - 64,"52,773","37,013 8,667","7,065",28
65 +,"9,787","6,042 981","2,758",6
Not Stated,6,- -,-,6
LAMU,"123,237","60,478 6,802","55,921",36
5 - 14,"36,847","3,290 -","33,553",4
15 - 17,"9,362","1,292 215","7,854",1
18 - 24,"18,425","9,865 1,867","6,688",5
25 - 34,"21,754","17,024 2,180","2,544",6
35 - 64,"31,188","25,012 2,371","3,791",14
65 +,"5,657","3,995 169","1,491",2
Not Stated,4,- -,-,4
TAITA/TAVETA,"297,186","161,750 15,886","119,483",67
5 - 14,"76,972","2,009 -","74,946",17
15 - 17,"21,951","2,317 334","19,297",3
18 - 24,"41,316","23,188 4,285","13,833",10
25 - 34,"49,577","40,257 5,243","4,067",10
35 - 64,"87,747","77,234 5,675","4,815",23
65 +,"19,620","16,745 349","2,525",1
Not Stated,3,- -,-,3
GARISSA,"723,909","259,150 167,274","297,333",152
5 - 14,"270,735","85,334 -","185,361",40
15 - 17,"76,510","23,761 25,368","27,371",10
18 - 24,"125,352","42,540 47,446","35,336",30
25 - 34,"114,266","48,334 43,483","22,416",33
35 - 64,"122,811","53,918 46,178","22,686",29
65 +,"14,231","5,263 4,799","4,163",6
Not Stated,4,- -,-,4
"",,Persons in the Labour Force,,
"",,,Persons outside,
"",,Seeking Work/ No,the Labour,
"",,,1,
Broad Age Groups/County,Total,Working Work Available,Force,Not Stated
WAJIR,"652,575","290,686 116,074","245,753",62
5 - 14,"269,151","102,667 -","166,465",19
15 - 17,"66,941","24,206 18,466","24,261",8
18 - 24,"96,144","42,282 29,759","24,090",13
25 - 34,"101,966","55,312 31,457","15,188",9
35 - 64,"106,927","59,977 33,406","13,533",11
65 +,"11,446","6,242 2,986","2,216",2
Not Stated,-,- -,-,-
MANDERA,"701,187","303,296 93,806","303,960",125
5 - 14,"313,355","114,937 -","198,368",50
15 - 17,"71,718","26,356 15,726","29,630",6
18 - 24,"108,142","46,918 27,176","34,029",19
25 - 34,"98,411","52,765 24,832","20,783",31
35 - 64,"97,064","55,498 23,568","17,980",18
65 +,"12,496","6,822 2,504","3,170",-
Not Stated,1,- -,-,1
MARSABIT,"378,184","178,797 47,232","151,967",188
5 - 14,"145,629","49,486 -","96,034",109
15 - 17,"37,619","13,751 6,353","17,510",5
18 - 24,"59,128","29,157 13,009","16,949",13
25 - 34,"58,509","36,334 13,453","8,694",28
35 - 64,"63,564","41,948 12,640","8,950",26
65 +,"13,730","8,121 1,777","3,830",2
Not Stated,5,- -,-,5
ISIOLO,"227,379","101,678 27,529","98,134",38
5 - 14,"80,059","20,469 -","59,585",5
15 - 17,"21,120","6,262 2,413","12,441",4
18 - 24,"34,759","16,099 7,298","11,355",7
25 - 34,"39,026","24,527 8,547","5,944",8
35 - 64,"44,301","29,737 8,364","6,189",11
65 +,"8,113","4,584 907","2,620",2
Not Stated,1,- -,-,1
MERU,"1,365,848","700,387 76,275","588,805",381
5 - 14,"368,655","11,948 -","356,629",78
15 - 17,"104,222","12,121 2,645","89,436",20
18 - 24,"190,702","94,545 18,535","77,573",49
25 - 34,"227,794","177,381 26,396","23,959",58
35 - 64,"388,090","334,518 26,561","26,881",130
65 +,"86,360","69,874 2,138","14,327",21
Not Stated,25,- -,-,25
THARAKA-NITHI,"351,034","191,231 13,707","146,026",70
5 - 14,"91,047","3,094 -","87,949",4
15 - 17,"27,379","2,359 231","24,785",4
18 - 24,"46,662","21,825 3,003","21,829",5
25 - 34,"54,313","45,099 4,873","4,326",15
35 - 64,"103,842","94,445 5,173","4,196",28
65 +,"27,781","24,409 427","2,941",4
Not Stated,10,- -,-,10
EMBU,"543,425","317,105 19,986","206,286",48
5 - 14,"128,640","4,036 -","124,596",8
15 - 17,"40,356","4,048 330","35,976",2
18 - 24,"75,302","40,853 5,021","29,426",2
25 - 34,"90,844","77,204 7,093","6,538",9
35 - 64,"169,750","156,479 7,130","6,125",16
65 +,"38,528","34,485 412","3,625",6
Not Stated,5,- -,-,5
KITUI,"1,004,160","486,486 31,902","485,625",147
5 - 14,"317,256","12,148 -","305,074",34
15 - 17,"100,719","7,977 779","91,952",11
18 - 24,"137,905","66,609 7,817","63,466",13
25 - 34,"134,497","115,028 10,465","8,985",19
35 - 64,"242,219","220,328 11,611","10,228",52
65 +,"71,554","64,396 1,230","5,920",8
Not Stated,10,- -,-,10
"",,Persons in the Labour Force,,
"",,,Persons outside,
"",,Seeking Work/ No,the Labour,
"",,,1,
Broad Age Groups/County,Total,Working Work Available,Force,Not Stated
MACHAKOS,"1,267,555","670,368 76,771","520,217",199
5 - 14,"315,896","6,324 -","309,539",33
15 - 17,"94,157","6,147 1,009","86,989",12
18 - 24,"182,209","87,810 19,736","74,632",31
25 - 34,"229,012","178,193 28,986","21,793",40
35 - 64,"367,045","321,256 25,893","19,835",61
65 +,"79,223","70,638 1,147","7,429",9
Not Stated,13,- -,-,13
MAKUENI,"880,923","456,299 32,008","392,458",158
5 - 14,"247,033","5,391 -","241,611",31
15 - 17,"80,688","4,506 485","75,686",11
18 - 24,"120,225","58,037 7,650","54,514",24
25 - 34,"128,973","109,335 11,264","8,352",22
35 - 64,"237,586","217,803 11,785","7,950",48
65 +,"66,411","61,227 824","4,345",15
Not Stated,7,- -,-,7
NYANDARUA,"566,158","318,818 9,880","237,397",63
5 - 14,"157,376","3,476 -","153,886",14
15 - 17,"49,727","4,437 204","45,083",3
18 - 24,"73,673","41,028 3,129","29,510",6
25 - 34,"80,525","73,314 3,442","3,763",6
35 - 64,"169,020","163,181 2,982","2,835",22
65 +,"35,833","33,382 123","2,320",8
Not Stated,4,- -,-,4
NYERI,"679,998","404,432 24,702","250,817",47
5 - 14,"150,950","1,977 -","148,971",2
15 - 17,"45,907","1,970 204","43,733",-
18 - 24,"85,389","39,828 6,408","39,150",3
25 - 34,"102,465","86,686 8,477","7,293",9
35 - 64,"235,197","219,439 9,147","6,591",20
65 +,"60,082","54,532 466","5,079",5
Not Stated,8,- -,-,8
KIRINYAGA,"548,367","337,519 17,941","192,868",39
5 - 14,"117,875","1,640 -","116,233",2
15 - 17,"37,071","2,285 260","34,524",2
18 - 24,"66,597","35,198 4,412","26,985",2
25 - 34,"90,620","79,001 6,231","5,381",7
35 - 64,"196,827","184,682 6,687","5,442",16
65 +,"39,371","34,713 351","4,303",4
Not Stated,6,- -,-,6
MURANG'A,"942,756","549,832 33,957","358,831",136
5 - 14,"231,593","3,939 -","227,637",17
15 - 17,"68,440","4,946 562","62,926",6
18 - 24,"111,584","59,164 8,797","43,607",16
25 - 34,"135,680","115,912 11,115","8,636",17
35 - 64,"306,001","284,638 12,839","8,483",41
65 +,"89,446","81,233 644","7,542",27
Not Stated,12,- -,-,12
KIAMBU,"2,125,316","1,116,365 165,846","842,577",528
5 - 14,"467,075","4,258 -","462,748",69
15 - 17,"126,170","6,333 1,815","117,999",23
18 - 24,"348,011","160,897 46,146","140,871",97
25 - 34,"480,432","360,020 62,922","57,359",131
35 - 64,"617,872","519,386 53,077","45,267",142
65 +,"85,720","65,471 1,886","18,333",30
Not Stated,36,- -,-,36
TURKANA,"791,011","327,808 145,174","317,342",687
5 - 14,"286,631","98,817 -","187,570",244
15 - 17,"76,261","27,129 17,200","31,856",76
18 - 24,"136,237","53,695 39,418","43,010",114
25 - 34,"131,835","63,619 43,558","24,555",103
35 - 64,"136,885","72,757 40,532","23,467",129
65 +,"23,159","11,791 4,466","6,884",18
Not Stated,3,- -,-,3
"",,Persons in the Labour Force,,
"",,,Persons outside,
"",,Seeking Work/ No,the Labour,
"",,,1,
Broad Age Groups/County,Total,Working Work Available,Force,Not Stated
WEST POKOT,"505,029","241,125 19,661","244,145",98
5 - 14,"203,229","45,982 -","157,209",38
15 - 17,"44,222","9,231 1,161","33,822",8
18 - 24,"76,499","37,766 4,709","34,016",8
25 - 34,"76,936","60,444 6,967","9,506",19
35 - 64,"86,336","73,186 6,024","7,107",19
65 +,"17,804","14,516 800","2,485",3
Not Stated,3,- -,-,3
SAMBURU,"257,368","144,384 14,181","98,776",27
5 - 14,"100,775","38,566 -","62,199",10
15 - 17,"23,046","9,004 1,300","12,739",3
18 - 24,"41,675","24,854 3,992","12,828",1
25 - 34,"39,685","30,594 4,263","4,824",4
35 - 64,"42,945","34,425 4,063","4,452",5
65 +,"9,240","6,941 563","1,734",2
Not Stated,2,- -,-,2
TRANS NZOIA,"856,006","360,674 38,655","456,613",64
5 - 14,"291,222","9,780 -","281,427",15
15 - 17,"81,024","5,861 956","74,205",2
18 - 24,"127,311","54,509 9,268","63,521",13
25 - 34,"131,346","99,880 14,263","17,194",9
35 - 64,"190,817","162,191 13,162","15,448",16
65 +,"34,282","28,453 1,006","4,818",5
Not Stated,4,- -,-,4
UASIN GISHU,"1,012,918","451,826 65,879","495,077",136
5 - 14,"286,060","4,361 -","281,679",20
15 - 17,"82,270","3,896 855","77,508",11
18 - 24,"174,786","69,096 17,218","88,454",18
25 - 34,"196,801","142,357 28,243","26,170",31
35 - 64,"238,637","202,631 18,662","17,307",37
65 +,"34,353","29,485 901","3,959",8
Not Stated,11,- -,-,11
ELGEYO/MARAKWET,"392,505","172,899 15,407","204,139",60
5 - 14,"130,209","4,162 -","126,029",18
15 - 17,"35,643","2,684 306","32,652",1
18 - 24,"62,140","28,457 3,931","29,740",12
25 - 34,"61,557","49,081 6,055","6,414",7
35 - 64,"83,764","73,018 4,631","6,099",16
65 +,"19,191","15,497 484","3,205",5
Not Stated,1,- -,-,1
NANDI,"777,779","366,657 25,493","385,549",80
5 - 14,"242,079","5,954 -","236,105",20
15 - 17,"69,716","4,068 416","65,224",8
18 - 24,"118,772","51,713 6,197","60,851",11
25 - 34,"129,946","107,926 10,378","11,631",11
35 - 64,"181,376","164,935 7,924","8,493",24
65 +,"35,888","32,061 578","3,245",4
Not Stated,2,- -,-,2
BARINGO,"567,970","273,503 28,604","265,820",43
5 - 14,"200,603","33,289 -","167,302",12
15 - 17,"52,610","9,685 1,630","41,293",2
18 - 24,"89,419","45,237 8,182","35,995",5
25 - 34,"86,059","66,535 10,104","9,410",10
35 - 64,"113,679","97,729 7,919","8,022",9
65 +,"25,599","21,028 769","3,798",4
Not Stated,1,- -,-,1
LAIKIPIA,"448,546","239,295 21,564","187,649",38
5 - 14,"129,131","10,985 -","118,139",7
15 - 17,"36,222","4,236 647","31,339",-
18 - 24,"62,901","32,613 5,707","24,576",5
25 - 34,"73,066","60,165 7,316","5,579",6
35 - 64,"122,146","109,321 7,435","5,380",10
65 +,"25,077","21,975 459","2,636",7
Not Stated,3,- -,-,3
"",,Persons in the Labour Force,,
"",,,Persons outside,
"",,Seeking Work/ No,the Labour,
"",,,1,
Broad Age Groups/County,Total,Working Work Available,Force,Not Stated
NAKURU,"1,870,222","909,666 94,842","865,402",312
5 - 14,"539,423","12,687 -","526,679",57
15 - 17,"148,296","11,437 1,780","135,042",37
18 - 24,"295,500","139,455 27,243","128,749",53
25 - 34,"346,839","274,558 35,588","36,647",46
35 - 64,"467,225","410,068 28,876","28,202",79
65 +,"72,911","61,461 1,355","10,083",12
Not Stated,28,- -,-,28
NAROK,"961,649","464,247 23,739","473,475",188
5 - 14,"378,059","48,246 -","329,768",45
15 - 17,"80,930","13,455 1,055","66,408",12
18 - 24,"142,832","84,271 6,283","52,252",26
25 - 34,"153,581","132,408 8,594","12,542",37
35 - 64,"178,505","161,704 7,241","9,504",56
65 +,"27,735","24,163 566","3,001",5
Not Stated,7,- -,-,7
KAJIADO,"951,420","452,921 79,919","418,261",319
5 - 14,"273,292","20,668 -","252,560",64
15 - 17,"61,781","6,622 1,796","53,345",18
18 - 24,"156,110","74,276 21,476","60,300",58
25 - 34,"212,424","155,137 31,344","25,871",72
35 - 64,"224,284","179,694 23,947","20,563",80
65 +,"23,512","16,524 1,356","5,622",10
Not Stated,17,- -,-,17
KERICHO,"787,507","391,168 21,807","374,322",210
5 - 14,"244,952","6,564 -","238,338",50
15 - 17,"68,385","5,456 397","62,517",15
18 - 24,"123,103","62,199 6,269","54,612",23
25 - 34,"141,815","121,886 9,361","10,519",49
35 - 64,"176,273","164,864 5,439","5,918",52
65 +,"32,966","30,199 341","2,418",8
Not Stated,13,- -,-,13
BOMET,"762,274","362,007 16,249","383,946",72
5 - 14,"253,691","5,838 -","247,839",14
15 - 17,"71,333","5,172 332","65,820",9
18 - 24,"119,220","59,234 4,876","55,099",11
25 - 34,"128,309","112,525 7,011","8,765",8
35 - 64,"158,008","149,701 3,801","4,483",23
65 +,"31,710","29,537 229","1,940",4
Not Stated,3,- -,-,3
KAKAMEGA,"1,635,814","736,602 49,344","849,497",371
5 - 14,"559,971","19,573 -","540,308",90
15 - 17,"155,975","12,943 1,080","141,933",19
18 - 24,"230,376","105,247 12,118","112,965",46
25 - 34,"229,677","189,612 18,362","21,649",54
35 - 64,"374,088","336,532 16,512","20,941",103
65 +,"85,701","72,695 1,272","11,701",33
Not Stated,26,- -,-,26
VIHIGA,"522,668","250,123 15,154","257,299",92
5 - 14,"165,508","3,852 -","161,642",14
15 - 17,"48,147","3,017 223","44,896",11
18 - 24,"68,016","30,226 3,511","34,272",7
25 - 34,"65,459","54,091 5,504","5,849",15
35 - 64,"131,435","119,425 5,506","6,479",25
65 +,"44,096","39,512 410","4,161",13
Not Stated,7,- -,-,7
BUNGOMA,"1,445,146","629,607 40,627","774,779",133
5 - 14,"519,430","24,720 -","494,670",40
15 - 17,"142,634","13,148 1,119","128,357",10
18 - 24,"211,244","96,573 9,852","104,801",18
25 - 34,"210,584","173,009 15,779","21,777",19
35 - 64,"301,341","270,834 12,893","17,582",32
65 +,"59,906","51,323 984","7,592",7
Not Stated,7,- -,-,7
"",,Persons in the Labour Force,,
"",,,Persons outside,
"",,Seeking Work/ No,the Labour,
"",,,1,
Broad Age Groups/County,Total,Working Work Available,Force,Not Stated
BUSIA,"773,860","351,407 22,325","400,058",70
5 - 14,"265,692","11,986 -","253,698",8
15 - 17,"75,992","8,468 603","66,918",3
18 - 24,"116,592","56,026 5,955","54,603",8
25 - 34,"111,989","93,410 8,309","10,265",5
35 - 64,"165,420","149,656 6,895","8,839",30
65 +,"38,166","31,861 563","5,735",7
Not Stated,9,- -,-,9
SIAYA,"868,276","412,930 22,225","432,797",324
5 - 14,"288,483","7,544 -","280,856",83
15 - 17,"76,686","5,950 385","70,320",31
18 - 24,"119,555","57,892 5,930","55,690",43
25 - 34,"129,804","110,746 8,634","10,385",39
35 - 64,"194,431","179,776 6,647","7,931",77
65 +,"59,293","51,022 629","7,615",27
Not Stated,24,- -,-,24
KISUMU,"1,004,086","434,312 50,843","518,631",300
5 - 14,"310,878","4,754 -","306,069",55
15 - 17,"84,942","4,736 800","79,390",16
18 - 24,"160,982","64,759 13,798","82,378",47
25 - 34,"183,956","138,596 20,867","24,441",52
35 - 64,"219,036","186,601 14,582","17,765",88
65 +,"44,266","34,866 796","8,588",16
Not Stated,26,- -,-,26
HOMA BAY,"970,400","419,128 27,424","523,766",82
5 - 14,"347,305","9,468 -","337,820",17
15 - 17,"89,998","6,371 544","83,079",4
18 - 24,"141,184","65,048 6,938","69,186",12
25 - 34,"148,284","122,377 11,197","14,699",11
35 - 64,"194,441","175,868 7,991","10,562",20
65 +,"49,180","39,996 754","8,420",10
Not Stated,8,- -,-,8
MIGORI,"948,018","400,538 33,117","514,155",208
5 - 14,"349,825","13,355 -","336,414",56
15 - 17,"86,236","8,280 1,055","76,893",8
18 - 24,"147,370","72,184 9,004","66,150",32
25 - 34,"150,819","121,772 12,841","16,169",37
35 - 64,"177,832","156,525 9,444","11,809",54
65 +,"35,921","28,422 773","6,720",6
Not Stated,15,- -,-,15
KISII,"1,117,320","507,691 41,266","568,224",139
5 - 14,"366,544","8,245 -","358,273",26
15 - 17,"97,347","6,924 763","89,655",5
18 - 24,"153,650","71,117 9,879","72,629",25
25 - 34,"183,228","146,916 16,553","19,736",23
35 - 64,"259,439","228,590 12,984","17,828",37
65 +,"57,099","45,899 1,087","10,103",10
Not Stated,13,- -,-,13
NYAMIRA,"538,716","250,423 18,614","269,627",52
5 - 14,"172,063","3,518 -","168,532",13
15 - 17,"46,701","3,207 395","43,095",4
18 - 24,"67,476","31,400 3,889","32,180",7
25 - 34,"86,511","69,601 7,151","9,752",7
35 - 64,"135,684","118,460 6,613","10,596",15
65 +,"30,279","24,237 566","5,472",4
Not Stated,2,- -,-,2
NAIROBI CITY,"3,814,871","1,812,311 422,288","1,578,696","1,576"
5 - 14,"805,884","7,883 -","797,786",215
15 - 17,"199,266","8,363 5,795","185,030",78
18 - 24,"701,281","279,225 123,232","298,554",270
25 - 34,"1,062,332","728,095 175,830","157,973",434
35 - 64,"989,479","763,332 114,150","111,563",434
65 +,"56,503","25,413 3,281","27,790",19
Not Stated,126,- -,-,126
"",,,Persons in the Labour Force,,
"",,,Seeking Work/,Persons outside,
Broad Age,,,No Work,the Labour,
2,,,,1,
Groups/County,,Total,Working Available,Force,Not Stated
Kenya,,"28,451,359","13,873,424 1,283,497","13,289,275","5,163"
5 - 14,,"9,448,847","902,041 -","8,545,459","1,347"
15 - 17,,"2,568,562","335,479 88,554","2,144,170",359
18 - 24,,"4,006,882","1,984,846 330,823","1,690,532",681
25 - 34,,"4,166,006","3,373,721 417,930","373,574",781
35 - 64,,"6,668,384","5,905,787 409,994","351,242","1,361"
65 +,,"1,592,396","1,371,550 36,196","184,298",352
Not Stated,,282,- -,-,282
KWALE,,"621,486","288,030 32,067","301,241",148
5 - 14,,"228,866","23,514 -","205,312",40
15 - 17,,"53,904","8,485 1,201","44,209",9
18 - 24,,"88,244","48,239 8,034","31,951",20
25 - 34,,"90,966","72,628 10,630","7,690",18
35 - 64,,"129,612","110,111 10,971","8,486",44
65 +,,"29,885","25,053 1,231","3,593",8
Not Stated,,9,- -,-,9
KILIFI,,"902,310","393,185 41,057","467,928",140
5 - 14,,"323,148","19,825 -","303,285",38
15 - 17,,"84,603","6,661 1,053","76,876",13
18 - 24,,"137,573","65,154 11,085","61,320",14
25 - 34,,"127,208","102,361 13,984","10,845",18
35 - 64,,"182,622","158,441 13,579","10,567",35
65 +,,"47,148","40,743 1,356","5,035",14
Not Stated,,8,- -,-,8
TANA RIVER,,"197,612","99,002 14,851","83,663",96
5 - 14,,"79,338","23,105 -","56,204",29
15 - 17,,"16,392","5,216 1,170","9,999",7
18 - 24,,"27,331","15,730 3,653","7,935",13
25 - 34,,"27,463","19,795 4,172","3,482",14
35 - 64,,"39,328","29,892 5,209","4,206",21
65 +,,"7,754","5,264 647","1,837",6
Not Stated,,6,- -,-,6
LAMU,,"90,801","47,441 3,914","39,419",27
5 - 14,,"28,264","3,151 -","25,109",4
15 - 17,,"7,207","1,173 135","5,898",1
18 - 24,,"13,235","7,762 1,041","4,427",5
25 - 34,,"14,978","12,459 1,255","1,258",6
35 - 64,,"22,668","19,379 1,394","1,888",7
65 +,,"4,445","3,517 89",839,-
Not Stated,,4,- -,-,4
TAITA/TAVETA,,"217,801","123,034 8,714","86,000",53
5 - 14,,"57,893","1,746 -","56,131",16
15 - 17,,"16,696","1,912 190","14,591",3
18 - 24,,"28,266","16,764 2,256","9,239",7
25 - 34,,"31,994","27,377 2,728","1,883",6
35 - 64,,"65,759","59,953 3,311","2,477",18
65 +,,"17,191","15,282 229","1,679",1
Not Stated,,2,- -,-,2
GARISSA,,"545,401","225,021 121,777","198,510",93
5 - 14,,"206,213","77,704 -","128,487",22
15 - 17,,"57,516","21,581 19,126","16,800",9
18 - 24,,"94,882","37,436 35,258","22,166",22
25 - 34,,"84,410","39,395 30,667","14,329",19
35 - 64,,"92,644","44,547 33,626","14,454",17
65 +,,"9,735","4,358 3,100","2,274",3
Not Stated,,1,- -,-,1
WAJIR,,"501,258","260,518 74,706","166,002",32
5 - 14,,"211,406","95,287 -","116,113",6
15 - 17,,"50,723","22,140 12,530","16,051",2
18 - 24,,"73,171","37,977 19,755","15,430",9
25 - 34,,"77,548","47,834 20,234","9,474",6
35 - 64,,"80,359","51,885 20,531","7,936",7
65 +,,"8,051","5,395 1,656",998,2
Not Stated,,-,- -,-,-
"",,,Persons in the Labour Force,,
"",,,Seeking Work/,Persons outside,
Broad Age,,,No Work,the Labour,
2,,,,1,
Groups/County,,Total,Working Available,Force,Not Stated
MANDERA,,"479,727","246,879 56,916","175,845",87
5 - 14,,"221,713","99,059 -","122,633",21
15 - 17,,"48,929","22,511 10,515","15,899",4
18 - 24,,"71,690","37,668 16,688","17,315",19
25 - 34,,"65,338","40,418 14,596","10,297",27
35 - 64,,"64,577","42,267 13,792","8,503",15
65 +,,"7,479","4,956 1,325","1,198",-
Not Stated,,1,- -,-,1
MARSABIT,,"288,777","156,341 31,509","100,739",188
5 - 14,,"115,523","47,923 -","67,491",109
15 - 17,,"28,171","12,634 4,653","10,879",5
18 - 24,,"43,493","24,875 8,656","9,949",13
25 - 34,,"43,347","29,497 8,608","5,214",28
35 - 64,,"47,662","34,263 8,318","5,055",26
65 +,,"10,576","7,149 1,274","2,151",2
Not Stated,,5,- -,-,5
ISIOLO,,"119,570","65,400 11,255","42,904",11
5 - 14,,"46,311","17,418 -","28,890",3
15 - 17,,"11,661","5,108 1,410","5,141",2
18 - 24,,"17,123","10,273 2,958","3,890",2
25 - 34,,"18,973","13,647 3,203","2,122",1
35 - 64,,"21,259","15,967 3,291","1,998",3
65 +,,"4,243","2,987 393",863,-
Not Stated,,-,- -,-,-
MERU,,"1,247,197","637,412 65,502","543,935",348
5 - 14,,"344,652","11,599 -","332,977",76
15 - 17,,"97,937","11,721 2,502","83,696",18
18 - 24,,"169,499","84,452 15,590","69,414",43
25 - 34,,"196,186","153,851 21,956","20,331",48
35 - 64,,"355,722","308,051 23,426","24,124",121
65 +,,"83,180","67,738 2,028","13,393",21
Not Stated,,21,- -,-,21
THARAKA-NITHI,,"322,564","175,325 11,681","135,498",60
5 - 14,,"85,649","3,038 -","82,607",4
15 - 17,,"25,884","2,265 213","23,403",3
18 - 24,,"41,802","19,729 2,476","19,592",5
25 - 34,,"47,534","39,959 4,043","3,521",11
35 - 64,,"95,130","86,922 4,556","3,628",24
65 +,,"26,556","23,412 393","2,747",4
Not Stated,,9,- -,-,9
EMBU,,"478,273","280,186 15,683","182,365",39
5 - 14,,"116,623","3,928 -","112,688",7
15 - 17,,"36,951","3,857 270","32,823",1
18 - 24,,"62,958","34,969 3,780","24,207",2
25 - 34,,"74,440","64,384 5,398","4,652",6
35 - 64,,"150,661","140,013 5,874","4,762",12
65 +,,"36,635","33,035 361","3,233",6
Not Stated,,5,- -,-,5
KITUI,,"958,995","462,783 27,756","468,311",145
5 - 14,,"307,948","12,033 -","295,881",34
15 - 17,,"98,097","7,778 709","89,599",11
18 - 24,,"128,422","62,006 6,370","60,033",13
25 - 34,,"122,550","105,886 8,908","7,737",19
35 - 64,,"231,341","211,282 10,594","9,415",50
65 +,,"70,627","63,798 1,175","5,646",8
Not Stated,,10,- -,-,10
MACHAKOS,,"907,268","487,598 41,410","378,190",70
5 - 14,,"241,577","5,633 -","235,934",10
15 - 17,,"75,799","5,420 652","69,723",4
18 - 24,,"117,493","59,588 9,546","48,349",10
25 - 34,,"131,602","109,036 13,972","8,584",10
35 - 64,,"267,939","241,470 16,371","10,073",25
65 +,,"72,853","66,451 869","5,527",6
Not Stated,,5,- -,-,5
"",,,Persons in the Labour Force,,
"",,,Seeking Work/,Persons outside,
Broad Age,,,No Work,the Labour,
2,,,,1,
Groups/County,,Total,Working Available,Force,Not Stated
MAKUENI,,"818,098","422,691 26,346","368,912",149
5 - 14,,"233,906","5,239 -","228,637",30
15 - 17,,"77,077","4,336 399","72,331",11
18 - 24,,"108,737","52,169 5,997","50,551",20
25 - 34,,"112,223","96,414 9,131","6,659",19
35 - 64,,"221,341","204,481 10,088","6,725",47
65 +,,"64,807","60,052 731","4,009",15
Not Stated,,7,- -,-,7
NYANDARUA,,"508,675","285,964 7,630","215,020",61
5 - 14,,"143,857","3,332 -","140,511",14
15 - 17,,"46,095","4,231 173","41,688",3
18 - 24,,"64,129","35,742 2,395","25,986",6
25 - 34,,"67,024","61,872 2,597","2,549",6
35 - 64,,"153,139","148,612 2,361","2,145",21
65 +,,"34,428","32,175 104","2,141",8
Not Stated,,3,- -,-,3
NYERI,,"549,782","330,883 16,762","202,107",30
5 - 14,,"124,731","1,767 -","122,962",2
15 - 17,,"38,782","1,717 136","36,929",-
18 - 24,,"63,368","29,645 4,167","29,555",1
25 - 34,,"71,663","62,061 5,429","4,168",5
35 - 64,,"195,122","184,179 6,676","4,254",13
65 +,,"56,112","51,514 354","4,239",5
Not Stated,,4,- -,-,4
KIRINYAGA,,"429,388","267,143 11,896","150,316",33
5 - 14,,"93,136","1,362 -","91,772",2
15 - 17,,"29,770","1,884 197","27,687",2
18 - 24,,"49,525","26,229 2,892","20,402",2
25 - 34,,"64,809","57,515 3,976","3,314",4
35 - 64,,"157,125","148,878 4,566","3,668",13
65 +,,"35,017","31,275 265","3,473",4
Not Stated,,6,- -,-,6
MURANG'A,,"840,116","492,669 27,670","319,648",129
5 - 14,,"209,200","3,699 -","205,485",16
15 - 17,,"62,258","4,580 470","57,202",6
18 - 24,,"95,122","50,733 7,086","37,289",14
25 - 34,,"112,685","97,640 8,804","6,225",16
35 - 64,,"275,179","257,776 10,753","6,609",41
65 +,,"85,661","78,241 557","6,838",25
Not Stated,,11,- -,-,11
KIAMBU,,"634,583","353,038 34,523","246,914",108
5 - 14,,"153,387","1,943 -","151,429",15
15 - 17,,"46,855","2,950 540","43,361",4
18 - 24,,"83,321","43,886 9,282","30,141",12
25 - 34,,"97,275","78,732 10,923","7,599",21
35 - 64,,"205,270","183,550 13,191","8,496",33
65 +,,"48,465","41,977 587","5,888",13
Not Stated,,10,- -,-,10
TURKANA,,"671,690","302,870 119,224","248,960",636
5 - 14,,"249,520","97,720 -","151,571",229
15 - 17,,"64,891","26,575 15,606","22,642",68
18 - 24,,"112,880","49,402 32,150","31,224",104
25 - 34,,"109,352","54,647 34,983","19,623",99
35 - 64,,"115,475","63,540 32,897","18,920",118
65 +,,"19,571","10,986 3,588","4,980",17
Not Stated,,1,- -,-,1
WEST POKOT,,"478,369","230,760 16,822","230,692",95
5 - 14,,"195,919","45,813 -","150,068",38
15 - 17,,"42,151","9,112 1,102","31,929",8
18 - 24,,"71,384","35,969 3,922","31,486",7
25 - 34,,"70,523","56,251 5,777","8,476",19
35 - 64,,"81,077","69,396 5,262","6,401",18
65 +,,"17,312","14,219 759","2,332",2
Not Stated,,3,- -,-,3
"",,,Persons in the Labour Force,,
"",,,Seeking Work/,Persons outside,
Broad Age,,,No Work,the Labour,
2,,,,1,
Groups/County,,Total,Working Available,Force,Not Stated
SAMBURU,,"217,885","129,684 9,969","78,207",25
5 - 14,,"88,812","38,019 -","50,783",10
15 - 17,,"19,661","8,759 1,122","9,777",3
18 - 24,,"34,426","22,050 2,707","9,668",1
25 - 34,,"31,810","25,436 2,878","3,492",4
35 - 64,,"34,988","28,934 2,818","3,233",3
65 +,,"8,186","6,486 444","1,254",2
Not Stated,,2,- -,-,2
TRANS NZOIA,,"703,122","296,459 27,354","379,269",40
5 - 14,,"248,187","9,194 -","238,984",9
15 - 17,,"68,843","5,318 774","62,749",2
18 - 24,,"101,381","44,558 6,297","50,520",6
25 - 34,,"98,744","77,320 9,720","11,700",4
35 - 64,,"154,683","133,616 9,718","11,337",12
65 +,,"31,282","26,453 845","3,979",5
Not Stated,,2,- -,-,2
UASIN GISHU,,"573,675","261,161 23,250","289,196",68
5 - 14,,"180,261","3,432 -","176,818",11
15 - 17,,"53,111","2,702 321","50,082",6
18 - 24,,"89,681","39,182 5,454","45,040",5
25 - 34,,"88,695","70,760 9,276","8,645",14
35 - 64,,"134,946","120,573 7,666","6,687",20
65 +,,"26,974","24,512 533","1,924",5
Not Stated,,7,- -,-,7
ELGEYO/MARAKWET,,"374,788","165,035 13,742","195,957",54
5 - 14,,"125,883","4,084 -","121,786",13
15 - 17,,"34,378","2,622 275","31,480",1
18 - 24,,"58,627","27,061 3,493","28,061",12
25 - 34,,"57,179","46,148 5,242","5,782",7
35 - 64,,"79,844","69,867 4,256","5,705",16
65 +,,"18,876","15,253 476","3,143",4
Not Stated,,1,- -,-,1
NANDI,,"726,576","342,199 21,514","362,783",80
5 - 14,,"229,567","5,773 -","223,774",20
15 - 17,,"66,259","3,904 350","61,997",8
18 - 24,,"109,581","47,966 5,090","56,514",11
25 - 34,,"117,587","98,835 8,700","10,041",11
35 - 64,,"168,875","154,551 6,842","7,458",24
65 +,,"34,705","31,170 532","2,999",4
Not Stated,,2,- -,-,2
BARINGO,,"504,271","244,934 23,029","236,269",39
5 - 14,,"183,373","33,086 -","150,275",12
15 - 17,,"47,741","9,442 1,549","36,748",2
18 - 24,,"77,883","40,302 6,418","31,159",4
25 - 34,,"72,094","56,511 7,825","7,748",10
35 - 64,,"99,032","85,548 6,548","6,930",6
65 +,,"24,147","20,045 689","3,409",4
Not Stated,,1,- -,-,1
LAIKIPIA,,"339,798","183,394 13,184","143,195",25
5 - 14,,"104,212","10,689 -","93,520",3
15 - 17,,"29,311","3,937 514","24,860",-
18 - 24,,"44,774","24,137 3,439","17,195",3
25 - 34,,"47,508","40,448 4,245","2,810",5
35 - 64,,"91,551","83,928 4,655","2,963",5
65 +,,"22,439","20,255 331","1,847",6
Not Stated,,3,- -,-,3
NAKURU,,"968,762","480,262 29,168","459,182",150
5 - 14,,"314,041","10,412 -","303,599",30
15 - 17,,"86,723","8,587 701","77,416",19
18 - 24,,"137,508","72,406 8,339","56,737",26
25 - 34,,"143,378","123,728 10,127","9,505",18
35 - 64,,"236,097","218,958 9,387","7,716",36
65 +,,"51,004","46,171 614","4,209",10
Not Stated,,11,- -,-,11
"",,,Persons in the Labour Force,,
"",,,Seeking Work/,Persons outside,
Broad Age,,,No Work,the Labour,
2,,,,1,
Groups/County,,Total,Working Available,Force,Not Stated
NAROK,,"877,207","422,305 18,025","436,727",150
5 - 14,,"355,632","47,824 -","307,768",40
15 - 17,,"75,756","13,100 957","61,687",12
18 - 24,,"127,880","76,677 4,664","46,521",18
25 - 34,,"132,238","115,874 6,180","10,155",29
35 - 64,,"159,129","145,430 5,724","7,933",42
65 +,,"26,567","23,400 500","2,663",4
Not Stated,,5,- -,-,5
KAJIADO,,"411,653","193,486 22,331","195,746",90
5 - 14,,"151,733","19,365 -","132,342",26
15 - 17,,"32,805","5,248 1,009","26,541",7
18 - 24,,"59,486","32,907 5,355","21,211",13
25 - 34,,"68,011","53,581 7,460","6,959",11
35 - 64,,"85,490","71,207 7,670","6,587",26
65 +,,"14,126","11,178 837","2,106",5
Not Stated,,2,- -,-,2
KERICHO,,"708,412","350,181 17,006","341,050",175
5 - 14,,"226,185","6,340 -","219,797",48
15 - 17,,"63,439","5,189 326","57,911",13
18 - 24,,"108,122","54,933 4,742","48,431",16
25 - 34,,"120,877","105,517 7,244","8,079",37
35 - 64,,"158,126","149,040 4,395","4,647",44
65 +,,"31,653","29,162 299","2,185",7
Not Stated,,10,- -,-,10
BOMET,,"739,421","349,993 14,927","374,434",67
5 - 14,,"248,535","5,771 -","242,750",14
15 - 17,,"69,993","5,088 309","64,587",9
18 - 24,,"114,372","56,911 4,428","53,022",11
25 - 34,,"121,854","107,369 6,433","8,045",7
35 - 64,,"153,258","145,550 3,535","4,153",20
65 +,,"31,407","29,304 222","1,877",4
Not Stated,,2,- -,-,2
KAKAMEGA,,"1,475,035","665,777 38,264","770,658",336
5 - 14,,"516,152","18,905 -","497,162",85
15 - 17,,"143,446","12,174 910","130,345",17
18 - 24,,"201,967","94,704 9,129","98,096",38
25 - 34,,"196,983","166,067 13,828","17,041",47
35 - 64,,"335,454","304,665 13,279","17,415",95
65 +,,"81,010","69,262 1,118","10,599",31
Not Stated,,23,- -,-,23
VIHIGA,,"471,601","225,737 12,586","233,201",77
5 - 14,,"151,213","3,637 -","147,566",10
15 - 17,,"44,086","2,824 179","41,076",7
18 - 24,,"60,307","26,907 2,864","30,531",5
25 - 34,,"56,397","47,025 4,546","4,814",12
35 - 64,,"118,551","108,409 4,643","5,476",23
65 +,,"41,040","36,935 354","3,738",13
Not Stated,,7,- -,-,7
BUNGOMA,,"1,281,539","558,664 30,692","692,066",117
5 - 14,,"471,576","23,703 -","447,835",38
15 - 17,,"128,617","12,310 880","115,419",8
18 - 24,,"184,301","85,884 7,219","91,184",14
25 - 34,,"178,307","149,642 11,647","17,000",18
35 - 64,,"263,289","239,120 10,108","14,034",27
65 +,,"55,443","48,005 838","6,594",6
Not Stated,,6,- -,-,6
BUSIA,,"679,568","310,725 15,422","353,378",43
5 - 14,,"238,275","11,539 -","226,730",6
15 - 17,,"68,358","7,875 443","60,039",1
18 - 24,,"100,754","49,257 4,015","47,478",4
25 - 34,,"91,647","78,805 5,538","7,304",-
35 - 64,,"144,260","132,607 4,965","6,667",21
65 +,,"36,269","30,642 461","5,160",6
Not Stated,,5,- -,-,5
"",,,Persons in the Labour Force,,
"",,,Seeking Work/,Persons outside,
Broad Age,,,No Work,the Labour,
2,,,,1,
Groups/County,,Total,Working Available,Force,Not Stated
SIAYA,,"795,024","380,269 18,168","396,307",280
5 - 14,,"267,522","7,297 -","260,149",76
15 - 17,,"71,003","5,665 325","64,987",26
18 - 24,,"106,055","52,452 4,777","48,787",39
25 - 34,,"113,169","98,008 6,794","8,333",34
35 - 64,,"179,624","167,061 5,680","6,819",64
65 +,,"57,634","49,786 592","7,232",24
Not Stated,,17,- -,-,17
KISUMU,,"625,384","273,120 21,664","330,458",142
5 - 14,,"210,682","4,063 -","206,591",28
15 - 17,,"57,689","3,673 413","53,598",5
18 - 24,,"89,357","39,620 5,140","44,574",23
25 - 34,,"92,865","74,314 8,257","10,269",25
35 - 64,,"137,218","120,724 7,300","9,156",38
65 +,,"37,563","30,726 554","6,270",13
Not Stated,,10,- -,-,10
HOMA BAY,,"875,773","377,888 22,066","475,752",67
5 - 14,,"318,984","9,220 -","309,750",14
15 - 17,,"82,654","6,052 440","76,159",3
18 - 24,,"124,051","57,614 5,309","61,116",12
25 - 34,,"126,185","105,633 8,804","11,742",6
35 - 64,,"176,260","160,450 6,802","8,993",15
65 +,,"47,632","38,919 711","7,992",10
Not Stated,,7,- -,-,7
MIGORI,,"807,279","344,162 23,327","439,598",192
5 - 14,,"305,746","12,531 -","293,161",54
15 - 17,,"74,698","7,594 783","66,313",8
18 - 24,,"121,920","61,828 6,193","53,871",28
25 - 34,,"120,844","100,556 8,835","11,421",32
35 - 64,,"150,557","134,790 6,865","8,852",50
65 +,,"33,499","26,863 651","5,980",5
Not Stated,,15,- -,-,15
KISII,,"987,143","450,445 32,299","504,275",124
5 - 14,,"332,853","7,932 -","324,895",26
15 - 17,,"88,197","6,495 669","81,028",5
18 - 24,,"129,640","61,994 7,446","60,178",22
25 - 34,,"151,572","124,651 12,401","14,501",19
35 - 64,,"230,637","205,298 10,785","14,523",31
65 +,,"54,233","44,075 998","9,150",10
Not Stated,,11,- -,-,11
NYAMIRA,,"497,702","233,371 15,839","248,448",44
5 - 14,,"160,643","3,387 -","157,247",9
15 - 17,,"43,445","3,074 353","40,015",3
18 - 24,,"61,161","29,099 3,268","28,787",7
25 - 34,,"77,971","63,834 5,976","8,156",5
35 - 64,,"125,504","110,606 5,716","9,168",14
65 +,,"28,976","23,371 526","5,075",4
Not Stated,,2,- -,-,2
"",,Persons in the Labour Force,,,
"",,Seeking Work/,Persons,,
"",,No Work,outside the,,
"",,,1,,
Broad Age Groups/County,Total,Working Available,Labour Force,,Not Stated
Kenya,"12,783,831","5,803,977 1,337,661","5,638,413",,"3,780"
5 - 14,"3,057,140","67,827 -","2,988,720",,593
15 - 17,"792,418","44,018 38,874","709,322",,204
18 - 24,"2,281,213","906,580 377,344","996,652",,637
25 - 34,"3,167,391","2,171,271 521,387","473,802",,931
35 - 64,"3,217,755","2,465,968 381,498","369,252",,"1,037"
65 +,"267,625","148,313 18,558","100,665",,89
Not Stated,289,- -,,-,289
MOMBASA,"1,043,603","423,439 141,942","477,965",,257
5 - 14,"243,191","3,289 -","239,864",,38
15 - 17,"56,896","2,823 2,632","51,432",,9
18 - 24,"179,599","64,289 38,583","76,691",,36
25 - 34,"260,491","158,840 53,967","47,620",,64
35 - 64,"280,908","186,702 44,595","49,532",,79
65 +,"22,494","7,496 2,165","12,826",,7
Not Stated,24,- -,,-,24
KWALE,"107,281","45,557 12,108","49,599",,17
5 - 14,"26,933",486 -,"26,444",,3
15 - 17,"6,694",396 217,"6,081",,-
18 - 24,"18,340","7,201 3,280","7,856",,3
25 - 34,"25,268","16,419 4,673","4,173",,3
35 - 64,"27,175","19,573 3,698","3,899",,5
65 +,"2,870","1,482 240","1,146",,2
Not Stated,1,- -,,-,1
KILIFI,"338,364","141,235 36,154","160,880",,95
5 - 14,"87,346","1,376 -","85,952",,18
15 - 17,"22,177","1,122 680","20,373",,2
18 - 24,"59,765","24,153 10,070","25,532",,10
25 - 34,"78,178","51,933 13,728","12,494",,23
35 - 64,"82,492","58,613 11,022","12,828",,29
65 +,"8,398","4,038 654","3,701",,5
Not Stated,8,- -,,-,8
TANA RIVER,"63,958","19,024 11,000","33,909",,25
5 - 14,"20,082","1,053 -","19,022",,7
15 - 17,"4,594",377 483,"3,733",,1
18 - 24,"11,487","3,745 3,093","4,645",,4
25 - 34,"12,317","5,950 3,632","2,729",,6
35 - 64,"13,445","7,121 3,458","2,859",,7
65 +,"2,033",778 334,921,,-
Not Stated,-,- -,,-,-
LAMU,"32,436","13,037 2,888","16,502",,9
5 - 14,"8,583",139 -,"8,444",,-
15 - 17,"2,155",119 80,"1,956",,-
18 - 24,"5,190","2,103 826","2,261",,-
25 - 34,"6,776","4,565 925","1,286",,-
35 - 64,"8,520","5,633 977","1,903",,7
65 +,"1,212",478 80,652,,2
Not Stated,-,- -,,-,-
TAITA/TAVETA,"79,385","38,716 7,172","33,483",,14
5 - 14,"19,079",263 -,"18,815",,1
15 - 17,"5,255",405 144,"4,706",,-
18 - 24,"13,050","6,424 2,029","4,594",,3
25 - 34,"17,583","12,880 2,515","2,184",,4
35 - 64,"21,988","17,281 2,364","2,338",,5
65 +,"2,429","1,463 120",846,,-
Not Stated,1,- -,,-,1
GARISSA,"178,508","34,129 45,497","98,823",,59
5 - 14,"64,522","7,630 -","56,874",,18
15 - 17,"18,994","2,180 6,242","10,571",,1
18 - 24,"30,470","5,104 12,188","13,170",,8
25 - 34,"29,856","8,939 12,816","8,087",,14
35 - 64,"30,167","9,371 12,552","8,232",,12
65 +,"4,496","905 1,699","1,889",,3
Not Stated,3,- -,,-,3
"",,Persons in the Labour Force,,,
"",,Seeking Work/,Persons,,
"",,No Work,outside the,,
"",,,1,,
Broad Age Groups/County,Total,Working Available,Labour Force,,Not Stated
WAJIR,"151,317","30,168 41,368","79,751",,30
5 - 14,"57,745","7,380 -","50,352",,13
15 - 17,"16,218","2,066 5,936","8,210",,6
18 - 24,"22,973","4,305 10,004","8,660",,4
25 - 34,"24,418","7,478 11,223","5,714",,3
35 - 64,"26,568","8,092 12,875","5,597",,4
65 +,"3,395","847 1,330","1,218",,-
Not Stated,-,- -,,-,-
MANDERA,"221,460","56,417 36,890","128,115",,38
5 - 14,"91,642","15,878 -","75,735",,29
15 - 17,"22,789","3,845 5,211","13,731",,2
18 - 24,"36,452","9,250 10,488","16,714",,-
25 - 34,"33,073","12,347 10,236","10,486",,4
35 - 64,"32,487","13,231 9,776","9,477",,3
65 +,"5,017","1,866 1,179","1,972",,-
Not Stated,-,- -,,-,-
MARSABIT,"89,407","22,456 15,723","51,228",,-
5 - 14,"30,106","1,563 -","28,543",,-
15 - 17,"9,448","1,117 1,700","6,631",,-
18 - 24,"15,635","4,282 4,353","7,000",,-
25 - 34,"15,162","6,837 4,845","3,480",,-
35 - 64,"15,902","7,685 4,322","3,895",,-
65 +,"3,154",972 503,"1,679",,-
Not Stated,-,- -,,-,-
ISIOLO,"107,809","36,278 16,274","55,230",,27
5 - 14,"33,748","3,051 -","30,695",,2
15 - 17,"9,459","1,154 1,003","7,300",,2
18 - 24,"17,636","5,826 4,340","7,465",,5
25 - 34,"20,053","10,880 5,344","3,822",,7
35 - 64,"23,042","13,770 5,073","4,191",,8
65 +,"3,870","1,597 514","1,757",,2
Not Stated,1,- -,,-,1
MERU,"118,651","62,975 10,773","44,870",,33
5 - 14,"24,003",349 -,"23,652",,2
15 - 17,"6,285",400 143,"5,740",,2
18 - 24,"21,203","10,093 2,945","8,159",,6
25 - 34,"31,608","23,530 4,440","3,628",,10
35 - 64,"32,368","26,467 3,135","2,757",,9
65 +,"3,180","2,136 110",934,,-
Not Stated,4,- -,,-,4
THARAKA-NITHI,"28,470","15,906 2,026","10,528",,10
5 - 14,"5,398",56 -,"5,342",,-
15 - 17,"1,495",94 18,"1,382",,1
18 - 24,"4,860","2,096 527","2,237",,-
25 - 34,"6,779","5,140 830",805,,4
35 - 64,"8,712","7,523 617",568,,4
65 +,"1,225",997 34,194,,-
Not Stated,1,- -,,-,1
EMBU,"65,152","36,919 4,303","23,921",,9
5 - 14,"12,017",108 -,"11,908",,1
15 - 17,"3,405",191 60,"3,153",,1
18 - 24,"12,344","5,884 1,241","5,219",,-
25 - 34,"16,404","12,820 1,695","1,886",,3
35 - 64,"19,089","16,466 1,256","1,363",,4
65 +,"1,893","1,450 51",392,,-
Not Stated,-,- -,,-,-
KITUI,"45,165","23,703 4,146","17,314",,2
5 - 14,"9,308",115 -,"9,193",,-
15 - 17,"2,622",199 70,"2,353",,-
18 - 24,"9,483","4,603 1,447","3,433",,-
25 - 34,"11,947","9,142 1,557","1,248",,-
35 - 64,"10,878","9,046 1,017",813,,2
65 +,927,598 55,274,,-
Not Stated,-,- -,,-,-
"",,Persons in the Labour Force,,,
"",,Seeking Work/,Persons,,
"",,No Work,outside the,,
"",,,1,,
Broad Age Groups/County,Total,Working Available,Labour Force,,Not Stated
MACHAKOS,"360,287","182,770 35,361","142,027",,129
5 - 14,"74,319",691 -,"73,605",,23
15 - 17,"18,358",727 357,"17,266",,8
18 - 24,"64,716","28,222 10,190","26,283",,21
25 - 34,"97,410","69,157 15,014","13,209",,30
35 - 64,"99,106","79,786 9,522","9,762",,36
65 +,"6,370","4,187 278","1,902",,3
Not Stated,8,- -,,-,8
MAKUENI,"62,825","33,608 5,662","23,546",,9
5 - 14,"13,127",152 -,"12,974",,1
15 - 17,"3,611",170 86,"3,355",,-
18 - 24,"11,488","5,868 1,653","3,963",,4
25 - 34,"16,750","12,921 2,133","1,693",,3
35 - 64,"16,245","13,322 1,697","1,225",,1
65 +,"1,604","1,175 93",336,,-
Not Stated,-,- -,,-,-
NYANDARUA,"57,483","32,854 2,250","22,377",,2
5 - 14,"13,519",144 -,"13,375",,-
15 - 17,"3,632",206 31,"3,395",,-
18 - 24,"9,544","5,286 734","3,524",,-
25 - 34,"13,501","11,442 845","1,214",,-
35 - 64,"15,881","14,569 621",690,,1
65 +,"1,405","1,207 19",179,,-
Not Stated,1,- -,,-,1
NYERI,"130,216","73,549 7,940","48,710",,17
5 - 14,"26,219",210 -,"26,009",,-
15 - 17,"7,125",253 68,"6,804",,-
18 - 24,"22,021","10,183 2,241","9,595",,2
25 - 34,"30,802","24,625 3,048","3,125",,4
35 - 64,"40,075","35,260 2,471","2,337",,7
65 +,"3,970","3,018 112",840,,-
Not Stated,4,- -,,-,4
KIRINYAGA,"118,979","70,376 6,045","42,552",,6
5 - 14,"24,739",278 -,"24,461",,-
15 - 17,"7,301",401 63,"6,837",,-
18 - 24,"17,072","8,969 1,520","6,583",,-
25 - 34,"25,811","21,486 2,255","2,067",,3
35 - 64,"39,702","35,804 2,121","1,774",,3
65 +,"4,354","3,438 86",830,,-
Not Stated,-,- -,,-,-
MURANG'A,"102,640","57,163 6,287","39,183",,7
5 - 14,"22,393",240 -,"22,152",,1
15 - 17,"6,182",366 92,"5,724",,-
18 - 24,"16,462","8,431 1,711","6,318",,2
25 - 34,"22,995","18,272 2,311","2,411",,1
35 - 64,"30,822","26,862 2,086","1,874",,-
65 +,"3,785","2,992 87",704,,2
Not Stated,1,- -,,-,1
KIAMBU,"1,490,733","763,327 131,323","595,663",,420
5 - 14,"313,688","2,315 -","311,319",,54
15 - 17,"79,315","3,383 1,275","74,638",,19
18 - 24,"264,690","117,011 36,864","110,730",,85
25 - 34,"383,157","281,288 51,999","49,760",,110
35 - 64,"412,602","335,836 39,886","36,771",,109
65 +,"37,255","23,494 1,299","12,445",,17
Not Stated,26,- -,,-,26
TURKANA,"119,321","24,938 25,950","68,382",,51
5 - 14,"37,111","1,097 -","35,999",,15
15 - 17,"11,370","554 1,594","9,214",,8
18 - 24,"23,357","4,293 7,268","11,786",,10
25 - 34,"22,483","8,972 8,575","4,932",,4
35 - 64,"21,410","9,217 7,635","4,547",,11
65 +,"3,588",805 878,"1,904",,1
Not Stated,2,- -,,-,2
"",,Persons in the Labour Force,,,
"",,Seeking Work/,Persons,,
"",,No Work,outside the,,
"",,,1,,
Broad Age Groups/County,Total,Working Available,Labour Force,,Not Stated
WEST POKOT,"26,660","10,365 2,839","13,453",,3
5 - 14,"7,310",169 -,"7,141",,-
15 - 17,"2,071",119 59,"1,893",,-
18 - 24,"5,115","1,797 787","2,530",,1
25 - 34,"6,413","4,193 1,190","1,030",,-
35 - 64,"5,259","3,790 762",706,,1
65 +,492,297 41,153,,1
Not Stated,-,- -,,-,-
SAMBURU,"39,483","14,700 4,212","20,569",,2
5 - 14,"11,963",547 -,"11,416",,-
15 - 17,"3,385",245 178,"2,962",,-
18 - 24,"7,249","2,804 1,285","3,160",,-
25 - 34,"7,875","5,158 1,385","1,332",,-
35 - 64,"7,957","5,491 1,245","1,219",,2
65 +,"1,054",455 119,480,,-
Not Stated,-,- -,,-,-
TRANS NZOIA,"152,884","64,215 11,301","77,344",,24
5 - 14,"43,035",586 -,"42,443",,6
15 - 17,"12,181",543 182,"11,456",,-
18 - 24,"25,930","9,951 2,971","13,001",,7
25 - 34,"32,602","22,560 4,543","5,494",,5
35 - 64,"36,134","28,575 3,444","4,111",,4
65 +,"3,000","2,000 161",839,,-
Not Stated,2,- -,,-,2
UASIN GISHU,"439,243","190,665 42,629","205,881",,68
5 - 14,"105,799",929 -,"104,861",,9
15 - 17,"29,159","1,194 534","27,426",,5
18 - 24,"85,105","29,914 11,764","43,414",,13
25 - 34,"108,106","71,597 18,967","17,525",,17
35 - 64,"103,691","82,058 10,996","10,620",,17
65 +,"7,379","4,973 368","2,035",,3
Not Stated,4,- -,,-,4
ELGEYO/MARAKWET,"17,717","7,864 1,665","8,182",,6
5 - 14,"4,326",78 -,"4,243",,5
15 - 17,"1,265",62 31,"1,172",,-
18 - 24,"3,513","1,396 438","1,679",,-
25 - 34,"4,378","2,933 813",632,,-
35 - 64,"3,920","3,151 375",394,,-
65 +,315,244 8,62,,1
Not Stated,-,- -,,-,-
NANDI,"51,203","24,458 3,979","22,766",,-
5 - 14,"12,512",181 -,"12,331",,-
15 - 17,"3,457",164 66,"3,227",,-
18 - 24,"9,191","3,747 1,107","4,337",,-
25 - 34,"12,359","9,091 1,678","1,590",,-
35 - 64,"12,501","10,384 1,082","1,035",,-
65 +,"1,183",891 46,246,,-
Not Stated,-,- -,,-,-
BARINGO,"63,699","28,569 5,575","29,551",,4
5 - 14,"17,230",203 -,"17,027",,-
15 - 17,"4,869",243 81,"4,545",,-
18 - 24,"11,536","4,935 1,764","4,836",,1
25 - 34,"13,965","10,024 2,279","1,662",,-
35 - 64,"14,647","12,181 1,371","1,092",,3
65 +,"1,452",983 80,389,,-
Not Stated,-,- -,,-,-
LAIKIPIA,"108,748","55,901 8,380","44,454",,13
5 - 14,"24,919",296 -,"24,619",,4
15 - 17,"6,911",299 133,"6,479",,-
18 - 24,"18,127","8,476 2,268","7,381",,2
25 - 34,"25,558","19,717 3,071","2,769",,1
35 - 64,"30,595","25,393 2,780","2,417",,5
65 +,"2,638","1,720 128",789,,1
Not Stated,-,- -,,-,-
"",,Persons in the Labour Force,,,
"",,Seeking Work/,Persons,,
"",,No Work,outside the,,
"",,,1,,
Broad Age Groups/County,Total,Working Available,Labour Force,,Not Stated
NAKURU,"901,460","429,404 65,674","406,220",,162
5 - 14,"225,382","2,275 -","223,080",,27
15 - 17,"61,573","2,850 1,079","57,626",,18
18 - 24,"157,992","67,049 18,904","72,012",,27
25 - 34,"203,461","150,830 25,461","27,142",,28
35 - 64,"231,128","191,110 19,489","20,486",,43
65 +,"21,907","15,290 741","5,874",,2
Not Stated,17,- -,,-,17
NAROK,"84,442","41,942 5,714","36,748",,38
5 - 14,"22,427",422 -,"22,000",,5
15 - 17,"5,174",355 98,"4,721",,-
18 - 24,"14,952","7,594 1,619","5,731",,8
25 - 34,"21,343","16,534 2,414","2,387",,8
35 - 64,"19,376","16,274 1,517","1,571",,14
65 +,"1,168",763 66,338,,1
Not Stated,2,- -,,-,2
KAJIADO,"539,767","259,435 57,588","222,515",,229
5 - 14,"121,559","1,303 -","120,218",,38
15 - 17,"28,976","1,374 787","26,804",,11
18 - 24,"96,624","41,369 16,121","39,089",,45
25 - 34,"144,413","101,556 23,884","18,912",,61
35 - 64,"138,794","108,487 16,277","13,976",,54
65 +,"9,386","5,346 519","3,516",,5
Not Stated,15,- -,,-,15
KERICHO,"79,095","40,987 4,801","33,272",,35
5 - 14,"18,767",224 -,"18,541",,2
15 - 17,"4,946",267 71,"4,606",,2
18 - 24,"14,981","7,266 1,527","6,181",,7
25 - 34,"20,938","16,369 2,117","2,440",,12
35 - 64,"18,147","15,824 1,044","1,271",,8
65 +,"1,313","1,037 42",233,,1
Not Stated,3,- -,,-,3
BOMET,"22,853","12,014 1,322","9,512",,5
5 - 14,"5,156",67 -,"5,089",,-
15 - 17,"1,340",84 23,"1,233",,-
18 - 24,"4,848","2,323 448","2,077",,-
25 - 34,"6,455","5,156 578",720,,1
35 - 64,"4,750","4,151 266",330,,3
65 +,303,233 7,63,,-
Not Stated,1,- -,,-,1
KAKAMEGA,"160,779","70,825 11,080","78,839",,35
5 - 14,"43,819",668 -,"43,146",,5
15 - 17,"12,529",769 170,"11,588",,2
18 - 24,"28,409","10,543 2,989","14,869",,8
25 - 34,"32,694","23,545 4,534","4,608",,7
35 - 64,"38,634","31,867 3,233","3,526",,8
65 +,"4,691","3,433 154","1,102",,2
Not Stated,3,- -,,-,3
VIHIGA,"51,067","24,386 2,568","24,098",,15
5 - 14,"14,295",215 -,"14,076",,4
15 - 17,"4,061",193 44,"3,820",,4
18 - 24,"7,709","3,319 647","3,741",,2
25 - 34,"9,062","7,066 958","1,035",,3
35 - 64,"12,884","11,016 863","1,003",,2
65 +,"3,056","2,577 56",423,,-
Not Stated,-,- -,,-,-
BUNGOMA,"163,607","70,943 9,935","82,713",,16
5 - 14,"47,854","1,017 -","46,835",,2
15 - 17,"14,017",838 239,"12,938",,2
18 - 24,"26,943","10,689 2,633","13,617",,4
25 - 34,"32,277","23,367 4,132","4,777",,1
35 - 64,"38,052","31,714 2,785","3,548",,5
65 +,"4,463","3,318 146",998,,1
Not Stated,1,- -,,-,1
"",,Persons in the Labour Force,,,
"",,Seeking Work/,Persons,,
"",,No Work,outside the,,
"",,,1,,
Broad Age Groups/County,Total,Working Available,Labour Force,,Not Stated
BUSIA,"94,292","40,682 6,903","46,680",,27
5 - 14,"27,417",447 -,"26,968",,2
15 - 17,"7,634",593 160,"6,879",,2
18 - 24,"15,838","6,769 1,940","7,125",,4
25 - 34,"20,342","14,605 2,771","2,961",,5
35 - 64,"21,160","17,049 1,930","2,172",,9
65 +,"1,897","1,219 102",575,,1
Not Stated,4,- -,,-,4
SIAYA,"73,252","32,661 4,057","36,490",,44
5 - 14,"20,961",247 -,"20,707",,7
15 - 17,"5,683",285 60,"5,333",,5
18 - 24,"13,500","5,440 1,153","6,903",,4
25 - 34,"16,635","12,738 1,840","2,052",,5
35 - 64,"14,807","12,715 967","1,112",,13
65 +,"1,659","1,236 37",383,,3
Not Stated,7,- -,,-,7
KISUMU,"378,702","161,192 29,179","188,173",,158
5 - 14,"100,196",691 -,"99,478",,27
15 - 17,"27,253","1,063 387","25,792",,11
18 - 24,"71,625","25,139 8,658","37,804",,24
25 - 34,"91,091","64,282 12,610","14,172",,27
35 - 64,"81,818","65,877 7,282","8,609",,50
65 +,"6,703","4,140 242","2,318",,3
Not Stated,16,- -,,-,16
HOMA BAY,"94,627","41,240 5,358","48,014",,15
5 - 14,"28,321",248 -,"28,070",,3
15 - 17,"7,344",319 104,"6,920",,1
18 - 24,"17,133","7,434 1,629","8,070",,-
25 - 34,"22,099","16,744 2,393","2,957",,5
35 - 64,"18,181","15,418 1,189","1,569",,5
65 +,"1,548","1,077 43",428,,-
Not Stated,1,- -,,-,1
MIGORI,"140,739","56,376 9,790","74,557",,16
5 - 14,"44,079",824 -,"43,253",,2
15 - 17,"11,538",686 272,"10,580",,-
18 - 24,"25,450","10,356 2,811","12,279",,4
25 - 34,"29,975","21,216 4,006","4,748",,5
35 - 64,"27,275","21,735 2,579","2,957",,4
65 +,"2,422","1,559 122",740,,1
Not Stated,-,- -,,-,-
KISII,"130,177","57,246 8,967","63,949",,15
5 - 14,"33,691",313 -,"33,378",,-
15 - 17,"9,150",429 94,"8,627",,-
18 - 24,"24,010","9,123 2,433","12,451",,3
25 - 34,"31,656","22,265 4,152","5,235",,4
35 - 64,"28,802","23,292 2,199","3,305",,6
65 +,"2,866","1,824 89",953,,-
Not Stated,2,- -,,-,2
NYAMIRA,"41,014","17,052 2,775","21,179",,8
5 - 14,"11,420",131 -,"11,285",,4
15 - 17,"3,256",133 42,"3,080",,1
18 - 24,"6,315","2,301 621","3,393",,-
25 - 34,"8,540","5,767 1,175","1,596",,2
35 - 64,"10,180","7,854 897","1,428",,1
65 +,"1,303",866 40,397,,-
Not Stated,-,- -,,-,-
NAIROBI CITY,"3,814,871","1,812,311 422,288","1,578,696",,"1,576"
5 - 14,"805,884","7,883 -","797,786",,215
15 - 17,"199,266","8,363 5,795","185,030",,78
18 - 24,"701,281","279,225 123,232","298,554",,270
25 - 34,"1,062,332","728,095 175,830","157,973",,434
35 - 64,"989,479","763,332 114,150","111,563",,434
65 +,"56,503","25,413 3,281","27,790",,19
Not Stated,126,- -,,-,126
