"",,Left School/ Learning Institution  Left School/ Learning,Never Been to School/,,
Not Stated  County/ Special Age  Total*,At School/ Learning Institution,After Completion Institution Before Completion,Learning Institution,Don't Know,
Groups,,,,,
Total Male,Female Total Male Female,Total Male Female Total Male Female,Total Male Female,Total Male Female,Total Male Female
"MOMBASA   1,100,173 552,476","547,681 378,423   189,490   188,930","457,603   243,173 214,424 153,982 74,382 79,596","101,097 40,253 60,843","8,817 5,043","3,772 251 135 116"
"3-5 84,323 42,434","41,889 57,828 28,547 29,281",467 246 221 131 67 64,"25,241 13,231 12,010",644 335,309 12 8 4
"4-5 55,708 27,813","27,895 46,528 22,965 23,563",374 197 177 107 52 55,"8,421 4,456 3,965",269 138,131 9 5 4
"6-13 194,684 96,354","98,328 186,170 92,111 94,057","1,924 950 974 790 375 415","5,190 2,620 2,570",579 285,294 31 13 18
"14-17 77,650 37,269","40,381 68,494 33,719 34,775","4,146 1,588 2,558 2,793 1,028 1,765","1,931 811 1,120",275 119,156 11 4 7
"18-22 119,644 53,843","65,798 40,268 20,912 19,356","55,303 23,725 31,578 18,868 7,268 11,598","4,557 1,660 2,897",629 269,359 19 9 10
"23+ 623,848 322,563","301,274 25,663 14,201 11,461","395,763   216,664 179,093 131,400 65,644 65,754","64,178 21,931 42,246","6,690 4,035","2,654 154 88 66"
Not Stated 24 13,11 - - -,- - - - - -,- -,- - -,- 24 13 11
"KWALE 783,189 382,538","400,636 334,612 171,696   162,911","152,178 83,012 69,162 98,811 49,352 49,457","192,001 75,281 116,716","5,418 3,108","2,310 169 89 80"
"3-5 83,068 41,933","41,134 38,902 19,159 19,743",139 65 74 60 35 25,"43,471 22,426 21,044",481 240,241 15 8 7
"4-5 56,504 28,730","27,774 34,535 17,139 17,396",110 53 57 48 24 24,"21,540 11,379 10,161",261 128,133 10 7 3
"6-13 204,259 103,008","101,246 185,190 93,232 91,955","770 385 384 1,043 552 491","16,615 8,499 8,115",611 322,289 30 18 12
"14-17 83,492 42,684","40,808 70,746 36,454 34,292","2,198 900 1,298 4,373 2,158 2,215","5,908 3,031 2,877",251 131,120 16 10 6
"18-22 80,175 38,332","41,841 31,324 18,083 13,240","22,674 9,590 13,083 16,532 6,837 9,695","9,181 3,601 5,580",449 215,234 15 6 9
"23+ 332,185 156,576","175,602 8,450 4,768 3,681","126,397 72,072 54,323 76,803 39,770 37,031","116,826 37,724 79,100","3,626 2,200","1,426 83 42 41"
Not Stated 10,5 5 - - -,- - - - - -,- -,- - -,- 10 5 5
"",,Left School/ Learning Institution  Left School/ Learning,Never Been to School/,,
Not Stated  County/ Special Age  Total*,At School/ Learning Institution,After Completion Institution Before Completion,Learning Institution,Don't Know,
Groups,,,,,
Total Male,Female Total Male Female,Total Male Female Total Male Female,Total Male Female,Total Male Female,Total Male Female
"KILIFI 1,323,664 636,891","686,754 605,776   308,926 296,841","282,538 154,263   128,273   175,199 86,075 89,122","250,280 82,303 167,972","9,634 5,214","4,420 237 110 126"
"3-5 126,430 63,506","62,923 74,467 36,629 37,837",268 138 130 107 47 60,"50,798 26,291 24,507",778 393,385 12 8 4
"4-5 85,491 43,101","42,389 62,064 30,760 31,303",208 108 100 89 38 51,"22,668 11,964 10,704",452 225,227 10 6 4
"6-13 328,848 164,769","164,072 311,570   155,860 155,705","1,385 662 723 988 516 472","13,828 7,198 6,628","1,035 511",524 42 22 20
"14-17 144,986 73,000","71,983 133,019 67,451 65,565","3,092 1,274 1,818 4,451 2,020 2,431","3,980 2,038 1,942",421 205,216 23 12 11
"18-22 146,905 71,639","75,263 68,786 38,854 29,932","42,363 18,199 24,164 27,066 11,097 15,967","7,844 3,104 4,739",826 375,451 20 10 10
"23+ 576,479 263,973","312,502 17,934 10,132 7,802","235,430   133,990 101,438 142,587 72,395 70,192","173,830 43,672 130,156","6,574 3,730","2,844 124 54 70"
Not Stated 16,4 11 - - -,- - - - - -,- -,- - -,- 16 4 11
"TANA RIVER 284,605 142,087","142,516 95,997 50,470 45,527","32,815 19,351 13,464 29,062 14,502 14,560","125,160 56,872 68,287","1,445 835",609 126 57 69
"3-5 34,347 17,515","16,832 11,814 6,021 5,793",41 25 16 25 11 14,"22,334 11,380 10,954",122 71,51 11 7 4
"4-5 23,116 11,854","11,262 10,170 5,240 4,930",36 22 14 17 9 8,"12,816 6,535 6,281",69 42,27 8 6 2
"6-13 80,023 40,694","39,329 54,228 27,623 26,605",278 152 126 444 276 168,"24,849 12,536 12,313",197 95,102 27 12 15
"14-17 29,071 14,979","14,091 18,570 9,666 8,904","765 334 431 1,472 693 779","8,169 4,236 3,933",82 45,36 13 5 8
"18-22 28,997 13,928","15,069 7,693 4,697 2,996","6,170 2,853 3,317 5,205 2,200 3,005","9,798 4,106 5,692",119 69,50 12 3 9
"23+ 112,161 54,966","57,194 3,692 2,463 1,229","25,561 15,987 9,574 21,916 11,322 10,594","60,010 24,614 35,395",925 555,370 57 25 32
Not Stated 6,5 1 - - -,- - - - - -,- -,- - -,- 6 5 1
"",,Left School/ Learning Institution  Left School/ Learning,Never Been to School/,,
Not Stated  County/ Special Age  Total*,At School/ Learning Institution,After Completion Institution Before Completion,Learning Institution,Don't Know,
Groups,,,,,
Total Male,Female Total Male Female,Total Male Female Total Male Female,Total Male Female,Total Male Female,Total Male Female
"LAMU 130,991 69,111","61,877 50,249 25,969 24,278","30,833 18,933 11,899 22,762 11,830 10,932","26,325 11,888 14,437",786 472,314 36 19 17
"3-5 11,661 6,019","5,642 5,929 2,963 2,966",27 16 11 40 15 25,"5,631 3,013 2,618",33 12,21 1 - 1
"4-5 7,836 4,058","3,778 5,212 2,618 2,594",22 12 10 30 12 18,"2,556 1,409 1,147",15 7,8 1 - 1
"6-13 29,588 14,994","14,592 27,023 13,635 13,386",123 71 52 317 178 139,"2,095 1,097 998",28 13,15 2 - 2
"14-17 12,714 6,600","6,114 10,904 5,682 5,222",360 145 215 737 368 369,692 397 295,19 8,11 2 - 2
"18-22 13,403 7,005","6,398 4,823 2,767 2,056","4,438 2,298 2,140 2,909 1,327 1,582","1,181 585 596",47 26,21 5 2 3
"23+ 63,621 34,490","29,130 1,570 922 648","25,885 16,403 9,481 18,759 9,942 8,817","16,726 6,796 9,930",659 413,246 22 14 8
Not Stated 4,3 1 - - -,- - - - - -,- -,- - -,- 4 3 1
"TAITA/TAVETA 312,593 158,230","154,357 116,381 59,272 57,108","118,731 63,137 55,594 47,998 23,804 24,190","28,128 11,239 16,888","1,286 744",542 69 34 35
"3-5 22,877 11,568","11,309 15,157 7,575 7,582",78 34 44 25 15 10,"7,542 3,900 3,642",69 40,29 6 4 2
"4-5 15,103 7,640","7,463 12,890 6,465 6,425",69 31 38 20 12 8,"2,089 1,110 979",30 19,11 5 3 2
"6-13 61,802 31,032","30,769 60,281 30,234 30,046",333 166 167 172 85 87,953 516 437,50 29,21 13 2 11
"14-17 29,651 15,194","14,457 26,706 13,633 13,073","1,660 855 805 861 466 395",383 219 164,38 19,19 3 2 1
"18-22 30,070 15,371","14,699 10,688 5,847 4,841","14,432 7,147 7,285 4,121 1,969 2,152",720 347 373,101 57,44 8 4 4
"23+ 168,190 85,063","83,122 3,549 1,983 1,566","102,228 54,935 47,293 42,819 21,269 21,546","18,530 6,257 12,272","1,028 599",429 36 20 16
Not Stated 3,2 1 - - -,- - - - - -,- -,- - -,- 3 2 1
"",,Left School/ Learning Institution  Left School/ Learning,Never Been to School/,,
Not Stated  County/ Special Age  Total*,At School/ Learning Institution,After Completion Institution Before Completion,Learning Institution,Don't Know,
Groups,,,,,
Total Male,Female Total Male Female,Total Male Female Total Male Female,Total Male Female,Total Male Female,Total Male Female
"GARISSA 778,006 425,411","352,563 132,990 77,489 55,497","23,144 15,400 7,744 9,508 5,309 4,198","584,730   311,556 273,149","27,479   15,564","11,913 155 93 62"
"3-5 80,977 41,983","38,991 10,731 5,554 5,177",160 92 68 150 79 71,"67,222 34,758 32,461","2,703 1,495","1,208 11 5 6"
"4-5 56,033 29,206","26,825 8,639 4,469 4,170",120 69 51 109 60 49,"45,361 23,615 21,744","1,795 988",807 9 5 4
"6-13 218,905 119,628","99,273 61,186 33,516 27,669","1,030 573 457 934 532 402","149,100 81,178 67,919","6,624 3,811","2,813 31 18 13"
"14-17 101,460 61,885","39,572 29,875 18,344 11,531","1,110 624 486 836 428 408","65,992 40,165 25,824","3,633 2,314","1,319 14 10 4"
"18-22 101,279 56,300","44,970 18,542 11,611 6,930","4,434 2,410 2,024 1,959 894 1,064","72,469 39,182 33,281","3,850 2,185","1,664 25 18 7"
"23+ 275,381 145,611","129,757 12,656 8,464 4,190","16,410 11,701 4,709 5,629 3,376 2,253","229,947   116,273   113,664","10,669 5,759","4,909 70 38 32"
Not Stated 4,4 - - - -,- - - - - -,- -,- - -,- 4 4 -
"WAJIR 711,571 379,557","331,969 132,611 75,637 56,970","13,792 9,423 4,369 5,489 3,224 2,265","549,406 285,684   263,682","10,209 5,548","4,660 64 41 23"
"3-5 83,900 42,178","41,720 11,034 5,725 5,309",153 80 73 112 59 53,"71,632 35,844 35,786",967 468,499 2 2 -
"4-5 59,294 29,854","29,438 9,134 4,760 4,374",124 64 60 84 42 42,"49,241 24,641 24,598",710 346,364 1 1 -
"6-13 219,824 116,445","103,368 69,953 37,752 32,200","1,029 520 509 586 304 282","145,401 76,389 69,002","2,838 1,469","1,369 17 11 6"
"14-17 91,364 53,607","37,751 28,803 17,251 11,550",847 492 355 571 287 284,"59,796 34,747 25,045","1,337 821",516 10 9 1
"18-22 77,553 41,097","36,449 14,256 9,020 5,236","2,677 1,565 1,112 1,127 566 561","58,107 29,167 28,933","1,374 770",604 12 9 3
"23+ 238,930 126,230","112,681 8,565 5,889 2,675","9,086 6,766 2,320 3,093 2,008 1,085","214,470 109,537 104,916","3,693 2,020","1,672 23 10 13"
Not Stated -,- - - - -,- - - - - -,- -,- - -,- - - -
"",,Left School/ Learning Institution  Left School/ Learning,Never Been to School/,,
Not Stated  County/ Special Age  Total*,At School/ Learning Institution,After Completion Institution Before Completion,Learning Institution,Don't Know,
Groups,,,,,
Total Male,Female Total Male Female,Total Male Female Total Male Female,Total Male Female,Total Male Female,Total Male Female
"MANDERA 775,085 391,182","383,873 168,647 90,664 77,980","21,483 14,204 7,279 7,222 4,118 3,104","555,819 271,252   284,543","21,776  10,871","10,902 138 73 65"
"3-5 103,560 48,234","55,322 16,406 7,614 8,792",324 151 173 123 59 64,"84,254 39,289 44,961","2,432 1,113","1,319 21 8 13"
"4-5 72,763 34,127","38,633 13,380 6,256 7,124",254 123 131 96 47 49,"57,318 26,913 30,402","1,698 783",915 17 5 12
"6-13 255,983 126,744","129,229 89,566 45,240 44,325","1,808 899 909 831 450 381","157,412 77,110 80,294","6,328 3,022","3,305 38 23 15"
"14-17 99,428 55,172","44,250 34,747 20,177 14,568","1,648 896 752 842 414 428","59,420 32,212 27,204","2,759 1,467","1,292 12 6 6"
"18-22 87,317 44,273","43,041 17,998 11,132 6,866","4,710 2,632 2,078 1,656 785 871","60,074 28,261 31,811","2,864 1,455","1,408 15 8 7"
"23+ 228,796 116,758","112,031 9,930 6,501 3,429","12,993 9,626 3,367 3,770 2,410 1,360","194,659 94,380 100,273","7,393 3,814","3,578 51 27 24"
Not Stated 1,1 - - - -,- - - - - -,- -,- - -,- 1 1 -
"MARSABIT 409,629 215,220","194,392 108,132 55,636 52,492","25,727 16,016 9,711 12,494 7,160 5,334","259,725 134,525   125,190","3,335 1,773","1,559 216 110 106"
"3-5 47,147 24,076","23,071 13,340 6,614 6,726",50 29 21 28 13 15,"33,271 17,187 16,084",414 212,202 44 21 23
"4-5 31,913 16,347","15,566 11,329 5,621 5,708",40 23 17 22 9 13,"20,225 10,535 9,690",272 145,127 25 14 11
"6-13 117,427 60,668","56,756 58,402 28,964 29,436",502 270 232 468 267 201,"57,081 30,676 26,405",887 438,448 87 53 34
"14-17 50,119 28,221","21,895 22,120 11,441 10,677","1,034 495 539 1,235 675 560","25,308 15,369 9,938",411 235,176 11 6 5
"18-22 45,923 24,558","21,365 9,638 5,549 4,089","5,118 2,614 2,504 2,824 1,404 1,420","27,968 14,792 13,176",370 198,172 5 1 4
"23+ 149,008 77,694","71,303 4,632 3,068 1,564","19,023 12,608 6,415 7,939 4,801 3,138","116,097 56,501 59,587","1,253 690",561 64 26 38
Not Stated 5,3 2 - - -,- - - - - -,- -,- - -,- 5 3 2
"",,Left School/ Learning Institution  Left School/ Learning,Never Been to School/,,
Not Stated  County/ Special Age  Total*,At School/ Learning Institution,After Completion Institution Before Completion,Learning Institution,Don't Know,
Groups,,,,,
Total Male,Female Total Male Female,Total Male Female Total Male Female,Total Male Female,Total Male Female,Total Male Female
"ISIOLO 245,462 128,141","117,317 79,881 40,960 38,920","34,817 19,823 14,994 14,485 7,599 6,886","114,759 58,852 55,904","1,483 886",597 37 21 16
"3-5 26,916 13,591","13,324 11,432 5,684 5,747",60 31 29 27 18 9,"15,267 7,780 7,487",129 78,51 1 - 1
"4-5 18,136 9,169","8,967 9,431 4,733 4,698",47 26 21 18 13 5,"8,560 4,348 4,212",79 49,30 1 - 1
"6-13 64,168 33,286","30,882 42,037 21,140 20,897",394 213 181 323 194 129,"21,157 11,588 9,569",252 148,104 5 3 2
"14-17 28,178 15,456","12,722 16,382 8,285 8,097",994 476 518 941 509 432,"9,721 6,096 3,625",136 88,48 4 2 2
"18-22 26,215 13,443","12,771 6,886 3,876 3,010","5,914 2,777 3,137 2,669 1,234 1,435","10,562 5,462 5,099",177 91,86 7 3 4
"23+ 99,984 52,364","47,618 3,144 1,975 1,169","27,455 16,326 11,129 10,525 5,644 4,881","58,052 27,926 30,124",789 481,308 19 12 7
Not Stated 1,1 - - - -,- - - - - -,- -,- - -,- 1 1 -
"MERU 1,436,400 711,224","725,139 554,475   277,202 277,259","360,142   179,720 180,414   301,441 153,600 147,834","205,961 92,010   113,943","13,999 8,488","5,511 382 204 178"
"3-5 104,960 53,027","51,932 66,626 33,178 33,447",256 121 135 175 96 79,"37,242 19,287 17,955",642 335,307 19 10 9
"4-5 69,120 35,083","34,036 57,207 28,717 28,489",204 95 109 141 76 65,"11,270 6,041 5,229",283 146,137 15 8 7
"6-13 296,132 148,388","147,739 284,172 141,598 142,570","1,505 715 790 1,960 1,245 715","7,734 4,411 3,322",696 381,315 65 38 27
"14-17 142,337 70,967","71,365 123,781 60,377 63,399","3,334 1,633 1,701 9,858 5,635 4,223","4,772 2,963 1,809",567 349,218 25 10 15
"18-22 141,400 69,256","72,141 59,058 30,414 28,642","36,462 16,068 20,394 36,085 17,327 18,758","8,631 4,735 3,895","1,130 690",440 34 22 12
"23+ 751,547 369,574","381,950 20,838 11,635 9,201","318,585   161,183 157,394 253,363 129,297   124,059","147,582 60,614 86,962","10,964 6,733","4,231 215 112 103"
Not Stated 24 12,12 - - -,- - - - - -,- -,- - -,- 24 12 12
"",,Left School/ Learning Institution  Left School/ Learning,Never Been to School/,,
Not Stated  County/ Special Age  Total*,At School/ Learning Institution,After Completion Institution Before Completion,Learning Institution,Don't Know,
Groups,,,,,
Total Male,Female Total Male Female,Total Male Female Total Male Female,Total Male Female,Total Male Female,Total Male Female
"THARAKA-NITHI 367,574 180,692","186,875 144,933 73,509 71,422","96,834 48,177 48,655 82,897 40,913 41,983","39,296 16,089 23,205","3,543 1,966","1,577 71 38 33"
"3-5 24,943 12,480","12,461 15,071 7,473 7,598",59 24 35 31 8 23,"9,607 4,893 4,712",174 81,93 1 1 -
"4-5 16,552 8,341","8,209 13,603 6,788 6,815",51 21 30 27 8 19,"2,786 1,478 1,306",85 46,39 - - -
"6-13 73,030 36,670","36,359 70,881 35,532 35,348",254 135 119 376 223 153,"1,280 650 630",236 128,108 3 2 1
"14-17 36,993 18,649","18,344 34,297 17,193 17,104","590 282 308 1,332 734 598",625 368 257,144 70,74 5 2 3
"18-22 34,412 17,098","17,312 18,520 9,858 8,661","8,173 3,607 4,565 6,654 3,071 3,583",871 461 410,191 101,90 3 - 3
"23+ 198,189 95,792","102,395 6,164 3,453 2,711","87,758 44,129 43,628 74,504 36,877 37,626","26,913 9,717 17,196","2,798 1,586","1,212 52 30 22"
Not Stated 7,3 4 - - -,- - - - - -,- -,- - -,- 7 3 4
"EMBU 568,228 283,024","285,182 205,389   104,132   101,251","180,500 90,744 89,746   131,329 67,774 63,552","48,555 18,822 29,730","2,404 1,530",874 51 22 29
"3-5 36,582 18,614","17,965 21,733 10,887 10,844",67 35 32 33 18 15,"14,636 7,614 7,021",110 60,50 3 - 3
"4-5 24,007 12,234","11,770 19,578 9,867 9,709",58 30 28 27 15 12,"4,305 2,301 2,003",39 21,18 - - -
"6-13 103,233 51,912","51,319 101,318 50,873 50,443",399 212 187 345 201 144,"1,108 595 513",56 28,28 7 3 4
"14-17 53,984 27,508","26,474 50,032 25,195 24,835","1,249 652 597 2,230 1,362 868",429 269 160,41 29,12 3 1 2
"18-22 54,941 28,017","26,922 24,674 12,943 11,731","18,079 8,500 9,577 11,278 6,014 5,264",740 444 296,168 115,53 2 1 1
"23+ 319,483 156,971","162,499 7,632 4,234 3,398","160,706 81,345 79,353   117,443 60,179 57,261","31,642 9,900 21,740","2,029 1,298",731 31 15 16
Not Stated 5,2 3 - - -,- - - - - -,- -,- - -,- 5 2 3
"",,Left School/ Learning Institution  Left School/ Learning,Never Been to School/,,
Not Stated  County/ Special Age  Total*,At School/ Learning Institution,After Completion Institution Before Completion,Learning Institution,Don't Know,
Groups,,,,,
Total Male,Female Total Male Female,Total Male Female Total Male Female,Total Male Female,Total Male Female,Total Male Female
"KITUI 1,056,907 508,247","548,634 490,726   250,178   240,536","265,238 127,266 137,968   152,030 72,606 79,419","136,969 51,705 85,259","11,795 6,431","5,364 149 61 88"
"3-5 80,637 40,714","39,922 47,418 23,303 24,114",180 86 94 61 29 32,"32,273 16,940 15,333",695 350,345 10 6 4
"4-5 54,356 27,510","26,845 40,956 20,301 20,654",150 70 80 47 21 26,"12,839 6,940 5,899",356 173,183 8 5 3
"6-13 254,799 128,781","126,014 245,871 124,078 121,789",992 500 492 674 364 310,"6,036 3,212 2,824","1,198 614",584 28 13 15
"14-17 135,286 68,808","66,475 125,619 63,629 61,987","3,644 1,733 1,911 3,200 1,838 1,362","2,155 1,230 925",654 376,278 14 2 12
"18-22 106,632 54,044","52,585 56,435 30,877 25,556","32,627 14,580 18,046 13,968 6,603 7,365","2,720 1,453 1,267",874 526,348 8 5 3
"23+ 479,543 215,896","263,632 15,383 8,291 7,090","227,795 110,367   117,425 134,127 63,772 70,350","93,785 28,870 64,910","8,374 4,565","3,809 79 31 48"
Not Stated 10,4 6 - - -,- - - - - -,- -,- - -,- 10 4 6
"MACHAKOS   1,327,172 661,982","665,162 505,677   258,981 246,686","519,446   262,961 256,474 203,283 99,048   104,232","86,929 34,692 52,234","11,638 6,197","5,440 199 103 96"
"3-5 89,121 45,338","43,780 58,851 29,577 29,271",390 212 178 72 43 29,"29,168 15,181 13,987",629 321,308 11 4 7
"4-5 59,168 30,405","28,761 49,846 25,375 24,469",320 184 136 52 31 21,"8,700 4,701 3,999",241 110,131 9 4 5
"6-13 253,996 128,253","125,739 248,440 125,371 123,065","1,876 921 955 473 262 211","2,564 1,380 1,184",617 305,312 26 14 12
"14-17 126,553 64,554","61,997 117,981 59,925 58,054","4,105 2,034 2,071 3,130 1,831 1,299","1,014 594 420",310 166,144 13 4 9
"18-22 129,059 65,432","63,624 57,808 31,455 26,352","52,139 24,356 27,782 16,899 8,370 8,528","1,514 879 635",683 366,317 16 6 10
"23+ 728,430 358,398","370,016 22,597 12,653 9,944","460,936 235,438   225,488   182,709 88,542 94,165","52,669 16,658 36,008","9,399 5,039","4,359 120 68 52"
Not Stated 13,7 6 - - -,- - - - - -,- -,- - -,- 13 7 6
"",,Left School/ Learning Institution  Left School/ Learning,Never Been to School/,,
Not Stated  County/ Special Age  Total*,At School/ Learning Institution,After Completion Institution Before Completion,Learning Institution,Don't Know,
Groups,,,,,
Total Male,Female Total Male Female,Total Male Female Total Male Female,Total Male Female,Total Male Female,Total Male Female
"MAKUENI 921,168 453,946","467,204 395,627 202,949 192,669","276,206   135,938   140,265 165,325 81,353 83,969","71,509 26,987 44,519","12,357 6,657","5,700 144 62 82"
"3-5 61,348 31,323","30,024 37,651 18,822 18,828",146 67 79 35 19 16,"23,030 12,150 10,880",482 263,219 4 2 2
"4-5 41,508 21,178","20,329 33,279 16,728 16,550",132 61 71 26 12 14,"7,823 4,238 3,585",244 137,107 4 2 2
"6-13 198,810 100,380","98,426 195,296 98,508 96,785",750 379 371 349 189 160,"1,793 1,009 783",595 283,312 27 12 15
"14-17 107,808 55,289","52,515 102,512 52,264 50,244","2,180 1,143 1,037 2,128 1,308 820",616 367 249,361 202,159 11 5 6
"18-22 90,901 48,022","42,879 48,057 26,436 21,621","28,688 13,854 14,834 12,441 6,692 5,749","1,057 642 415",641 390,251 17 8 9
"23+ 462,294 218,929","243,356 12,111 6,919 5,191","244,442 120,495   123,944 150,372 73,145 77,224","45,013 12,819 32,192","10,278 5,519","4,759 78 32 46"
Not Stated 7,3 4 - - -,- - - - - -,- -,- - -,- 7 3 4
"NYANDARUA 594,649 292,917","301,715 249,756   128,283 121,466","199,054 98,748   100,304   105,160 50,160 54,994","38,777 14,653 24,123","1,836 1,041",795 66 32 33
"3-5 42,681 21,777","20,904 29,008 14,633 14,375",72 42 30 18 6 12,"13,487 7,047 6,440",94 47,47 2 2 -
"4-5 28,476 14,612","13,864 24,955 12,712 12,243",63 37 26 15 6 9,"3,403 1,837 1,566",38 18,20 2 2 -
"6-13 125,821 64,004","61,814 124,247 63,150 61,095",488 250 238 215 126 89,793 442 351,65 28,37 13 8 4
"14-17 67,092 34,815","32,274 63,497 32,497 30,997","1,572 980 592 1,639 1,086 553",340 220 120,39 28,11 5 4 1
"18-22 55,712 28,902","26,807 26,863 14,516 12,345","19,835 9,646 10,189 8,346 4,324 4,021",552 344 208,111 70,41 5 2 3
"23+ 303,339 143,416","159,915 6,141 3,487 2,654","177,087 87,830 89,255 94,942 44,618 50,319","23,605 6,600 17,004","1,527 868",659 37 13 24
Not Stated 4,3 1 - - -,- - - - - -,- -,- - -,- 4 3 1
"",,Left School/ Learning Institution  Left School/ Learning,Never Been to School/,,
Not Stated  County/ Special Age  Total*,At School/ Learning Institution,After Completion Institution Before Completion,Learning Institution,Don't Know,
Groups,,,,,
Total Male,Female Total Male Female,Total Male Female Total Male Female,Total Male Female,Total Male Female,Total Male Female
"NYERI 709,353 348,266","361,061 253,898 130,417   123,475","301,927   150,457 151,460   113,307 52,289 61,009","36,036 12,895 23,140","4,138 2,180","1,958 47 28 19"
"3-5 43,862 22,311","21,551 31,525 15,944 15,581",139 77 62 21 10 11,"12,020 6,189 5,831",157 91,66 - - -
"4-5 29,104 14,773","14,331 26,711 13,507 13,204",123 69 54 18 9 9,"2,211 1,166 1,045",41 22,19 - - -
"6-13 121,417 61,334","60,079 119,861 60,515 59,342",605 286 319 158 89 69,700 405 295,91 38,53 2 1 1
"14-17 60,933 31,368","29,563 58,712 30,139 28,571","1,185 665 520 760 395 365",219 138,81 57 31,26 - - -
"18-22 62,879 32,162","30,716 32,979 17,696 15,283","23,427 11,288 12,138 5,917 2,870 3,047",395 227 168,159 80,79 2 1 1
"23+ 420,254 201,088","219,147 10,821 6,123 4,698","276,571   138,141   138,421   106,451 48,925 57,517","22,702 5,936 16,765","3,674 1,940","1,734 35 23 12"
Not Stated 8,3 5 - - -,- - - - - -,- -,- - -,- 8 3 5
"KIRINYAGA 571,312 281,556","289,729 193,518 98,661 94,852","199,413 100,582 98,822   136,968 67,459 69,497","37,445 12,577 24,867","3,931 2,256","1,675 37 21 16"
"3-5 33,976 17,040","16,935 24,045 11,919 12,125",53 25 28 15 11 4,"9,757 5,040 4,717",106 45,61 - - -
"4-5 22,267 11,160","11,106 20,016 10,003 10,012",45 21 24 13 10 3,"2,153 1,107 1,046",40 19,21 - - -
"6-13 94,614 47,419","47,192 93,422 46,820 46,599",245 120 125 198 91 107,684 357 327,63 30,33 2 1 1
"14-17 49,301 24,837","24,464 46,611 23,443 23,168","795 385 410 1,575 826 749",269 157 112,49 25,24 2 1 1
"18-22 48,364 24,427","23,932 22,856 12,700 10,155","15,907 7,211 8,694 9,033 4,196 4,836",417 242 174,150 77,73 1 1 -
"23+ 345,051 167,832","177,201 6,584 3,779 2,805","182,413 92,841 89,565 126,147 62,335 63,801","26,318 6,781 19,537","3,563 2,079","1,484 26 17 9"
Not Stated 6,1 5 - - -,- - - - - -,- -,- - -,- 6 1 5
"",,Left School/ Learning Institution  Left School/ Learning,Never Been to School/,,
Not Stated  County/ Special Age  Total*,At School/ Learning Institution,After Completion Institution Before Completion,Learning Institution,Don't Know,
Groups,,,,,
Total Male,Female Total Male Female,Total Male Female Total Male Female,Total Male Female,Total Male Female,Total Male Female
"MURANG'A 988,224 488,689","499,505 358,844   184,250   174,580","358,964 182,572   176,382   193,814 93,190   100,619","72,326 26,285 46,040","4,133 2,319","1,814 143 73 70"
"3-5 67,471 33,926","33,541 41,876 20,808 21,064",130 70 60 28 12 16,"25,261 12,959 12,302",171 74,97 5 3 2
"4-5 44,956 22,796","22,157 37,687 18,907 18,777",120 64 56 23 8 15,"7,056 3,792 3,264",67 24,43 3 1 2
"6-13 186,279 94,019","92,255 183,881 92,751 91,125",685 349 336 310 177 133,"1,292 680 612",96 53,43 15 9 6
"14-17 91,751 47,611","44,135 86,318 44,443 41,871","2,246 1,247 999 2,604 1,551 1,052",517 332 185,59 33,26 7 5 2
"18-22 82,948 43,261","39,685 36,812 20,597 16,215","31,697 15,317 16,378 13,517 6,806 6,711",757 460 297,151 77,74 14 4 10
"23+ 559,763 269,866","289,883 9,957 5,651 4,305","324,206 165,589 158,609   177,355 84,644 92,707","44,499 11,854 32,644","3,656 2,082","1,574 90 46 44"
Not Stated 12,6 6 - - -,- - - - - -,- -,- - -,- 12 6 6
"KIAMBU 2,231,514 1,092,380","1,139,012 778,586 388,770   389,788","1,013,910 504,910   508,948 326,845   151,002 175,810","98,594 40,162 58,423","13,057 7,274","5,783 522 262 260"
"3-5 155,144 78,256","76,880 108,329 54,051 54,274",514 265 249 93 42 51,"45,618 23,582 22,032",567 303,264 23 13 10
"4-5 100,437 50,825","49,609 90,337 45,425 44,909",414 214 200 79 37 42,"9,433 5,046 4,387",161 96,65 13 7 6
"6-13 374,911 186,878","188,018 369,370   184,065   185,290","2,275 1,120 1,155 587 289 298","2,352 1,238 1,114",278 143,135 49 23 26
"14-17 169,388 83,312","86,075 158,715 78,091 80,623","5,415 2,623 2,792 4,200 2,039 2,161",833 445 388,191 97,94 34 17 17
"18-22 233,792 106,763","127,011 92,987 45,971 47,012","106,929 46,333 60,586 31,176 13,140 18,032","1,792 910 882",844 385,459 64 24 40
"23+   1,298,243 637,150","661,013 49,185 26,592 22,589","898,777   454,569 444,166 290,789   135,492 155,268","47,999 13,987 34,007","11,177 6,346","4,831 316 164 152"
Not Stated 36 21,15 - - -,- - - - - -,- -,- - -,- 36 21 15
"",,Left School/ Learning Institution  Left School/ Learning,Never Been to School/,,
Not Stated  County/ Special Age  Total*,At School/ Learning Institution,After Completion Institution Before Completion,Learning Institution,Don't Know,
Groups,,,,,
Total Male,Female Total Male Female,Total Male Female Total Male Female,Total Male Female,Total Male Female,Total Male Female
"TURKANA 851,797 439,467","412,311 184,015 98,266 85,746","33,028 21,042 11,986 28,982 14,573 14,409","584,977   294,430 290,531","20,077   10,795","9,282 718 361 357"
"3-5 92,532 46,790","45,740 25,405 12,714 12,690",111 63 48 128 61 67,"64,896 32,889 32,006","1,943 1,037",906 49 26 23
"4-5 62,482 31,715","30,765 19,513 9,805 9,707",90 52 38 100 50 50,"41,456 21,092 20,363","1,285 698",587 38 18 20
"6-13 229,929 118,795","111,131 85,078 42,607 42,470","547 276 271 1,029 569 460","138,313 72,678 65,633","4,759 2,560","2,199 203 105 98"
"14-17 101,217 56,809","44,406 36,316 19,328 16,988","641 314 327 1,709 705 1,004","60,157 35,106 25,049","2,295 1,300",995 99 56 43
"18-22 105,054 57,408","47,642 23,223 14,140 9,082","5,758 2,993 2,765 6,070 2,285 3,785","67,179 36,417 30,759","2,730 1,522","1,208 94 51 43"
"23+ 323,062 159,664","163,390 13,993 9,477 4,516","25,971 17,396 8,575 20,046 10,953 9,093","254,432 117,340 137,084","8,350 4,376","3,974 270 122 148"
Not Stated 3,1 2 - - -,- - - - - -,- -,- - -,- 3 1 2
"WEST POKOT 553,584 272,728","280,844 235,136 119,842   115,287","36,841 20,733 16,108 56,672 28,006 28,666","218,972 101,121   117,846","5,860 2,978","2,882 103 48 55"
"3-5 71,389 35,934","35,454 28,238 13,959 14,279",93 41 52 85 52 33,"42,082 21,431 20,650",880 446,434 11 5 6
"4-5 47,332 23,986","23,346 23,683 11,778 11,905",73 32 41 66 39 27,"23,013 11,873 11,140",491 262,229 6 2 4
"6-13 163,751 81,683","82,062 121,125 60,007 61,112",447 227 220 710 374 336,"40,529 20,613 19,916",911 449,462 29 13 16
"14-17 60,866 31,465","29,400 46,850 23,880 22,969","473 212 261 1,905 853 1,052","11,291 6,337 4,954",333 177,156 14 6 8
"18-22 57,245 27,423","29,822 26,686 14,809 11,877","5,195 2,307 2,888 9,373 3,401 5,972","15,458 6,638 8,820",527 264,263 6 4 2
"23+ 200,330 96,221","104,105 12,237 7,187 5,050","30,633 17,946 12,687 44,599 23,326 21,273","109,612 46,102 63,506","3,209 1,642","1,567 40 18 22"
Not Stated 3,2 1 - - -,- - - - - -,- -,- - -,- 3 2 1
"",,Left School/ Learning Institution  Left School/ Learning,Never Been to School/,,
Not Stated  County/ Special Age  Total*,At School/ Learning Institution,After Completion Institution Before Completion,Learning Institution,Don't Know,
Groups,,,,,
Total Male,Female Total Male Female,Total Male Female Total Male Female,Total Male Female,Total Male Female,Total Male Female
"SAMBURU 279,891 141,072","138,814 86,608 46,092 40,515","21,260 12,778 8,482 12,334 6,193 6,141","157,284 74,619 82,661","2,377 1,378",999 28 12 16
"3-5 34,303 17,343","16,959 13,879 7,096 6,782",38 14 24 34 19 15,"20,096 10,088 10,008",252 123,129 4 3 1
"4-5 23,141 11,757","11,384 10,866 5,591 5,275",34 13 21 27 15 12,"12,017 6,038 5,979",194 98,96 3 2 1
"6-13 80,657 41,078","39,578 43,671 22,064 21,607",169 86 83 362 204 158,"35,958 18,463 17,494",491 259,232 6 2 4
"14-17 31,384 17,237","14,147 16,855 8,900 7,955",400 173 227 818 370 448,"13,065 7,653 5,412",242 139,103 4 2 2
"18-22 31,766 16,192","15,572 8,528 5,480 3,048","3,763 1,744 2,019 2,704 955 1,749","16,501 7,848 8,651",269 165,104 1 - 1
"23+ 101,779 49,221","52,557 3,675 2,552 1,123","16,890 10,761 6,129 8,416 4,645 3,771","71,664 30,567 41,096","1,123 692",431 11 4 7
Not Stated 2,1 1 - - -,- - - - - -,- -,- - -,- 2 1 1
"TRANS NZOIA 911,209 448,487","462,701 440,977   224,218 216,747","173,534 88,354 85,175   193,088 88,076 105,011","93,829 42,289 51,537","9,713 5,518","4,195 68 32 36"
"3-5 83,247 42,152","41,094 46,812 22,915 23,897",167 72 95 104 52 52,"35,420 18,720 16,699",738 392,346 6 1 5
"4-5 55,658 28,320","27,337 41,200 20,365 20,835",148 64 84 91 45 46,"13,843 7,646 6,196",372 200,172 4 - 4
"6-13 234,014 117,244","116,761 225,992 112,867 113,117","1,068 526 542 746 411 335","5,452 3,049 2,402",743 383,360 13 8 5
"14-17 110,188 55,917","54,268 102,254 51,887 50,364","1,580 725 855 3,971 1,903 2,068","1,967 1,156 811",414 245,169 2 1 1
"18-22 95,617 47,616","47,998 50,054 27,763 22,290","20,212 8,766 11,444 21,530 8,943 12,587","3,095 1,735 1,360",718 404,314 8 5 3
"23+ 388,139 185,557","202,577 15,865 8,786 7,079","150,507 78,265 72,239 166,737 76,767 89,969","47,895 17,629 30,265","7,100 4,094","3,006 35 16 19"
Not Stated 4,1 3 - - -,- - - - - -,- -,- - -,- 4 1 3
"",,Left School/ Learning Institution  Left School/ Learning,Never Been to School/,,
Not Stated  County/ Special Age  Total*,At School/ Learning Institution,After Completion Institution Before Completion,Learning Institution,Don't Know,
Groups,,,,,
Total Male,Female Total Male Female,Total Male Female Total Male Female,Total Male Female,Total Male Female,Total Male Female
"UASIN GISHU   1,070,335 531,769","538,543 480,402 241,839   238,555","321,505 163,748 157,748   180,625 85,855 94,766","79,032 35,299 43,731","8,633 4,960","3,673 138 68 70"
"3-5 84,616 42,799","41,816 53,145 26,575 26,570",197 100 97 76 39 37,"30,580 15,766 14,813",609 314,295 9 5 4
"4-5 55,870 28,585","27,284 46,831 23,725 23,106",167 85 82 56 32 24,"8,573 4,609 3,963",235 129,106 8 5 3
"6-13 230,476 115,367","115,106 226,140   113,100   113,037","1,052 510 542 521 261 260","2,335 1,286 1,049",416 204,212 12 6 6
"14-17 110,655 55,103","55,550 104,781 52,256 52,523","2,079 939 1,140 2,539 1,217 1,322",955 542 413,286 142,144 15 7 8
"18-22 123,354 59,968","63,383 65,906 33,844 32,061","36,578 16,643 19,933 18,274 8,035 10,239","1,935 1,083 852",650 359,291 11 4 7
"23+ 521,223 258,524","262,685 30,430 16,064 14,364","281,599   145,556 136,036   159,215 76,303 82,908","43,227 16,622 26,604","6,672 3,941","2,731 80 38 42"
Not Stated 11,8 3 - - -,- - - - - -,- -,- - -,- 11 8 3
"ELGEYO/MARAKWET418,765 209,151","209,602 203,979   103,310 100,663","93,397 48,510 44,886 65,739 31,890 33,847","52,047 23,622 28,423","3,541 1,789","1,751 62 30 32"
"3-5 39,392 19,764","19,627 23,955 11,865 12,090",115 59 56 58 29 29,"15,007 7,680 7,326",255 130,125 2 1 1
"4-5 26,609 13,421","13,188 21,452 10,694 10,758",98 52 46 49 26 23,"4,866 2,566 2,300",142 82,60 2 1 1
"6-13 104,281 52,519","51,758 101,291 50,948 50,339",645 303 342 405 224 181,"1,599 877 722",326 157,169 15 10 5
"14-17 48,439 24,589","23,850 45,291 22,852 22,439","915 447 468 1,194 669 525",855 524 331,180 97,83 4 - 4
"18-22 46,382 23,577","22,804 25,217 13,349 11,867","12,170 5,935 6,235 7,238 3,366 3,872","1,498 781 717",251 143,108 8 3 5
"23+ 180,270 88,702","91,562 8,225 4,296 3,928","79,552 41,766 37,785 56,844 27,602 29,240","33,088 13,760 19,327","2,529 1,262","1,266 32 16 16"
Not Stated 1,- 1 - - -,- - - - - -,- -,- - -,- 1 - 1
"",,Left School/ Learning Institution  Left School/ Learning,Never Been to School/,,
Not Stated  County/ Special Age  Total*,At School/ Learning Institution,After Completion Institution Before Completion,Learning Institution,Don't Know,
Groups,,,,,
Total Male,Female Total Male Female,Total Male Female Total Male Female,Total Male Female,Total Male Female,Total Male Female
"NANDI 822,163 408,980","413,163 390,831   199,523 191,303","166,706 85,080 81,621   186,639 88,754 97,879","70,665 31,654 39,007","7,242 3,921","3,321 80 48 32"
"3-5 66,490 33,480","33,010 39,897 19,669 20,228",116 46 70 51 22 29,"25,793 13,386 12,407",628 352,276 5 5 -
"4-5 44,538 22,603","21,935 35,836 17,847 17,989",103 44 59 44 21 23,"8,293 4,541 3,752",258 146,112 4 4 -
"6-13 195,326 98,447","96,875 191,183 96,237 94,943",622 313 308 495 245 250,"2,378 1,350 1,028",633 294,339 15 8 7
"14-17 94,363 47,864","46,497 89,880 45,607 44,271","1,053 471 582 2,172 1,051 1,121",925 553 372,323 177,146 10 5 5
"18-22 88,508 44,442","44,066 52,238 28,424 23,814","17,834 7,809 10,025 16,491 7,152 9,339","1,472 793 679",463 256,207 10 8 2
"23+ 377,474 184,747","192,713 17,633 9,586 8,047","147,081 76,441 70,636   167,430 80,284 87,140","40,097 15,572 24,521","5,195 2,842","2,353 38 22 16"
Not Stated 2,- 2 - - -,- - - - - -,- -,- - -,- 2 - 2
"BARINGO 609,555 306,702","302,842 253,878 130,797   123,075","124,066 64,231 59,832 67,739 32,867 34,871","157,298 75,333 81,964","6,530 3,456","3,074 44 18 26"
"3-5 62,290 31,948","30,341 33,330 17,006 16,323",157 71 86 40 24 16,"28,135 14,523 13,612",626 324,302 2 - 2
"4-5 41,983 21,705","20,277 28,583 14,708 13,874",129 60 69 31 17 14,"12,918 6,753 6,165",321 167,154 1 - 1
"6-13 160,892 82,417","78,472 126,189 64,068 62,118",798 423 375 320 168 152,"32,573 17,230 15,343","1,003 526",477 9 2 7
"14-17 71,616 37,496","34,118 56,144 28,763 27,379","1,429 739 690 1,367 657 710","12,200 7,066 5,134",472 269,203 4 2 2
"18-22 67,062 33,850","33,212 27,877 15,184 12,693","16,784 7,906 8,878 7,956 3,402 4,554","13,876 7,059 6,817",566 298,268 3 1 2
"23+ 247,694 120,990","126,699 10,338 5,776 4,562","104,898 55,092 49,803 58,056 28,616 29,439","70,514 29,455 41,058","3,863 2,039","1,824 25 12 13"
Not Stated 1,1 - - - -,- - - - - -,- -,- - -,- 1 1 -
"",,Left School/ Learning Institution  Left School/ Learning,Never Been to School/,,
Not Stated  County/ Special Age  Total*,At School/ Learning Institution,After Completion Institution Before Completion,Learning Institution,Don't Know,
Groups,,,,,
Total Male,Female Total Male Female,Total Male Female Total Male Female,Total Male Female,Total Male Female,Total Male Female
"LAIKIPIA 475,756 236,702","239,042 184,613 94,751 89,858","152,372 78,392 73,979 59,213 28,229 30,981","76,475 33,580 42,891","3,045 1,731","1,314 38 19 19"
"3-5 40,138 20,276","19,859 22,633 11,343 11,288",82 33 49 20 5 15,"17,230 8,807 8,422",170 87,83 3 1 2
"4-5 26,367 13,309","13,056 19,448 9,768 9,678",70 29 41 18 5 13,"6,743 3,463 3,280",86 44,42 2 - 2
"6-13 103,664 52,600","51,064 93,750 47,450 46,300",473 247 226 231 131 100,"9,021 4,663 4,358",185 106,79 4 3 1
"14-17 48,761 25,287","23,472 42,795 21,898 20,895","1,295 704 591 1,208 666 542","3,355 1,951 1,404",107 67,40 1 1 -
"18-22 46,549 23,079","23,470 19,694 10,754 8,940","16,056 7,543 8,513 5,797 2,607 3,190","4,801 2,062 2,739",197 111,86 4 2 2
"23+ 236,641 115,459","121,175 5,741 3,306 2,435","134,466 69,865 64,600 51,957 24,820 27,134","42,068 16,097 25,968","2,386 1,360","1,026 23 11 12"
Not Stated 3,1 2 - - -,- - - - - -,- -,- - -,- 3 1 2
"NAKURU 1,981,598 982,910","998,603 843,280 429,850 413,397","652,319   330,145   322,148   322,032 150,063 171,948","147,198 63,298 83,897","16,450 9,390","7,058 319 164 155"
"3-5 164,130 83,284","80,844 104,542 52,358 52,182",502 248 254 95 46 49,"57,969 30,091 27,878","1,009 536",473 13 5 8
"4-5 108,030 55,072","52,956 89,815 45,296 44,517",427 216 211 71 35 36,"17,322 9,315 8,007",384 205,179 11 5 6
"6-13 433,713 218,423","215,268 424,494 213,484   210,990","2,538 1,259 1,279 889 507 382","4,939 2,724 2,213",809 427,382 44 22 22
"14-17 201,252 101,912","99,331 187,350 94,444 92,897","5,727 2,951 2,776 5,797 3,146 2,651","1,899 1,136 763",436 216,220 43 19 24
"18-22 211,871 104,982","106,878 92,487 50,218 42,268","79,891 37,234 42,652 34,892 15,079 19,808","3,542 1,894 1,648","1,019 534",485 40 23 17
"23+ 970,604 474,288","496,275 34,407 19,346 15,060","563,661   288,453   275,187 280,359   131,285   149,058","78,849 27,453 51,395","13,177 7,677","5,498 151 74 77"
Not Stated 28 21,7 - - -,- - - - - -,- -,- - -,- 28 21 7
"",,Left School/ Learning Institution  Left School/ Learning,Never Been to School/,,
Not Stated  County/ Special Age  Total*,At School/ Learning Institution,After Completion Institution Before Completion,Learning Institution,Don't Know,
Groups,,,,,
Total Male,Female Total Male Female,Total Male Female Total Male Female,Total Male Female,Total Male Female,Total Male Female
"NAROK   1,044,966 520,523","524,419 481,160   248,214   232,941","120,221 66,633 53,583 149,044 70,531 78,513","283,500 128,801 154,686","10,856 6,235","4,620 185 109 76"
"3-5 125,183 63,148","62,032 54,998 27,056 27,940",217 120 97 107 56 51,"68,647 35,307 33,339","1,204 604",600 10 5 5
"4-5 84,368 42,744","41,621 48,390 24,033 24,355",171 91 80 92 49 43,"35,019 18,235 16,783",690 333,357 6 3 3
"6-13 304,628 154,183","150,443 269,844 136,269   133,574","1,048 530 518 923 574 349","31,137 15,967 15,169","1,643 825",818 33 18 15
"14-17 112,495 58,227","54,265 96,726 49,407 47,317","1,556 730 826 4,361 2,266 2,095","9,111 5,368 3,742",719 444,275 22 12 10
"18-22 106,836 51,595","55,237 43,660 25,697 17,963","18,548 7,841 10,707 24,586 9,304 15,282","18,922 8,088 10,830","1,104 655",449 16 10 6
"23+ 395,817 193,365","202,440 15,932 9,785 6,147","98,852 57,412 41,435   119,067 58,331 60,736","155,683 64,071 91,606","6,186 3,707","2,478 97 59 38"
Not Stated 7,5 2 - - -,- - - - - -,- -,- - -,- 7 5 2
"KAJIADO   1,016,058 504,023","512,004 389,090 195,925 193,153","319,689   164,069   155,610 111,477 54,115 57,359","182,329 82,454 99,870","13,146 7,321","5,824 327 139 188"
"3-5 95,750 48,340","47,408 53,326 26,613 26,711",449 239 210 100 46 54,"40,813 20,884 19,929","1,042 546",496 20 12 8
"4-5 62,865 31,793","31,070 44,372 22,353 22,017",370 200 170 80 35 45,"17,563 8,971 8,592",467 226,241 13 8 5
"6-13 219,157 109,327","109,826 197,986 98,494 99,489","1,663 797 866 686 377 309","17,594 9,030 8,563","1,177 607",570 51 22 29
"14-17 84,804 42,061","42,739 73,319 36,192 37,123","2,938 1,322 1,616 2,656 1,202 1,454","5,338 3,039 2,299",529 301,228 24 5 19
"18-22 106,535 48,815","57,719 40,224 21,072 19,152","38,530 16,480 22,049 15,487 5,987 9,500","11,023 4,657 6,366","1,228 598",630 43 21 22
"23+ 509,795 255,471","254,304 24,235 13,554 10,678","276,109 145,231 130,869 92,548 46,503 46,042","107,561 44,844 62,713","9,170 5,269","3,900 172 70 102"
Not Stated 17,9 8 - - -,- - - - - -,- -,- - -,- 17 9 8
"",,Left School/ Learning Institution  Left School/ Learning,Never Been to School/,,
Not Stated  County/ Special Age  Total*,At School/ Learning Institution,After Completion Institution Before Completion,Learning Institution,Don't Know,
Groups,,,,,
Total Male,Female Total Male Female,Total Male Female Total Male Female,Total Male Female,Total Male Female,Total Male Female
"KERICHO 834,061 415,734","418,300 387,109   197,586 189,513","201,479   105,284 96,187 172,473 80,978 91,489","68,545 29,453 39,089","4,236 2,323","1,913 219 110 109"
"3-5 69,748 35,194","34,552 44,146 21,769 22,376",154 79 75 47 21 26,"25,049 13,144 11,904",328 167,161 24 14 10
"4-5 46,484 23,536","22,947 38,923 19,347 19,575",135 68 67 39 17 22,"7,243 4,031 3,212",125 64,61 19 9 10
"6-13 196,670 98,993","97,672 192,832 96,992 95,836",780 379 401 461 256 205,"2,305 1,214 1,090",255 133,122 37 19 18
"14-17 93,473 47,170","46,299 87,960 44,503 43,455","1,775 809 964 2,660 1,242 1,418",908 523 385,151 81,70 19 12 7
"18-22 90,310 44,358","45,948 46,420 25,534 20,883","23,497 10,202 13,294 18,513 7,653 10,860","1,574 813 761",286 149,137 20 7 13
"23+ 383,847 190,009","193,826 15,751 8,788 6,963","175,273 93,815 81,453 150,792 71,806 78,980","38,709 13,759 24,949","3,216 1,793","1,423 106 48 58"
Not Stated 13 10,3 - - -,- - - - - -,- -,- - -,- 13 10 3
"BOMET 810,122 400,694","409,407 400,330 205,930   194,390","169,658 88,746 80,911   160,702 72,327 88,369","72,627 30,078 42,545","6,730 3,572","3,158 75 41 34"
"3-5 71,683 36,667","35,012 44,468 22,280 22,187",135 63 72 50 18 32,"26,553 14,053 12,497",469 248,221 8 5 3
"4-5 48,303 24,994","23,307 39,413 19,977 19,436",118 53 65 43 17 26,"8,503 4,817 3,684",223 128,95 3 2 1
"6-13 204,123 102,940","101,175 200,711   101,101 99,602",724 373 351 406 205 201,"1,743 987 756",527 268,259 12 6 6
"14-17 97,066 49,260","47,806 91,641 46,638 45,003","1,574 727 847 2,740 1,267 1,473",800 470 330,301 151,150 10 7 3
"18-22 88,383 43,368","45,014 47,482 26,691 20,791","20,564 8,397 12,167 18,195 7,217 10,977","1,603 791 812",532 268,264 7 4 3
"23+ 348,865 168,458","180,399 16,028 9,220 6,807","146,661 79,186 67,474 139,311 63,620 75,686","41,928 13,777 28,150","4,901 2,637","2,264 36 18 18"
Not Stated 2,1 1 - - -,- - - - - -,- -,- - -,- 2 1 1
"",,Left School/ Learning Institution  Left School/ Learning,Never Been to School/,,
Not Stated  County/ Special Age  Total*,At School/ Learning Institution,After Completion Institution Before Completion,Learning Institution,Don't Know,
Groups,,,,,
Total Male,Female Total Male Female,Total Male Female Total Male Female,Total Male Female,Total Male Female,Total Male Female
"KAKAMEGA 1,732,145 828,945","903,166 853,031 428,344   424,667","334,397 162,596   171,796   352,269 157,153 195,111","180,344 74,543   105,797","11,722 6,139","5,583 382 170 212"
"3-5 147,558 73,873","73,682 88,544 42,910 45,632",287 130 157 157 86 71,"57,604 30,246 27,357",945 491,454 21 10 11
"4-5 100,334 50,542","49,790 77,195 37,855 39,339",243 111 132 134 75 59,"22,319 12,270 10,048",429 224,205 14 7 7
"6-13 453,066 225,220","227,834 440,352 218,382 221,959","1,786 855 930 1,468 786 682","8,522 4,707 3,815",866 459,407 72 31 41
"14-17 211,653 105,473","106,176 197,686 98,376 99,306","3,259 1,530 1,729 6,886 3,452 3,434","3,304 1,828 1,476",490 273,217 28 14 14
"18-22 177,364 87,650","89,711 97,044 52,752 44,290","38,049 16,073 21,976 36,638 15,765 20,872","4,790 2,601 2,189",812 447,365 31 12 19
"23+ 742,478 336,718","405,748 29,405 15,924 13,480","291,016   144,008 147,004   307,120 137,064   170,052","106,124 35,161 70,960","8,609 4,469","4,140 204 92 112"
Not Stated 26 11,15 - - -,- - - - - -,- -,- - -,- 26 11 15
"VIHIGA 550,070 263,949","286,112 257,982   129,422   128,556","128,847 61,789 67,055 115,345 52,189 63,154","44,178 18,682 25,496","3,623 1,815","1,808 95 52 43"
"3-5 41,605 20,973","20,631 26,464 12,914 13,549",57 30 27 16 6 10,"14,850 7,905 6,945",215 115,100 3 3 -
"4-5 28,048 14,175","13,872 22,580 11,144 11,435",50 26 24 14 5 9,"5,315 2,949 2,366",89 51,38 - - -
"6-13 134,508 66,716","67,791 132,039 65,355 66,683",425 200 225 315 182 133,"1,600 917 683",116 53,63 13 9 4
"14-17 64,944 32,709","32,234 61,532 30,841 30,690","965 438 527 1,789 1,043 746",579 346 233,67 33,34 12 8 4
"18-22 53,018 26,686","26,331 30,012 16,116 13,896","13,165 5,788 7,377 8,878 4,228 4,649",806 479 327,152 73,79 5 2 3
"23+ 255,988 116,861","139,122 7,935 4,196 3,738","114,235 55,333 58,899   104,347 46,730 57,616","26,343 9,035 17,308","3,073 1,541","1,532 55 26 29"
Not Stated 7,4 3 - - -,- - - - - -,- -,- - -,- 7 4 3
"",,Left School/ Learning Institution  Left School/ Learning,Never Been to School/,,
Not Stated  County/ Special Age  Total*,At School/ Learning Institution,After Completion Institution Before Completion,Learning Institution,Don't Know,
Groups,,,,,
Total Male,Female Total Male Female,Total Male Female Total Male Female,Total Male Female,Total Male Female,Total Male Female
"BUNGOMA 1,538,767 745,883","792,851 782,677 396,144 386,512","264,282 133,462 130,817   324,058   140,682   183,372","151,938 67,323 84,612","15,673 8,198","7,473 139 74 65"
"3-5 143,804 72,057","71,743 80,636 39,109 41,525",359 186 173 173 77 96,"60,979 31,825 29,152","1,644 853",791 13 7 6
"4-5 97,152 48,972","48,177 71,278 34,956 36,320",309 165 144 144 63 81,"24,582 13,353 11,228",830 428,402 9 7 2
"6-13 418,838 208,725","210,102 403,152 200,345 202,797","2,223 1,058 1,165 1,408 750 658","10,073 5,593 4,479","1,951 960",991 31 19 12
"14-17 193,043 96,942","96,096 178,934 90,099 88,830","3,080 1,351 1,729 6,249 2,807 3,442","3,799 2,183 1,616",965 493,472 16 9 7
"18-22 159,177 78,497","80,676 87,734 48,838 38,893","29,549 12,315 17,234 35,040 13,783 21,256","5,554 2,869 2,685","1,285 686",599 15 6 9
"23+ 623,898 289,656","334,233 32,221 17,753 14,467","229,071   118,552 110,516 281,188   123,265   157,920","71,533 24,853 46,680","9,828 5,206","4,620 57 27 30"
Not Stated 7,6 1 - - -,- - - - - -,- -,- - -,- 7 6 1
"BUSIA 820,788 388,748","432,013 405,072 202,993   202,061","136,790 70,030 66,760   170,347 73,630 96,713","102,993 39,069 63,919","5,512 2,991","2,521 74 35 39"
"3-5 70,941 35,142","35,795 40,625 19,480 21,145",105 47 58 51 23 28,"29,718 15,343 14,371",439 247,192 3 2 1
"4-5 47,244 23,501","23,740 35,338 17,148 18,190",87 42 45 39 16 23,"11,579 6,175 5,401",198 118,80 3 2 1
"6-13 215,093 106,240","108,841 208,535   102,764   105,759",744 374 370 585 297 288,"4,901 2,652 2,249",321 152,169 7 1 6
"14-17 102,578 50,982","51,592 94,446 47,083 47,359","1,538 677 861 3,974 1,760 2,214","2,353 1,312 1,041",264 149,115 3 1 2
"18-22 89,528 43,605","45,921 47,922 26,350 21,570","17,028 7,220 9,808 20,312 7,894 12,418","3,769 1,896 1,873",491 242,249 6 3 3
"23+ 342,639 152,774","189,860 13,544 7,316 6,228","117,375 61,712 55,663   145,425 63,656 81,765","62,252 17,866 44,385","3,997 2,201","1,796 46 23 23"
Not Stated 9,5 4 - - -,- - - - - -,- -,- - -,- 9 5 4
"",,Left School/ Learning Institution  Left School/ Learning,Never Been to School/,,
Not Stated  County/ Special Age  Total*,At School/ Learning Institution,After Completion Institution Before Completion,Learning Institution,Don't Know,
Groups,,,,,
Total Male,Female Total Male Female,Total Male Female Total Male Female,Total Male Female,Total Male Female,Total Male Female
"SIAYA 919,461 434,630","484,814 441,450   223,195 218,250","198,100 97,782   100,315   184,768 78,383   106,377","86,173 30,230 55,942","8,648 4,877","3,771 322 163 159"
"3-5 77,760 39,297","38,462 51,426 25,304 26,121",126 69 57 56 32 24,"25,705 13,660 12,045",431 227,204 16 5 11
"4-5 52,246 26,490","25,755 43,178 21,516 21,661",108 60 48 42 23 19,"8,725 4,792 3,933",180 94,86 13 5 8
"6-13 233,978 116,910","117,066 229,485   114,500 114,983",804 405 399 544 304 240,"2,708 1,475 1,233",372 189,183 65 37 28
"14-17 104,616 52,975","51,640 98,482 49,947 48,534","1,773 835 938 3,100 1,506 1,594","1,010 545 465",208 117,91 43 25 18
"18-22 90,166 43,486","46,674 47,710 25,759 21,950","22,007 9,056 12,950 18,058 7,364 10,690","1,740 919 821",626 370,256 25 18 7
"23+ 412,917 181,948","230,962 14,347 7,685 6,662","173,390 87,417 85,971   163,010 69,177 93,829","55,010 13,631 41,378","7,011 3,974","3,037 149 64 85"
Not Stated 24 14,10 - - -,- - - - - -,- -,- - -,- 24 14 10
"KISUMU   1,061,224 511,739","549,465 504,812 253,600 251,209","284,283   144,815   139,457   188,709 80,326 108,379","75,998 29,019 46,977","7,121 3,831","3,290 301 148 153"
"3-5 85,467 42,605","42,861 61,951 30,291 31,660",159 85 74 38 20 18,"22,857 11,968 10,888",448 235,213 14 6 8
"4-5 56,556 28,300","28,256 49,996 24,751 25,245",129 69 60 33 17 16,"6,215 3,359 2,856",172 99,73 11 5 6
"6-13 251,981 125,467","126,512 247,576 123,165 124,409","1,010 487 523 393 205 188","2,588 1,408 1,180",367 184,183 47 18 29
"14-17 115,510 56,973","58,536 108,909 53,880 55,028","2,190 959 1,231 2,966 1,298 1,668","1,238 717 521",186 107,79 21 12 9
"18-22 117,350 54,698","62,650 62,114 32,920 29,194","32,038 13,043 18,994 20,478 7,425 13,053","2,234 1,077 1,156",448 213,235 38 20 18
"23+ 490,890 231,984","258,892 24,262 13,344 10,918","248,886   130,241 118,635   164,834 71,378 93,452","47,081 13,849 33,232","5,672 3,092","2,580 155 80 75"
Not Stated 26 12,14 - - -,- - - - - -,- -,- - -,- 26 12 14
"HOMA BAY   1,037,468 491,680","545,768 539,753 274,952 264,796","196,288 98,363 97,920   200,313 79,996 120,311","94,406 34,878 59,526","6,627 3,451","3,174 81 40 41"
"3-5 100,679 50,471","50,205 71,803 35,385 36,416",275 134 141 90 50 40,"28,055 14,672 13,383",456 230,225 - - -
"4-5 67,176 33,823","33,350 57,966 28,900 29,064",221 106 115 75 43 32,"8,719 4,675 4,044",195 99,95 - - -
"6-13 280,323 139,873","140,448 273,667   136,435 137,230","1,396 640 756 647 323 324","4,169 2,265 1,904",429 203,226 15 7 8
"14-17 123,369 62,213","61,154 116,031 59,064 56,966","2,188 909 1,279 3,202 1,229 1,972","1,693 885 808",248 122,126 7 4 3
"18-22 105,723 50,104","55,615 57,294 32,188 25,106","23,754 9,374 14,378 21,391 7,036 14,354","2,827 1,286 1,540",447 215,232 10 5 5
"23+ 427,366 189,016","238,341 20,958 11,880 9,078","168,675 87,306 81,366 174,983 71,358 103,621","57,662 15,770 41,891","5,047 2,681","2,365 41 21 20"
Not Stated 8,3 5 - - -,- - - - - -,- -,- - -,- 8 3 5
MIGORI,"1,016,399","486,357","530,012","522,757","265,417","257,326","171,900","88,443","83,455","197,075","81,365","115,706","114,682","46,115","68,559","9,774","4,923","4,849",211,94,117
3-5,"103,502","51,610","51,888","69,717","33,965","35,750",249,120,129,93,43,50,"32,700","17,110","15,588",730,365,365,13,7,6
4-5,"69,293","34,616","34,673","56,644","27,907","28,735",185,92,93,70,35,35,"12,021","6,399","5,620",364,177,187,9,6,3
6-13,"282,157","140,326","141,822","271,398","134,851","136,540","1,139",542,597,847,404,443,"7,714","4,048","3,665","1,012",459,552,47,22,25
14-17,"118,783","59,503","59,277","108,544","55,011","53,530","2,252",905,"1,347","4,376","1,662","2,714","3,130","1,675","1,455",469,246,223,12,4,8
18-22,"110,200","51,042","59,156","53,571","30,415","23,155","24,384","9,314","15,070","25,696","8,472","17,224","5,646","2,444","3,201",884,386,498,19,11,8
23+,"401,742","183,872","217,858","19,527","11,175","8,351","143,876","77,562","66,312","166,063","70,784","95,275","65,492","20,838","44,650","6,679","3,467","3,211",105,46,59
Not Stated,15,4,11,-,-,-,-,-,-,-,-,-,-,-,-,-,-,-,15,4,11
KISII,"1,179,067","561,241","617,793","557,477","282,802","274,662","250,730","127,184","123,540","248,244","104,190","144,048","116,381","43,902","72,471","6,092","3,097","2,995",143,66,77
3-5,"93,337","46,639","46,697","62,166","30,431","31,735",237,113,124,108,56,52,"30,358","15,814","14,543",462,221,241,6,4,2
4-5,"63,028","31,593","31,434","53,507","26,488","27,019",190,92,98,88,47,41,"9,056","4,877","4,178",182,86,96,5,3,2
6-13,"298,924","149,848","149,067","292,169","146,337","145,826","1,452",699,752,861,454,407,"3,976","2,134","1,840",444,216,228,22,8,14
14-17,"133,377","66,876","66,498","124,643","62,909","61,731","2,348","1,065","1,283","4,401","1,879","2,522","1,774",912,862,204,110,94,7,1,6
18-22,"114,734","54,261","60,467","57,855","31,831","26,021","28,606","11,757","16,848","24,683","9,015","15,667","3,136","1,441","1,694",434,207,227,20,10,10
23+,"538,682","243,609","295,059","20,644","11,294","9,349","218,087","113,550","104,533","218,191","92,786","125,400","77,137","23,601","53,532","4,548","2,343","2,205",75,35,40
Not Stated,13,8,5,-,-,-,-,-,-,-,-,-,-,-,-,-,-,-,13,8,5
NYAMIRA,"566,741","271,344","295,385","260,426","132,577","127,840","129,917","65,482","64,433","111,433","47,174","64,258","61,480","24,389","37,091","3,431","1,701","1,730",54,21,33
3-5,"42,618","21,372","21,244","28,188","13,919","14,267",81,43,38,54,30,24,"14,009","7,238","6,771",282,141,141,4,1,3
4-5,"28,940","14,600","14,338","24,589","12,245","12,342",68,37,31,46,25,21,"4,136","2,244","1,892",98,48,50,3,1,2
6-13,"140,120","70,514","69,602","137,026","68,941","68,081",493,242,251,397,189,208,"2,016","1,050",966,178,90,88,10,2,8
14-17,"64,051","32,319","31,731","60,107","30,470","29,636","1,124",514,610,"1,689",735,954,"1,024",550,474,101,47,54,6,3,3
18-22,"50,672","24,394","26,276","25,972","14,228","11,743","12,830","5,357","7,472","9,922","3,863","6,059","1,732",853,879,210,89,121,6,4,2
23+,"269,278","122,745","146,530","9,133","5,019","4,113","115,389","59,326","56,062","99,371","42,357","57,013","42,699","14,698","28,001","2,660","1,334","1,326",26,11,15
Not Stated,2,-,2,-,-,-,-,-,-,-,-,-,-,-,-,-,-,-,2,-,2
NAIROBI CITY,"4,010,447","1,986,852","2,023,404","1,358,304","671,188","687,064","1,921,640","984,163","937,410","505,807","228,088","277,670","187,364","83,093","104,255","35,729","19,514","16,211","1,603",806,794
3-5,"285,139","142,993","142,138","203,802","100,869","102,929","1,839",885,954,261,125,136,"76,994","39,971","37,019","2,184","1,117","1,067",59,26,33
4-5,"183,363","92,064","91,295","162,559","81,191","81,364","1,485",730,755,206,99,107,"18,333","9,656","8,677",736,368,368,44,20,24
6-13,"647,172","318,772","328,378","626,872","308,824","318,027","6,922","3,311","3,611","1,419",675,744,"10,267","5,122","5,144","1,517",760,757,175,80,95
14-17,"268,415","125,411","142,991","244,522","116,106","128,407","11,894","4,689","7,204","7,149","2,634","4,513","3,912","1,589","2,322",835,356,479,103,37,66
18-22,"452,021","194,876","257,112","165,255","81,129","84,117","213,203","87,659","125,533","60,607","21,109","39,489","9,914","3,729","6,183","2,867","1,169","1,697",175,81,93
23+,"2,357,578","1,204,741","1,152,722","117,853","64,260","53,584","1,687,782","887,619","800,108","436,371","203,545","232,788","86,277","32,682","53,587","28,326","16,112","12,211",969,523,444
Not Stated,122,59,63,-,-,-,-,-,-,-,-,-,-,-,-,-,-,-,122,59,63
