"Beverages Index increased by 0.2 per cent between December 2022 and January","",""
"2023.","",""
"T
able 1:  Overall CPI and Rates of Inflation","",""
"","","Base Feb 2019=100"
"Month","Overall  CPI","Inflation Rate"
"January 2022","118.64","5.4"
"February 2022","119.13","5.1"
"March 2022","120.14","5.6"
"April 2022","122.17","6.5"
"May 2022","123.12","7.1"
"June 2022","124.22","7.9"
"July 2022","125.05","8.3"
"August 2022","125.58","8.5"
"September 2022","126.73","9.2"
"October 2022","127.86","9.6"
"November 2022","128.31","9.5"
"December 2022","128.99","9.1"
"January 2023","129.29","9.0"
