"Petrol","","1 Litre","130.54","178.05","178.05","-","36.4"
"Diesel","","1 Litre","111.51","162.91","162.91","-","46.1"
"Private tuition-Primary","","1 Per year","21,643.69","22,016.05","22,237.06","1.0","2.7"
"T","he Housing, Water, Electricity, Gas and Other Fuels’ Index, increased by 0.3 per","","","","","",""
"cent  between  December  2022  and","","","","January  2023.  This  was  mainly  due","","","to"
"increase in prices  of 50 Kilowatts  electricity units  and 200  Kilowatts  electricity","","","","","","",""
"by 0.5 per cent and 0.4 per cent, respectively.","","","","","","",""
"T","he  Transport  Index  remained  the  same  between  December  2022  and  January","","","","","",""
"2023.  As  observed","in","the  previous  period,","","the  prices  of  diesel  and  petrol","","",""
"remained unchanged in January 2023.","","","","","","",""
"T","he  Education  index  increased  by  0.9  per  cent  between  December  2022  and","","","","","",""
"January  2023.  This  was  mainly  driven  by","","","","increase","in  tuition  fees  for  pre-","",""
