"","","month","","month of the"
"","","(December","","previous year"
"","","2022/","","(December 2022/"
"13 COICOP Divisions","","","November 2022)","December 2021)"
"Food and Non-Alcoholic Beverages","32.9094","","0.3","13.8"
"Alcoholic Beverages, Tobacco and Narcotics","3.3289","","0.1","7.0"
"Clothing and Footwear","2.9914","","0.6","3.0"
"Housing, Water, Electricity, Gas and Other Fuels","14.6124","","0.7","6.2"
"Furnishings, Household Equipment and Routine","","","",""
"Household Maintenance","3.7372","","0.5","9.9"
"Health","2.9116","","0.1","1.7"
"Transport","9.6468","","2.3","13.0"
"Information and Communication","7.7840","","0.1","1.1"
"Recreation, Sport and Culture","1.7219","","0.5","4.5"
"Education Services","5.5620","","0.0","1.3"
"Restaurants and Accommodation Services","8.0991","","0.4","6.4"
"Insurance and Financial Services","2.2423","","0.0","1.3"
"Personal Care, Social Protection and","","","",""
"Miscellaneous Goods and Services","4.4532","","0.4","7.1"
"Total","100.00","","0.5","9.1"
