"Diesel","1 Litre","111.51","162.91","162.91","-","46.1"
"Country Bus (Nairobi  to Voi one way)","1 Ticket","1,700.00","1,500.00","1,700.00","13.3","-"
"T","he Housing, Water, Electricity, Gas and Other Fuels’ Index, increased by 0.7 per","","","","",""
"cent  between  November  2022  and  December  2022.  This  was  mainly  due  to","","","","","",""
"increase in prices  of 50 Kilowatts  electricity units  and 200  Kilowatts  electricity","","","","","",""
"by 8.2 per cent and 6.2 per cent, respectively.","","","","","",""
"T","he  Transport  Index  increased  by  2.3  per  cent  between  November  2022  and","","","","",""
"December 2022 mainly due to increase in prices of country  bus fares. Notable,","","","","","",""
"though  the  prices  of  diesel  and  petrol  remained  the  same  in  December  2022,","","","","","",""
"they were high relative to December 2021.","","","","","",""
