"Table 1 shows percentage changes in overall (Kenya) indices in January 2005",""
"compared to December 2004 (previous month)",""
"","Table 1: One Month Change in Prices"
"Broad Item Group","% Change on Previous month"
"","1.7"
"Food and Non-Alcoholic Drink",""
"","1.1"
"Alcohol & Tobacco",""
"","0.5"
"Clothing & Footwear",""
"","2.0"
"Housing Costs",""
"","-1.1"
"Fuel & Power",""
"","1.0"
"Household Goods & Services",""
"","0.7"
"Medical Goods and Services",""
"","-0.4"
"Transport & Communication",""
"","1.9"
"Recreation & Education",""
"","0.5"
"Personal Goods",""
