"CPI AND INFLATION RATES FOR THE MONTH OF JANUARY 2005","",""
"This  data  is  generated  through  monthly  data  collection  from  retail  outlets  in","",""
"13 urban centres in Kenya. The data is perceived to be representative of the","",""
"spending  behaviour  of","the  Kenyan  urban  households.  The  price  data","is"
"collected  in  the  second  and  third  week  of  the  month  in  the  selected  retail","",""
"outlets.","",""
"C","onsumer  Price  Index  (CPI)  increased  by  1.3  per  cent  from  172.2  points  in",""
"December 2004 to 174.4 points in January 2005. However, month-on-month","",""
"overall  inflation  rate  declined  from  16.3  per  cent  in  December  2004  to  14.9","",""
"per 
cent 
in 
January  2005.  During","the","same  period  month-on-month"
"underlying  inflation  rate  which excludes food  items  from the  CPI  basket also","",""
"declined from 10.4 per cent to 9.9 per cent.","",""
"Table 1 shows percentage changes in overall (Kenya) indices in January 2005","",""
"compared to December 2004 (previous month)","",""
