"","- 2 -",""
"Month","Overall New CPI","Inflation Rate"
"February 2020","107.174","7.17"
"March 2020","107.475","5.84"
"April 2020","108.495","6.01"
"May 2020","108.602","5.33"
"June 2020","108.266","4.59"
"July 2020","108.354","4.36"
"August 2020","108.573","4.36"
"September 2020","108.571","4.20"
"October 2020","109.604","4.84"
"November 2020","110.779","5.33"
"December 2020","111.866","5.62"
"January 2021","112.576","5.69"
"Table 3: National Average Retail Prices of Selected Commodities","",""
