"Kerosene/Paraffin","1 Litre","104.49","84.50","88.07","4.22","-15.72"
"Petrol","1 Litre","110.67","107.69","107.86","0.15","-2.54"
"Diesel","1 Litre","102.85","92.75","97.33","4.94",""
"","","","","","","-5.37"
"T","he month to month Food and Non-Alcoholic Drinks Index increased by 1.26","","","","",""
"per cent between December, 2020 and January, 2021. The year on year food","","","","","",""
"inflation  rose  by  7.36  per  cent  between January 2020 and  January  2021.  As","","","","","",""
"shown in Table 3, prices of cooking oil (salad), white bread and cabbages went","","","","","",""
"up by 10.40, 6.55 and 3.39 per cent, respectively. On the other hand, prices of","","","","","",""
"peas (garden, snap and snow), mangoes and tomatoes decreased by 11.61, 3.25","","","","","",""
"and 1.54 per cent, respectively.","","","","","",""
"T","he Housing, Water, Electricity, Gas and Other Fuels Index, increased by 0.31","","","","",""
"per cent during the reference period. This was mainly attributed to increases of","","","","","",""
"4.22  per  cent  and  3.18  per  cent,  in  the  cost  of  kerosene  and  electricity,","","","","","",""
"respectively.","","","","","",""
