"","Weight","","% Chang e on last","% Chang e on"
"","%","month  January","","same month of the"
"","","","2021/  December","previous year"
"","","2020","","January 2021 /"
"13 COICOP Divisions","","","","January 2020"
"Food and Non-Alcoholic Beverages","32.91","","1.26","7.36"
"Alcoholic Beverages, Tobacco and","","","",""
"Narcotics","3.33","","-0.18","2.72"
"Clothing and Footwear","2.99","","0.02","2.26"
"Housing, Water, Electricity, Gas and","","","",""
"Other Fuels","14.61","","0.31","3.09"
"Furnishings, Household Equipment and","","","",""
"Routine Household Maintenance","3.74","","0.43","3.19"
"Health","2.91","","0.13","4.45"
"Transport","9.65","","1.07","14.24"
"Information and Communication","7.78","","-0.15","0.80"
"Recreation, Sport and Culture","1.72","","0.41","2.91"
"Education Services","5.56","","0.28","1.86"
"Restaurants and Accommodation","","","",""
"Services","8.10","","-0.02","5.36"
"Insurance and Financial Services","2.24","","0.32","1.45"
"Personal Care, Social Protection and","","","",""
"Miscellaneous Goods and Services","4.45","","0.15","2.03"
"Total","100.00","","0.63","5.69"
