"Table 1 shows percentage changes in overall (Kenya) indices in January 2004",""
"compared to December 2003 (previous month).",""
"","Table 1: One Month Change in Prices"
"Broad Item Group","% Change on Previous month"
"Food and Non-Alcoholic Drink","3.6"
"Alcohol & Tobacco","0.0"
"Clothing & Footwear","0.4"
"Housing Costs","1.9"
"Fuel & Power","1.6"
"Household Goods & Services","0.6"
"Medical Goods and Services","1.6"
"Transport & Communication","0.3"
"","2.9"
"Recreation & Education",""
"","0.0"
"Personal Goods",""
