"road Commodity Group","CPI","% Change on","% Change on"
"","Weight","last month","same month of"
"","","(January 2016/","previous year"
"","","December 2015)","(January 2016/"
"","","","January 2015)"
"Food & Non-Alcoholic","","",""
"Beverages","36.04","0.47","12.71"
"Alcoholic Beverages, Tobacco","","",""
"& Narcotics","2.06","0.41","14.93"
"Clothing & Footwear","7.43","0.39","4.88"
"Housing, Water, Electricity,","","",""
"Gas and other Fuels","18.30","0.31","4.56"
"Furnishings, Household","","",""
"Equipment and Routine","","",""
"Household Maintenance","6.16","0.50","4.95"
"Health","3.13","1.73","5.55"
"Transport","8.66","-0.94","-0.24"
"Communication","3.82","0.09","1.38"
"Recreation & Culture","2.25","2.24","4.12"
"Education","3.14","3.34","4.12"
"Restaurant & Hotels","4.48","0.46","5.70"
"Miscellaneous Goods &","","",""
"Services","4.52","0.24","4.91"
"Total","100.00","0.39","7.78"
