"CPI AND INFLATION RATES FOR THE MONTH OF JANUARY","","","",""
"2011","","","",""
"The Kenya National Bureau of Statistics hereby releases the Consumer Price Indices (CPI) and","","","",""
"inflation  rates  pertaining  to  the  month  of  January  2011  (base  period,  February  2009).  The","","","",""
"numbers  have  been  generated  through  data  collected  from  selected  retail  outlets  in  25  data","","","",""
"collection zones located in 13 urban centers.  This data is normally collected within the second","","","",""
"and third weeks of the month of review.","","","",""
"As  indicated  in  Table  1,  the  CPI  increased  by  1.09  percent  from  109.38  in  December  2010  to","","","",""
"110.57 in January 2011. The overall inflation rate stood at 5.42 percent in January 2011.","","","",""
"Table 1: One Month and Twelve Months Changes in the Price Indices","","","",""
"Broad Commodity Group","New","CPI","% Change on","% Change on"
