"Petrol","1 litre","104.99","109.91","110.61","0.64","5.35"
"Diesel","1 litre","103.10","102.28","102.81","0.52","-0.28"
"F","ood  and  Non-Alcoholic  Drinks’  Index  increased  by  0.39  per  cent  between","","","","",""
"December  2019  and  January  2020  mainly  driven  by  increase  in  prices  of","","","","","",""
"some  food  items  outweighing  decrease  registered  in  others.  For  instance,  as","","","","","",""
"shown  in  Table  3,  prices  of  onions,  spinach  and  carrots  increased  by  5.25,","","","","","",""
"4.38 and 3.22 per cent, respectively.  However, during the same period, prices","","","","","",""
"of green grams and cooking fat dropped by 0.99 per cent and 0.36 per cent,","","","","","",""
"respectively.","","","","","",""
