"Broad Commodity Group","Weight","% Change on last","% Change on same"
"","","month  Jan","month of previous"
"","","2020/ Dec","year (Jan 2020"
"","","2019 )","/Jan 2019)"
"Food and Non-Alcoholic Beverages","36.04","0.39","9.60"
"Alcoholic Beverages, Tobacco and Narcotics","","",""
"","2.06","0.86","8.07"
"Clothing and Footwear","7.43","0.36","1.78"
"Housing, Water, Electricity, Gas and other","","",""
"Fuels","18.30","0.45","2.66"
"Furnishings, Household Equipment and","","",""
"Routine Household Maintenance","6.16","0.04","1.09"
"Health","3.13","0.35","1.19"
"Transport","8.66","-0.04","4.16"
"Communication","3.82","0.00","0.19"
"Recreation and Culture","2.25","0.19","0.36"
"Education","3.14","1.26","1.65"
"Restaurant and Hotels","4.48","0.36","2.32"
"Miscellaneous Goods and Services","4.52","0.06","1.34"
"Total","100.00","0.31","5.78"
