"","","% Change on","% Change on"
"","","last month","same month of"
"Broad Commodity Group","Weight","",""
"","","(Jan19","previous year"
"","","/Dec18)","(Jan19 /Jan18)"
"Food and Non-Alcoholic Beverages","36.04","0.78","1.62"
"Alcoholic Beverages, Tobacco and","","",""
"Narcotics","2.06","0.21","6.48"
"Clothing and Footwear","7.43","0.10","2.80"
"Housing, Water, Electricity, Gas and","","",""
"other Fuels","18.30","0.20","12.68"
"Furnishings, Household Equipment","","",""
"and Routine Household Maintenance","","",""
"","6.16","0.18","3.58"
"Health","3.13","0.35","4.52"
"Transport","8.66","-1.40","11.05"
"Communication","3.82","0.10","4.69"
"Recreation and Culture","2.25","0.07","0.90"
"Education","3.14","0.99","1.48"
"Restaurant and Hotels","4.48","0.16","3.36"
"Miscellaneous Goods and Services","4.52","0.39","3.52"
"Total","100.00","0.35","4.70"
