"Broad Commodity Group","CPI","% Change on","% Change on"
"","Weight","last month","same month of"
"","","(Jan 2015/","previous year"
"","","Dec 2014)","(Jan 2015/ Jan"
"","","","2014)"
"Food & Non-Alcoholic Beverages","36.04","0.96","7.67"
"Alcoholic Beverages, Tobacco &","","0.47","1.87"
"","2.06","",""
"Narcotics","","",""
"Clothing & Footwear","7.43","0.55","4.36"
"Housing, Water, Electricity, Gas","","0.55","4.11"
"","18.30","",""
"and other Fuels","","",""
"Furnishings, Household","","",""
"Equipment and Routine","6.16","0.42","4.54"
"Household Maintenance","","",""
"Health","3.13","0.89","4.96"
"Transport","8.66","-1.39","5.31"
"Communication","3.82","0.06","0.50"
"Recreation & Culture","2.25","0.51","3.44"
"Education","3.14","3.28","4.88"
"Restaurant & Hotels","4.48","0.07","4.92"
"Miscellaneous Goods & Services","4.52","0.29","4.31"
"","100.00","0.61","5.53"
"Total","","",""
