"Between  December  2016  and  January  2017,  Food  and  Non-Alcoholic  Drinks’"
"Index  increased  by  1.66  per  cent.  This  was  mainly  attributed  to  increases  in"
"prices  of  cabbages,  spinach,  sukuma  wiki,  maize  flour,  wheat  flour,  and  maize"
"grain which were partly contributed by prevailing drought conditions. The year"
"on year food inflation stood at 12.54 per cent in January 2017."
"O
ver  the  same  review  period,  Housing, Water,  Electricity, Gas  and  Other  Fuels’"
"Index, increased by 0.33 per cent. As indicated in Table 3 above, this was partly"
"due to increases in cost of electricity, house rents and charcoal which outweighed"
"price decreases in the cost of cooking gas and kerosene."
"D
espite a notable decrease in the cost of diesel, the Transport Index increased by"
"0.60  per  cent  in  January  2017  compared  to  December  2016.  Similarly,  the"
"Education cost Index recorded a month to month inflation rate of 2.28 per cent"
"within the same period."
