"","CONSUMER PRICE INDICES AND INFLATION RATES FOR JANUARY 2017",""
"K","enya National Bureau of Statistics hereby releases Consumer Price Indices (CPI)",""
"and  rates  of  inflation  for  January,  2017.  These  numbers  have  been  generated","",""
"using  data  collected  during  the  second  and  third  weeks  of  the  month  under","",""
"review. The   prices   were   obtained   from   selected   retail   outlets   in   25   data","",""
"collection zones which are located in Nairobi and in 13 other urban centers.","",""
"A","s  shown  in  Tables  1  and  2,  the  CPI  increased  from 175.18 in December 2016",""
"to  176.93  in  January  2017.  The  overall inflation  rate  stood at  6.99  per  cent  in","",""
"January 2017.","",""
"Table 1: One Month and Twelve Months’ Changes in the Price Indices","",""
"","% Change on","% Change on same"
