"January 2017.","","","",""
"Table 1: One Month and Twelve Months’ Changes in the Price Indices","","","",""
"","","% Change on","","% Change on same"
"","","last month","","month of previous"
"","CPI","","",""
"Broad Commodity Group","","(January 2017/","year (January",""
"","Weight","","",""
"","","December","","2017/ January"
"","","2016)","2016)",""
"Food & Non-Alcoholic Beverages","36.04","1.66","","12.54"
"","2.06","","",""
"Alcoholic Beverages, Tobacco & Narcotics","","0.55","","2.87"
"Clothing & Footwear","7.43","0.07","","4.04"
"Housing, Water, Electricity, Gas and other","","","",""
"Fuels","18.3","0.33","","0.07"
"Furnishings, Household Equipment and","","","",""
"Routine Household Maintenance","6.16","0.20","","2.95"
"Health","3.13","0.92","","2.26"
"Transport","8.66","0.60","","1.85"
"Communication","3.82","0.01","","1.46"
"Recreation & Culture","2.25","0.10","","2.23"
"Education","3.14","2.28","","2.96"
"Restaurant & Hotels","4.48","0.00","","4.50"
"Miscellaneous Goods & Services","4.52","0.23","","3.56"
"Total","100","1.00","","6.99"
