"was mainly attributed to increase in prices of some food items, which outweighed the","",""
"decrease in prices of others.","",""
"T
able 1:  Overall CPI and Rates of Inflation","",""
"","","Base Feb 2019=100"
"Month","Overall CPI","Inflation Rate"
"January 2021","112.576","5.69"
"February 2021","113.365","5.78"
"March 2021","113.814","5.90"
"April 2021","114.746","5.76"
"May 2021","114.977","5.87"
"June 2021","115.110","6.32"
"July 2021","115.446","6.55"
"August 2021","115.710","6.57"
"September 2021","116.077","6.91"
"October 2021","116.674","6.45"
"November 2021","117.203","5.80"
"December 2021","118.274","5.73"
"January 2022","118.642","5.39"
