"","","last month","month of the"
"","","January 2022/","previous year January"
"","","December 2021","2022/January 2021"
"13 COICOP Divisions","","",""
"Food and Non-Alcoholic Beverages","32.91","1.07","8.89"
"Alcoholic Beverages, Tobacco and Narcotics","3.33","0.17","3.47"
"Clothing and Footwear","2.99","-0.02","2.06"
"Housing, Water, Electricity, Gas and Other Fuels","14.61","-0.75","5.11"
"Furnishings, Household Equipment and Routine","","",""
"Household Maintenance","3.74","0.69","4.95"
"Health","2.91","0.12","0.94"
"Transport","9.65","-0.11","6.84"
"Information and Communication","7.78","0.10","2.48"
"Recreation, Sport and Culture","1.72","0.00","0.68"
"Education Services","5.56","0.02","1.02"
"Restaurants and Accommodation Services","8.10","0.04","0.21"
"Insurance and Financial Services","2.24","0.03","0.60"
"Personal Care, Social Protection and Miscellaneous","","",""
"Goods and Services","4.45","0.09","2.77"
"Total","100.00","0.31","5.39"
