"Table 2 shows percentage changes in indices of broad categories of items in","","","",""
"the month of December 2005 compared to last year (December 2004).","","","",""
"","","December","January",""
"","","2005","2006","Percentage"
"Commodity","Unit","","",""
"","","Average","Average","Change"
"","","Price","Price",""
"Kale (Sukuma Wiki)","1 Kg","24.45","38.83","58.8"
"Cabbages","1 Kg","17.91","25.57","42.8"
"English Potatoes","1 Kg","21.38","27.13","26.9"
"Green gramss","1 Kg","58.07","71.62","23.4"
"Milk","","","",""
"","½ Litre","25.60","29.03","13.4"
