"Table  1 shows percentage changes in  indices of broad categories of  items in",""
"the month of January 2006 compared to December 2005 (previous month).",""
"","Table 1: One Month Change in Prices"
"Broad Item Group","% Change on Previous month"
"","14.7"
"Food and Non-Alcoholic Drink",""
"","1.7"
"Alcohol & Tobacco",""
"","-0.2"
"Clothing & Footwear",""
"","0.4"
"Housing Costs",""
"","0.6"
"Fuel & Power",""
"","0.5"
"Household Goods & Services",""
"","-0.1"
"Medical Goods and Services",""
"","0.1"
"Transport & Communication",""
"","0.8"
"Recreation & Education",""
"","-0.3"
"Personal Goods",""
