"","Weight %","% Change on last","","% Change on same"
"","","month (January","","month of the"
"","","2023/","","previous year"
"","","December 2022)","","(January 2023/"
"","","","","January 2022)"
"13 COICOP Divisions","","","",""
"Food and Non-Alcoholic Beverages","32.9094","","0.2","12.8"
"Alcoholic Beverages, Tobacco and Narcotics","3.3289","","1.0","8.0"
"Clothing and Footwear","2.9914","","0.1","3.2"
"Housing, Water, Electricity, Gas and Other Fuels","14.6124","","0.3","7.3"
"Furnishings, Household Equipment and Routine","","","",""
"Household Maintenance","3.7372","","0.2","9.3"
"Health","2.9116","","0.5","2.1"
"Transport","9.6468","","0.0","13.1"
"Information and Communication","7.7840","","0.1","1.1"
"Recreation, Sport and Culture","1.7219","","1.0","5.6"
"Education Services","5.5620","","0.9","2.1"
"Restaurants and Accommodation Services","8.0991","","0.1","6.5"
"Insurance and Financial Services","2.2423","","0.0","1.3"
"Personal Care, Social Protection and Miscellaneous","","","",""
"Goods and Services","4.4532","","0.5","7.5"
"Total","100.00","","0.2","9.0"
