"C","ONSUMER PRICE INDICES AND INFLATION RATES FOR JANUARY 2023",""
"T","he overall year on year inflation rate as measured by the Consumer Price Index",""
"(CPI) was 9.0 per cent, in January 2023. As presented in Tables 1 and 2, the rise","",""
"in inflation was largely due to increase in prices of commodities under transport","",""
"(13.1%);","food  and  non-alcoholic  beverages","(12.8%);  and  housing,  water,"
"electricity, gas and other fuels (7.3%) between January 2022 and January 2023.","",""
"These three divisions account for over 57 per cent of the weights of the 13 broad","",""
"categories.  Prices of commodities under furnishings, household equipment and","",""
"routine household maintenance recorded a 9.3 per cent increase over the period.","",""
"T","he CPI increased by 0.2 per cent from an index of 128.99 in December 2022 to",""
"129.29 
in","January  2023.  The  month-to-month","Food 
and  Non-Alcoholic"
"Beverages Index increased by 0.2 per cent between December 2022 and January","",""
"2023.","",""
