"","","(January 2013/","Previous Year"
"","","December 2012)","(January"
"","","","2013/ January"
"","","","2012)"
"Food & Non-Alcoholic Beverages","36.04","1.24","2.40"
"Alcoholic Beverages, Tobacco & Narcotics","2.06","0.41","4.56"
"Clothing & Footwear","7.43","0.46","5.89"
"Housing, Water, Electricity, Gas and other","","",""
"Fuels","18.30","1.06","4.48"
"Furnishings, Household Equipment","","",""
"and Routine Household Maintenance","6.16","0.31","4.67"
"Health","3.13","1.22","4.33"
"Transport","8.66","0.61","2.81"
"Communication","3.82","0.00","0.13"
"Recreation & Culture","2.25","1.49","4.51"
"Education","3.14","4.30","6.67"
"Restaurant & Hotels","4.48","0.52","7.93"
"Miscellaneous Goods & Services","4.52","0.35","4.88"
"Total","100.00","1.02","3.67"
